co_seq_municipio,co_seq_macroregiao,co_seq_distrito,co_seq_mesoregiao,co_seq_uf,co_seq_regional,co_seq_polo,co_seq_microregiao,co_seq_consorcio,co_ibge,no_municipio,dst_centro_referencia,obs_municipio,dt_hr_ultima_alteracao,aut_ultima_alteracao,dt_hr_registro,aut_registro
1,,,,11,,,,,1100015,Alta Floresta D'Oeste,0,,20130501000000,Implantação,20130501000000,Implantação
2,,,,11,,,,,1100023,Ariquemes,0,,20130501000000,Implantação,20130501000000,Implantação
3,,,,11,,,,,1100031,Cabixi,0,,20130501000000,Implantação,20130501000000,Implantação
4,,,,11,,,,,1100049,Cacoal,0,,20130501000000,Implantação,20130501000000,Implantação
5,,,,11,,,,,1100056,Cerejeiras,0,,20130501000000,Implantação,20130501000000,Implantação
6,,,,11,,,,,1100064,Colorado do Oeste,0,,20130501000000,Implantação,20130501000000,Implantação
7,,,,11,,,,,1100072,Corumbiara,0,,20130501000000,Implantação,20130501000000,Implantação
8,,,,11,,,,,1100080,Costa Marques,0,,20130501000000,Implantação,20130501000000,Implantação
9,,,,11,,,,,1100098,Espigão D'Oeste,0,,20130501000000,Implantação,20130501000000,Implantação
10,,,,11,,,,,1100106,Guajará-Mirim,0,,20130501000000,Implantação,20130501000000,Implantação
11,,,,11,,,,,1100114,Jaru,0,,20130501000000,Implantação,20130501000000,Implantação
12,,,,11,,,,,1100122,Ji-Paraná,0,,20130501000000,Implantação,20130501000000,Implantação
13,,,,11,,,,,1100130,Machadinho D'Oeste,0,,20130501000000,Implantação,20130501000000,Implantação
14,,,,11,,,,,1100148,Nova Brasilândia D'Oeste,0,,20130501000000,Implantação,20130501000000,Implantação
15,,,,11,,,,,1100155,Ouro Preto do Oeste,0,,20130501000000,Implantação,20130501000000,Implantação
16,,,,11,,,,,1100189,Pimenta Bueno,0,,20130501000000,Implantação,20130501000000,Implantação
17,,,,11,,,,,1100205,Porto Velho,0,,20130501000000,Implantação,20130501000000,Implantação
18,,,,11,,,,,1100254,Presidente Médici,0,,20130501000000,Implantação,20130501000000,Implantação
19,,,,11,,,,,1100262,Rio Crespo,0,,20130501000000,Implantação,20130501000000,Implantação
20,,,,11,,,,,1100288,Rolim de Moura,0,,20130501000000,Implantação,20130501000000,Implantação
21,,,,11,,,,,1100296,Santa Luzia D'Oeste,0,,20130501000000,Implantação,20130501000000,Implantação
22,,,,11,,,,,1100304,Vilhena,0,,20130501000000,Implantação,20130501000000,Implantação
23,,,,11,,,,,1100320,São Miguel do Guaporé,0,,20130501000000,Implantação,20130501000000,Implantação
24,,,,11,,,,,1100338,Nova Mamoré,0,,20130501000000,Implantação,20130501000000,Implantação
25,,,,11,,,,,1100346,Alvorada D'Oeste,0,,20130501000000,Implantação,20130501000000,Implantação
26,,,,11,,,,,1100379,Alto Alegre dos Parecis,0,,20130501000000,Implantação,20130501000000,Implantação
27,,,,11,,,,,1100403,Alto Paraíso,0,,20130501000000,Implantação,20130501000000,Implantação
28,,,,11,,,,,1100452,Buritis,0,,20130501000000,Implantação,20130501000000,Implantação
29,,,,11,,,,,1100502,Novo Horizonte do Oeste,0,,20130501000000,Implantação,20130501000000,Implantação
30,,,,11,,,,,1100601,Cacaulândia,0,,20130501000000,Implantação,20130501000000,Implantação
31,,,,11,,,,,1100700,Campo Novo de Rondônia,0,,20130501000000,Implantação,20130501000000,Implantação
32,,,,11,,,,,1100809,Candeias do Jamari,0,,20130501000000,Implantação,20130501000000,Implantação
33,,,,11,,,,,1100908,Castanheiras,0,,20130501000000,Implantação,20130501000000,Implantação
34,,,,11,,,,,1100924,Chupinguaia,0,,20130501000000,Implantação,20130501000000,Implantação
35,,,,11,,,,,1100940,Cujubim,0,,20130501000000,Implantação,20130501000000,Implantação
36,,,,11,,,,,1101005,Governador Jorge Teixeira,0,,20130501000000,Implantação,20130501000000,Implantação
37,,,,11,,,,,1101104,Itapuã do Oeste,0,,20130501000000,Implantação,20130501000000,Implantação
38,,,,11,,,,,1101203,Ministro Andreazza,0,,20130501000000,Implantação,20130501000000,Implantação
39,,,,11,,,,,1101302,Mirante da Serra,0,,20130501000000,Implantação,20130501000000,Implantação
40,,,,11,,,,,1101401,Monte Negro,0,,20130501000000,Implantação,20130501000000,Implantação
41,,,,11,,,,,1101435,Nova União,0,,20130501000000,Implantação,20130501000000,Implantação
42,,,,11,,,,,1101450,Parecis,0,,20130501000000,Implantação,20130501000000,Implantação
43,,,,11,,,,,1101468,Pimenteiras do Oeste,0,,20130501000000,Implantação,20130501000000,Implantação
44,,,,11,,,,,1101476,Primavera de Rondônia,0,,20130501000000,Implantação,20130501000000,Implantação
45,,,,11,,,,,1101484,São Felipe D'Oeste,0,,20130501000000,Implantação,20130501000000,Implantação
46,,,,11,,,,,1101492,São Francisco do Guaporé,0,,20130501000000,Implantação,20130501000000,Implantação
47,,,,11,,,,,1101500,Seringueiras,0,,20130501000000,Implantação,20130501000000,Implantação
48,,,,11,,,,,1101559,Teixeirópolis,0,,20130501000000,Implantação,20130501000000,Implantação
49,,,,11,,,,,1101609,Theobroma,0,,20130501000000,Implantação,20130501000000,Implantação
50,,,,11,,,,,1101708,Urupá,0,,20130501000000,Implantação,20130501000000,Implantação
51,,,,11,,,,,1101757,Vale do Anari,0,,20130501000000,Implantação,20130501000000,Implantação
52,,,,11,,,,,1101807,Vale do Paraíso,0,,20130501000000,Implantação,20130501000000,Implantação
53,,,,12,,,,,1200013,Acrelândia,0,,20130501000000,Implantação,20130501000000,Implantação
54,,,,12,,,,,1200054,Assis Brasil,0,,20130501000000,Implantação,20130501000000,Implantação
55,,,,12,,,,,1200104,Brasiléia,0,,20130501000000,Implantação,20130501000000,Implantação
56,,,,12,,,,,1200138,Bujari,0,,20130501000000,Implantação,20130501000000,Implantação
57,,,,12,,,,,1200179,Capixaba,0,,20130501000000,Implantação,20130501000000,Implantação
58,,,,12,,,,,1200203,Cruzeiro do Sul,0,,20130501000000,Implantação,20130501000000,Implantação
59,,,,12,,,,,1200252,Epitaciolândia,0,,20130501000000,Implantação,20130501000000,Implantação
60,,,,12,,,,,1200302,Feijó,0,,20130501000000,Implantação,20130501000000,Implantação
61,,,,12,,,,,1200328,Jordão,0,,20130501000000,Implantação,20130501000000,Implantação
62,,,,12,,,,,1200336,Mâncio Lima,0,,20130501000000,Implantação,20130501000000,Implantação
63,,,,12,,,,,1200344,Manoel Urbano,0,,20130501000000,Implantação,20130501000000,Implantação
64,,,,12,,,,,1200351,Marechal Thaumaturgo,0,,20130501000000,Implantação,20130501000000,Implantação
65,,,,12,,,,,1200385,Plácido de Castro,0,,20130501000000,Implantação,20130501000000,Implantação
66,,,,12,,,,,1200393,Porto Walter,0,,20130501000000,Implantação,20130501000000,Implantação
67,,,,12,,,,,1200401,Rio Branco,0,,20130501000000,Implantação,20130501000000,Implantação
68,,,,12,,,,,1200427,Rodrigues Alves,0,,20130501000000,Implantação,20130501000000,Implantação
69,,,,12,,,,,1200435,Santa Rosa do Purus,0,,20130501000000,Implantação,20130501000000,Implantação
70,,,,12,,,,,1200450,Senador Guiomard,0,,20130501000000,Implantação,20130501000000,Implantação
71,,,,12,,,,,1200500,Sena Madureira,0,,20130501000000,Implantação,20130501000000,Implantação
72,,,,12,,,,,1200609,Tarauacá,0,,20130501000000,Implantação,20130501000000,Implantação
73,,,,12,,,,,1200708,Xapuri,0,,20130501000000,Implantação,20130501000000,Implantação
74,,,,12,,,,,1200807,Porto Acre,0,,20130501000000,Implantação,20130501000000,Implantação
75,,,,13,,,,,1300029,Alvarães,0,,20130501000000,Implantação,20130501000000,Implantação
76,,,,13,,,,,1300060,Amaturá,0,,20130501000000,Implantação,20130501000000,Implantação
77,,,,13,,,,,1300086,Anamã,0,,20130501000000,Implantação,20130501000000,Implantação
78,,,,13,,,,,1300102,Anori,0,,20130501000000,Implantação,20130501000000,Implantação
79,,,,13,,,,,1300144,Apuí,0,,20130501000000,Implantação,20130501000000,Implantação
80,,,,13,,,,,1300201,Atalaia do Norte,0,,20130501000000,Implantação,20130501000000,Implantação
81,,,,13,,,,,1300300,Autazes,0,,20130501000000,Implantação,20130501000000,Implantação
82,,,,13,,,,,1300409,Barcelos,0,,20130501000000,Implantação,20130501000000,Implantação
83,,,,13,,,,,1300508,Barreirinha,0,,20130501000000,Implantação,20130501000000,Implantação
84,,,,13,,,,,1300607,Benjamin Constant,0,,20130501000000,Implantação,20130501000000,Implantação
85,,,,13,,,,,1300631,Beruri,0,,20130501000000,Implantação,20130501000000,Implantação
86,,,,13,,,,,1300680,Boa Vista do Ramos,0,,20130501000000,Implantação,20130501000000,Implantação
87,,,,13,,,,,1300706,Boca do Acre,0,,20130501000000,Implantação,20130501000000,Implantação
88,,,,13,,,,,1300805,Borba,0,,20130501000000,Implantação,20130501000000,Implantação
89,,,,13,,,,,1300839,Caapiranga,0,,20130501000000,Implantação,20130501000000,Implantação
90,,,,13,,,,,1300904,Canutama,0,,20130501000000,Implantação,20130501000000,Implantação
91,,,,13,,,,,1301001,Carauari,0,,20130501000000,Implantação,20130501000000,Implantação
92,,,,13,,,,,1301100,Careiro,0,,20130501000000,Implantação,20130501000000,Implantação
93,,,,13,,,,,1301159,Careiro da Várzea,0,,20130501000000,Implantação,20130501000000,Implantação
94,,,,13,,,,,1301209,Coari,0,,20130501000000,Implantação,20130501000000,Implantação
95,,,,13,,,,,1301308,Codajás,0,,20130501000000,Implantação,20130501000000,Implantação
96,,,,13,,,,,1301407,Eirunepé,0,,20130501000000,Implantação,20130501000000,Implantação
97,,,,13,,,,,1301506,Envira,0,,20130501000000,Implantação,20130501000000,Implantação
98,,,,13,,,,,1301605,Fonte Boa,0,,20130501000000,Implantação,20130501000000,Implantação
99,,,,13,,,,,1301654,Guajará,0,,20130501000000,Implantação,20130501000000,Implantação
100,,,,13,,,,,1301704,Humaitá,0,,20130501000000,Implantação,20130501000000,Implantação
101,,,,13,,,,,1301803,Ipixuna,0,,20130501000000,Implantação,20130501000000,Implantação
102,,,,13,,,,,1301852,Iranduba,0,,20130501000000,Implantação,20130501000000,Implantação
103,,,,13,,,,,1301902,Itacoatiara,0,,20130501000000,Implantação,20130501000000,Implantação
104,,,,13,,,,,1301951,Itamarati,0,,20130501000000,Implantação,20130501000000,Implantação
105,,,,13,,,,,1302009,Itapiranga,0,,20130501000000,Implantação,20130501000000,Implantação
106,,,,13,,,,,1302108,Japurá,0,,20130501000000,Implantação,20130501000000,Implantação
107,,,,13,,,,,1302207,Juruá,0,,20130501000000,Implantação,20130501000000,Implantação
108,,,,13,,,,,1302306,Jutaí,0,,20130501000000,Implantação,20130501000000,Implantação
109,,,,13,,,,,1302405,Lábrea,0,,20130501000000,Implantação,20130501000000,Implantação
110,,,,13,,,,,1302504,Manacapuru,0,,20130501000000,Implantação,20130501000000,Implantação
111,,,,13,,,,,1302553,Manaquiri,0,,20130501000000,Implantação,20130501000000,Implantação
112,,,,13,,,,,1302603,Manaus,0,,20130501000000,Implantação,20130501000000,Implantação
113,,,,13,,,,,1302702,Manicoré,0,,20130501000000,Implantação,20130501000000,Implantação
114,,,,13,,,,,1302801,Maraã,0,,20130501000000,Implantação,20130501000000,Implantação
115,,,,13,,,,,1302900,Maués,0,,20130501000000,Implantação,20130501000000,Implantação
116,,,,13,,,,,1303007,Nhamundá,0,,20130501000000,Implantação,20130501000000,Implantação
117,,,,13,,,,,1303106,Nova Olinda do Norte,0,,20130501000000,Implantação,20130501000000,Implantação
118,,,,13,,,,,1303205,Novo Airão,0,,20130501000000,Implantação,20130501000000,Implantação
119,,,,13,,,,,1303304,Novo Aripuanã,0,,20130501000000,Implantação,20130501000000,Implantação
120,,,,13,,,,,1303403,Parintins,0,,20130501000000,Implantação,20130501000000,Implantação
121,,,,13,,,,,1303502,Pauini,0,,20130501000000,Implantação,20130501000000,Implantação
122,,,,13,,,,,1303536,Presidente Figueiredo,0,,20130501000000,Implantação,20130501000000,Implantação
123,,,,13,,,,,1303569,Rio Preto da Eva,0,,20130501000000,Implantação,20130501000000,Implantação
124,,,,13,,,,,1303601,Santa Isabel do Rio Negro,0,,20130501000000,Implantação,20130501000000,Implantação
125,,,,13,,,,,1303700,Santo Antônio do Içá,0,,20130501000000,Implantação,20130501000000,Implantação
126,,,,13,,,,,1303809,São Gabriel da Cachoeira,0,,20130501000000,Implantação,20130501000000,Implantação
127,,,,13,,,,,1303908,São Paulo de Olivença,0,,20130501000000,Implantação,20130501000000,Implantação
128,,,,13,,,,,1303957,São Sebastião do Uatumã,0,,20130501000000,Implantação,20130501000000,Implantação
129,,,,13,,,,,1304005,Silves,0,,20130501000000,Implantação,20130501000000,Implantação
130,,,,13,,,,,1304062,Tabatinga,0,,20130501000000,Implantação,20130501000000,Implantação
131,,,,13,,,,,1304104,Tapauá,0,,20130501000000,Implantação,20130501000000,Implantação
132,,,,13,,,,,1304203,Tefé,0,,20130501000000,Implantação,20130501000000,Implantação
133,,,,13,,,,,1304237,Tonantins,0,,20130501000000,Implantação,20130501000000,Implantação
134,,,,13,,,,,1304260,Uarini,0,,20130501000000,Implantação,20130501000000,Implantação
135,,,,13,,,,,1304302,Urucará,0,,20130501000000,Implantação,20130501000000,Implantação
136,,,,13,,,,,1304401,Urucurituba,0,,20130501000000,Implantação,20130501000000,Implantação
137,,,,14,,,,,1400027,Amajari,0,,20130501000000,Implantação,20130501000000,Implantação
138,,,,14,,,,,1400050,Alto Alegre,0,,20130501000000,Implantação,20130501000000,Implantação
139,,,,14,,,,,1400100,Boa Vista,0,,20130501000000,Implantação,20130501000000,Implantação
140,,,,14,,,,,1400159,Bonfim,0,,20130501000000,Implantação,20130501000000,Implantação
141,,,,14,,,,,1400175,Cantá,0,,20130501000000,Implantação,20130501000000,Implantação
142,,,,14,,,,,1400209,Caracaraí,0,,20130501000000,Implantação,20130501000000,Implantação
143,,,,14,,,,,1400233,Caroebe,0,,20130501000000,Implantação,20130501000000,Implantação
144,,,,14,,,,,1400282,Iracema,0,,20130501000000,Implantação,20130501000000,Implantação
145,,,,14,,,,,1400308,Mucajaí,0,,20130501000000,Implantação,20130501000000,Implantação
146,,,,14,,,,,1400407,Normandia,0,,20130501000000,Implantação,20130501000000,Implantação
147,,,,14,,,,,1400456,Pacaraima,0,,20130501000000,Implantação,20130501000000,Implantação
148,,,,14,,,,,1400472,Rorainópolis,0,,20130501000000,Implantação,20130501000000,Implantação
149,,,,14,,,,,1400506,São João da Baliza,0,,20130501000000,Implantação,20130501000000,Implantação
150,,,,14,,,,,1400605,São Luiz,0,,20130501000000,Implantação,20130501000000,Implantação
151,,,,14,,,,,1400704,Uiramutã,0,,20130501000000,Implantação,20130501000000,Implantação
152,,,,15,,,,,1500107,Abaetetuba,0,,20130501000000,Implantação,20130501000000,Implantação
153,,,,15,,,,,1500131,Abel Figueiredo,0,,20130501000000,Implantação,20130501000000,Implantação
154,,,,15,,,,,1500206,Acará,0,,20130501000000,Implantação,20130501000000,Implantação
155,,,,15,,,,,1500305,Afuá,0,,20130501000000,Implantação,20130501000000,Implantação
156,,,,15,,,,,1500347,Água Azul do Norte,0,,20130501000000,Implantação,20130501000000,Implantação
157,,,,15,,,,,1500404,Alenquer,0,,20130501000000,Implantação,20130501000000,Implantação
158,,,,15,,,,,1500503,Almeirim,0,,20130501000000,Implantação,20130501000000,Implantação
159,,,,15,,,,,1500602,Altamira,0,,20130501000000,Implantação,20130501000000,Implantação
160,,,,15,,,,,1500701,Anajás,0,,20130501000000,Implantação,20130501000000,Implantação
161,,,,15,,,,,1500800,Ananindeua,0,,20130501000000,Implantação,20130501000000,Implantação
162,,,,15,,,,,1500859,Anapu,0,,20130501000000,Implantação,20130501000000,Implantação
163,,,,15,,,,,1500909,Augusto Corrêa,0,,20130501000000,Implantação,20130501000000,Implantação
164,,,,15,,,,,1500958,Aurora do Pará,0,,20130501000000,Implantação,20130501000000,Implantação
165,,,,15,,,,,1501006,Aveiro,0,,20130501000000,Implantação,20130501000000,Implantação
166,,,,15,,,,,1501105,Bagre,0,,20130501000000,Implantação,20130501000000,Implantação
167,,,,15,,,,,1501204,Baião,0,,20130501000000,Implantação,20130501000000,Implantação
168,,,,15,,,,,1501253,Bannach,0,,20130501000000,Implantação,20130501000000,Implantação
169,,,,15,,,,,1501303,Barcarena,0,,20130501000000,Implantação,20130501000000,Implantação
170,,,,15,,,,,1501402,Belém,0,,20130501000000,Implantação,20130501000000,Implantação
171,,,,15,,,,,1501451,Belterra,0,,20130501000000,Implantação,20130501000000,Implantação
172,,,,15,,,,,1501501,Benevides,0,,20130501000000,Implantação,20130501000000,Implantação
173,,,,15,,,,,1501576,Bom Jesus do Tocantins,0,,20130501000000,Implantação,20130501000000,Implantação
174,,,,15,,,,,1501600,Bonito,0,,20130501000000,Implantação,20130501000000,Implantação
175,,,,15,,,,,1501709,Bragança,0,,20130501000000,Implantação,20130501000000,Implantação
176,,,,15,,,,,1501725,Brasil Novo,0,,20130501000000,Implantação,20130501000000,Implantação
177,,,,15,,,,,1501758,Brejo Grande do Araguaia,0,,20130501000000,Implantação,20130501000000,Implantação
178,,,,15,,,,,1501782,Breu Branco,0,,20130501000000,Implantação,20130501000000,Implantação
179,,,,15,,,,,1501808,Breves,0,,20130501000000,Implantação,20130501000000,Implantação
180,,,,15,,,,,1501907,Bujaru,0,,20130501000000,Implantação,20130501000000,Implantação
181,,,,15,,,,,1501956,Cachoeira do Piriá,0,,20130501000000,Implantação,20130501000000,Implantação
182,,,,15,,,,,1502004,Cachoeira do Arari,0,,20130501000000,Implantação,20130501000000,Implantação
183,,,,15,,,,,1502103,Cametá,0,,20130501000000,Implantação,20130501000000,Implantação
184,,,,15,,,,,1502152,Canaã dos Carajás,0,,20130501000000,Implantação,20130501000000,Implantação
185,,,,15,,,,,1502202,Capanema,0,,20130501000000,Implantação,20130501000000,Implantação
186,,,,15,,,,,1502301,Capitão Poço,0,,20130501000000,Implantação,20130501000000,Implantação
187,,,,15,,,,,1502400,Castanhal,0,,20130501000000,Implantação,20130501000000,Implantação
188,,,,15,,,,,1502509,Chaves,0,,20130501000000,Implantação,20130501000000,Implantação
189,,,,15,,,,,1502608,Colares,0,,20130501000000,Implantação,20130501000000,Implantação
190,,,,15,,,,,1502707,Conceição do Araguaia,0,,20130501000000,Implantação,20130501000000,Implantação
191,,,,15,,,,,1502756,Concórdia do Pará,0,,20130501000000,Implantação,20130501000000,Implantação
192,,,,15,,,,,1502764,Cumaru do Norte,0,,20130501000000,Implantação,20130501000000,Implantação
193,,,,15,,,,,1502772,Curionópolis,0,,20130501000000,Implantação,20130501000000,Implantação
194,,,,15,,,,,1502806,Curralinho,0,,20130501000000,Implantação,20130501000000,Implantação
195,,,,15,,,,,1502855,Curuá,0,,20130501000000,Implantação,20130501000000,Implantação
196,,,,15,,,,,1502905,Curuçá,0,,20130501000000,Implantação,20130501000000,Implantação
197,,,,15,,,,,1502939,Dom Eliseu,0,,20130501000000,Implantação,20130501000000,Implantação
198,,,,15,,,,,1502954,Eldorado dos Carajás,0,,20130501000000,Implantação,20130501000000,Implantação
199,,,,15,,,,,1503002,Faro,0,,20130501000000,Implantação,20130501000000,Implantação
200,,,,15,,,,,1503044,Floresta do Araguaia,0,,20130501000000,Implantação,20130501000000,Implantação
201,,,,15,,,,,1503077,Garrafão do Norte,0,,20130501000000,Implantação,20130501000000,Implantação
202,,,,15,,,,,1503093,Goianésia do Pará,0,,20130501000000,Implantação,20130501000000,Implantação
203,,,,15,,,,,1503101,Gurupá,0,,20130501000000,Implantação,20130501000000,Implantação
204,,,,15,,,,,1503200,Igarapé-Açu,0,,20130501000000,Implantação,20130501000000,Implantação
205,,,,15,,,,,1503309,Igarapé-Miri,0,,20130501000000,Implantação,20130501000000,Implantação
206,,,,15,,,,,1503408,Inhangapi,0,,20130501000000,Implantação,20130501000000,Implantação
207,,,,15,,,,,1503457,Ipixuna do Pará,0,,20130501000000,Implantação,20130501000000,Implantação
208,,,,15,,,,,1503507,Irituia,0,,20130501000000,Implantação,20130501000000,Implantação
209,,,,15,,,,,1503606,Itaituba,0,,20130501000000,Implantação,20130501000000,Implantação
210,,,,15,,,,,1503705,Itupiranga,0,,20130501000000,Implantação,20130501000000,Implantação
211,,,,15,,,,,1503754,Jacareacanga,0,,20130501000000,Implantação,20130501000000,Implantação
212,,,,15,,,,,1503804,Jacundá,0,,20130501000000,Implantação,20130501000000,Implantação
213,,,,15,,,,,1503903,Juruti,0,,20130501000000,Implantação,20130501000000,Implantação
214,,,,15,,,,,1504000,Limoeiro do Ajuru,0,,20130501000000,Implantação,20130501000000,Implantação
215,,,,15,,,,,1504059,Mãe do Rio,0,,20130501000000,Implantação,20130501000000,Implantação
216,,,,15,,,,,1504109,Magalhães Barata,0,,20130501000000,Implantação,20130501000000,Implantação
217,,,,15,,,,,1504208,Marabá,0,,20130501000000,Implantação,20130501000000,Implantação
218,,,,15,,,,,1504307,Maracanã,0,,20130501000000,Implantação,20130501000000,Implantação
219,,,,15,,,,,1504406,Marapanim,0,,20130501000000,Implantação,20130501000000,Implantação
220,,,,15,,,,,1504422,Marituba,0,,20130501000000,Implantação,20130501000000,Implantação
221,,,,15,,,,,1504455,Medicilândia,0,,20130501000000,Implantação,20130501000000,Implantação
222,,,,15,,,,,1504505,Melgaço,0,,20130501000000,Implantação,20130501000000,Implantação
223,,,,15,,,,,1504604,Mocajuba,0,,20130501000000,Implantação,20130501000000,Implantação
224,,,,15,,,,,1504703,Moju,0,,20130501000000,Implantação,20130501000000,Implantação
225,,,,15,,,,,1504802,Monte Alegre,0,,20130501000000,Implantação,20130501000000,Implantação
226,,,,15,,,,,1504901,Muaná,0,,20130501000000,Implantação,20130501000000,Implantação
227,,,,15,,,,,1504950,Nova Esperança do Piriá,0,,20130501000000,Implantação,20130501000000,Implantação
228,,,,15,,,,,1504976,Nova Ipixuna,0,,20130501000000,Implantação,20130501000000,Implantação
229,,,,15,,,,,1505007,Nova Timboteua,0,,20130501000000,Implantação,20130501000000,Implantação
230,,,,15,,,,,1505031,Novo Progresso,0,,20130501000000,Implantação,20130501000000,Implantação
231,,,,15,,,,,1505064,Novo Repartimento,0,,20130501000000,Implantação,20130501000000,Implantação
232,,,,15,,,,,1505106,Óbidos,0,,20130501000000,Implantação,20130501000000,Implantação
233,,,,15,,,,,1505205,Oeiras do Pará,0,,20130501000000,Implantação,20130501000000,Implantação
234,,,,15,,,,,1505304,Oriximiná,0,,20130501000000,Implantação,20130501000000,Implantação
235,,,,15,,,,,1505403,Ourém,0,,20130501000000,Implantação,20130501000000,Implantação
236,,,,15,,,,,1505437,Ourilândia do Norte,0,,20130501000000,Implantação,20130501000000,Implantação
237,,,,15,,,,,1505486,Pacajá,0,,20130501000000,Implantação,20130501000000,Implantação
238,,,,15,,,,,1505494,Palestina do Pará,0,,20130501000000,Implantação,20130501000000,Implantação
239,,,,15,,,,,1505502,Paragominas,0,,20130501000000,Implantação,20130501000000,Implantação
240,,,,15,,,,,1505536,Parauapebas,0,,20130501000000,Implantação,20130501000000,Implantação
241,,,,15,,,,,1505551,Pau D'Arco,0,,20130501000000,Implantação,20130501000000,Implantação
242,,,,15,,,,,1505601,Peixe-Boi,0,,20130501000000,Implantação,20130501000000,Implantação
243,,,,15,,,,,1505635,Piçarra,0,,20130501000000,Implantação,20130501000000,Implantação
244,,,,15,,,,,1505650,Placas,0,,20130501000000,Implantação,20130501000000,Implantação
245,,,,15,,,,,1505700,Ponta de Pedras,0,,20130501000000,Implantação,20130501000000,Implantação
246,,,,15,,,,,1505809,Portel,0,,20130501000000,Implantação,20130501000000,Implantação
247,,,,15,,,,,1505908,Porto de Moz,0,,20130501000000,Implantação,20130501000000,Implantação
248,,,,15,,,,,1506005,Prainha,0,,20130501000000,Implantação,20130501000000,Implantação
249,,,,15,,,,,1506104,Primavera,0,,20130501000000,Implantação,20130501000000,Implantação
250,,,,15,,,,,1506112,Quatipuru,0,,20130501000000,Implantação,20130501000000,Implantação
251,,,,15,,,,,1506138,Redenção,0,,20130501000000,Implantação,20130501000000,Implantação
252,,,,15,,,,,1506161,Rio Maria,0,,20130501000000,Implantação,20130501000000,Implantação
253,,,,15,,,,,1506187,Rondon do Pará,0,,20130501000000,Implantação,20130501000000,Implantação
254,,,,15,,,,,1506195,Rurópolis,0,,20130501000000,Implantação,20130501000000,Implantação
255,,,,15,,,,,1506203,Salinópolis,0,,20130501000000,Implantação,20130501000000,Implantação
256,,,,15,,,,,1506302,Salvaterra,0,,20130501000000,Implantação,20130501000000,Implantação
257,,,,15,,,,,1506351,Santa Bárbara do Pará,0,,20130501000000,Implantação,20130501000000,Implantação
258,,,,15,,,,,1506401,Santa Cruz do Arari,0,,20130501000000,Implantação,20130501000000,Implantação
259,,,,15,,,,,1506500,Santa Isabel do Pará,0,,20130501000000,Implantação,20130501000000,Implantação
260,,,,15,,,,,1506559,Santa Luzia do Pará,0,,20130501000000,Implantação,20130501000000,Implantação
261,,,,15,,,,,1506583,Santa Maria das Barreiras,0,,20130501000000,Implantação,20130501000000,Implantação
262,,,,15,,,,,1506609,Santa Maria do Pará,0,,20130501000000,Implantação,20130501000000,Implantação
263,,,,15,,,,,1506708,Santana do Araguaia,0,,20130501000000,Implantação,20130501000000,Implantação
264,,,,15,,,,,1506807,Santarém,0,,20130501000000,Implantação,20130501000000,Implantação
265,,,,15,,,,,1506906,Santarém Novo,0,,20130501000000,Implantação,20130501000000,Implantação
266,,,,15,,,,,1507003,Santo Antônio do Tauá,0,,20130501000000,Implantação,20130501000000,Implantação
267,,,,15,,,,,1507102,São Caetano de Odivelas,0,,20130501000000,Implantação,20130501000000,Implantação
268,,,,15,,,,,1507151,São Domingos do Araguaia,0,,20130501000000,Implantação,20130501000000,Implantação
269,,,,15,,,,,1507201,São Domingos do Capim,0,,20130501000000,Implantação,20130501000000,Implantação
270,,,,15,,,,,1507300,São Félix do Xingu,0,,20130501000000,Implantação,20130501000000,Implantação
271,,,,15,,,,,1507409,São Francisco do Pará,0,,20130501000000,Implantação,20130501000000,Implantação
272,,,,15,,,,,1507458,São Geraldo do Araguaia,0,,20130501000000,Implantação,20130501000000,Implantação
273,,,,15,,,,,1507466,São João da Ponta,0,,20130501000000,Implantação,20130501000000,Implantação
274,,,,15,,,,,1507474,São João de Pirabas,0,,20130501000000,Implantação,20130501000000,Implantação
275,,,,15,,,,,1507508,São João do Araguaia,0,,20130501000000,Implantação,20130501000000,Implantação
276,,,,15,,,,,1507607,São Miguel do Guamá,0,,20130501000000,Implantação,20130501000000,Implantação
277,,,,15,,,,,1507706,São Sebastião da Boa Vista,0,,20130501000000,Implantação,20130501000000,Implantação
278,,,,15,,,,,1507755,Sapucaia,0,,20130501000000,Implantação,20130501000000,Implantação
279,,,,15,,,,,1507805,Senador José Porfírio,0,,20130501000000,Implantação,20130501000000,Implantação
280,,,,15,,,,,1507904,Soure,0,,20130501000000,Implantação,20130501000000,Implantação
281,,,,15,,,,,1507953,Tailândia,0,,20130501000000,Implantação,20130501000000,Implantação
282,,,,15,,,,,1507961,Terra Alta,0,,20130501000000,Implantação,20130501000000,Implantação
283,,,,15,,,,,1507979,Terra Santa,0,,20130501000000,Implantação,20130501000000,Implantação
284,,,,15,,,,,1508001,Tomé-Açu,0,,20130501000000,Implantação,20130501000000,Implantação
285,,,,15,,,,,1508035,Tracuateua,0,,20130501000000,Implantação,20130501000000,Implantação
286,,,,15,,,,,1508050,Trairão,0,,20130501000000,Implantação,20130501000000,Implantação
287,,,,15,,,,,1508084,Tucumã,0,,20130501000000,Implantação,20130501000000,Implantação
288,,,,15,,,,,1508100,Tucuruí,0,,20130501000000,Implantação,20130501000000,Implantação
289,,,,15,,,,,1508126,Ulianópolis,0,,20130501000000,Implantação,20130501000000,Implantação
290,,,,15,,,,,1508159,Uruará,0,,20130501000000,Implantação,20130501000000,Implantação
291,,,,15,,,,,1508209,Vigia,0,,20130501000000,Implantação,20130501000000,Implantação
292,,,,15,,,,,1508308,Viseu,0,,20130501000000,Implantação,20130501000000,Implantação
293,,,,15,,,,,1508357,Vitória do Xingu,0,,20130501000000,Implantação,20130501000000,Implantação
294,,,,15,,,,,1508407,Xinguara,0,,20130501000000,Implantação,20130501000000,Implantação
295,,,,16,,,,,1600055,Serra do Navio,0,,20130501000000,Implantação,20130501000000,Implantação
296,,,,16,,,,,1600105,Amapá,0,,20130501000000,Implantação,20130501000000,Implantação
297,,,,16,,,,,1600154,Pedra Branca do Amapari,0,,20130501000000,Implantação,20130501000000,Implantação
298,,,,16,,,,,1600204,Calçoene,0,,20130501000000,Implantação,20130501000000,Implantação
299,,,,16,,,,,1600212,Cutias,0,,20130501000000,Implantação,20130501000000,Implantação
300,,,,16,,,,,1600238,Ferreira Gomes,0,,20130501000000,Implantação,20130501000000,Implantação
301,,,,16,,,,,1600253,Itaubal,0,,20130501000000,Implantação,20130501000000,Implantação
302,,,,16,,,,,1600279,Laranjal do Jari,0,,20130501000000,Implantação,20130501000000,Implantação
303,,,,16,,,,,1600303,Macapá,0,,20130501000000,Implantação,20130501000000,Implantação
304,,,,16,,,,,1600402,Mazagão,0,,20130501000000,Implantação,20130501000000,Implantação
305,,,,16,,,,,1600501,Oiapoque,0,,20130501000000,Implantação,20130501000000,Implantação
306,,,,16,,,,,1600535,Porto Grande,0,,20130501000000,Implantação,20130501000000,Implantação
307,,,,16,,,,,1600550,Pracuúba,0,,20130501000000,Implantação,20130501000000,Implantação
308,,,,16,,,,,1600600,Santana,0,,20130501000000,Implantação,20130501000000,Implantação
309,,,,16,,,,,1600709,Tartarugalzinho,0,,20130501000000,Implantação,20130501000000,Implantação
310,,,,16,,,,,1600808,Vitória do Jari,0,,20130501000000,Implantação,20130501000000,Implantação
311,,,,17,,,,,1700251,Abreulândia,0,,20130501000000,Implantação,20130501000000,Implantação
312,,,,17,,,,,1700301,Aguiarnópolis,0,,20130501000000,Implantação,20130501000000,Implantação
313,,,,17,,,,,1700350,Aliança do Tocantins,0,,20130501000000,Implantação,20130501000000,Implantação
314,,,,17,,,,,1700400,Almas,0,,20130501000000,Implantação,20130501000000,Implantação
315,,,,17,,,,,1700707,Alvorada,0,,20130501000000,Implantação,20130501000000,Implantação
316,,,,17,,,,,1701002,Ananás,0,,20130501000000,Implantação,20130501000000,Implantação
317,,,,17,,,,,1701051,Angico,0,,20130501000000,Implantação,20130501000000,Implantação
318,,,,17,,,,,1701101,Aparecida do Rio Negro,0,,20130501000000,Implantação,20130501000000,Implantação
319,,,,17,,,,,1701309,Aragominas,0,,20130501000000,Implantação,20130501000000,Implantação
320,,,,17,,,,,1701903,Araguacema,0,,20130501000000,Implantação,20130501000000,Implantação
321,,,,17,,,,,1702000,Araguaçu,0,,20130501000000,Implantação,20130501000000,Implantação
322,,,,17,,,,,1702109,Araguaína,0,,20130501000000,Implantação,20130501000000,Implantação
323,,,,17,,,,,1702158,Araguanã,0,,20130501000000,Implantação,20130501000000,Implantação
324,,,,17,,,,,1702208,Araguatins,0,,20130501000000,Implantação,20130501000000,Implantação
325,,,,17,,,,,1702307,Arapoema,0,,20130501000000,Implantação,20130501000000,Implantação
326,,,,17,,,,,1702406,Arraias,0,,20130501000000,Implantação,20130501000000,Implantação
327,,,,17,,,,,1702554,Augustinópolis,0,,20130501000000,Implantação,20130501000000,Implantação
328,,,,17,,,,,1702703,Aurora do Tocantins,0,,20130501000000,Implantação,20130501000000,Implantação
329,,,,17,,,,,1702901,Axixá do Tocantins,0,,20130501000000,Implantação,20130501000000,Implantação
330,,,,17,,,,,1703008,Babaçulândia,0,,20130501000000,Implantação,20130501000000,Implantação
331,,,,17,,,,,1703057,Bandeirantes do Tocantins,0,,20130501000000,Implantação,20130501000000,Implantação
332,,,,17,,,,,1703073,Barra do Ouro,0,,20130501000000,Implantação,20130501000000,Implantação
333,,,,17,,,,,1703107,Barrolândia,0,,20130501000000,Implantação,20130501000000,Implantação
334,,,,17,,,,,1703206,Bernardo Sayão,0,,20130501000000,Implantação,20130501000000,Implantação
335,,,,17,,,,,1703305,Bom Jesus do Tocantins,0,,20130501000000,Implantação,20130501000000,Implantação
336,,,,17,,,,,1703602,Brasilândia do Tocantins,0,,20130501000000,Implantação,20130501000000,Implantação
337,,,,17,,,,,1703701,Brejinho de Nazaré,0,,20130501000000,Implantação,20130501000000,Implantação
338,,,,17,,,,,1703800,Buriti do Tocantins,0,,20130501000000,Implantação,20130501000000,Implantação
339,,,,17,,,,,1703826,Cachoeirinha,0,,20130501000000,Implantação,20130501000000,Implantação
340,,,,17,,,,,1703842,Campos Lindos,0,,20130501000000,Implantação,20130501000000,Implantação
341,,,,17,,,,,1703867,Cariri do Tocantins,0,,20130501000000,Implantação,20130501000000,Implantação
342,,,,17,,,,,1703883,Carmolândia,0,,20130501000000,Implantação,20130501000000,Implantação
343,,,,17,,,,,1703891,Carrasco Bonito,0,,20130501000000,Implantação,20130501000000,Implantação
344,,,,17,,,,,1703909,Caseara,0,,20130501000000,Implantação,20130501000000,Implantação
345,,,,17,,,,,1704105,Centenário,0,,20130501000000,Implantação,20130501000000,Implantação
346,,,,17,,,,,1704600,Chapada de Areia,0,,20130501000000,Implantação,20130501000000,Implantação
347,,,,17,,,,,1705102,Chapada da Natividade,0,,20130501000000,Implantação,20130501000000,Implantação
348,,,,17,,,,,1705508,Colinas do Tocantins,0,,20130501000000,Implantação,20130501000000,Implantação
349,,,,17,,,,,1705557,Combinado,0,,20130501000000,Implantação,20130501000000,Implantação
350,,,,17,,,,,1705607,Conceição do Tocantins,0,,20130501000000,Implantação,20130501000000,Implantação
351,,,,17,,,,,1706001,Couto Magalhães,0,,20130501000000,Implantação,20130501000000,Implantação
352,,,,17,,,,,1706100,Cristalândia,0,,20130501000000,Implantação,20130501000000,Implantação
353,,,,17,,,,,1706258,Crixás do Tocantins,0,,20130501000000,Implantação,20130501000000,Implantação
354,,,,17,,,,,1706506,Darcinópolis,0,,20130501000000,Implantação,20130501000000,Implantação
355,,,,17,,,,,1707009,Dianópolis,0,,20130501000000,Implantação,20130501000000,Implantação
356,,,,17,,,,,1707108,Divinópolis do Tocantins,0,,20130501000000,Implantação,20130501000000,Implantação
357,,,,17,,,,,1707207,Dois Irmãos do Tocantins,0,,20130501000000,Implantação,20130501000000,Implantação
358,,,,17,,,,,1707306,Dueré,0,,20130501000000,Implantação,20130501000000,Implantação
359,,,,17,,,,,1707405,Esperantina,0,,20130501000000,Implantação,20130501000000,Implantação
360,,,,17,,,,,1707553,Fátima,0,,20130501000000,Implantação,20130501000000,Implantação
361,,,,17,,,,,1707652,Figueirópolis,0,,20130501000000,Implantação,20130501000000,Implantação
362,,,,17,,,,,1707702,Filadélfia,0,,20130501000000,Implantação,20130501000000,Implantação
363,,,,17,,,,,1708205,Formoso do Araguaia,0,,20130501000000,Implantação,20130501000000,Implantação
364,,,,17,,,,,1708254,Fortaleza do Tabocão,0,,20130501000000,Implantação,20130501000000,Implantação
365,,,,17,,,,,1708304,Goianorte,0,,20130501000000,Implantação,20130501000000,Implantação
366,,,,17,,,,,1709005,Goiatins,0,,20130501000000,Implantação,20130501000000,Implantação
367,,,,17,,,,,1709302,Guaraí,0,,20130501000000,Implantação,20130501000000,Implantação
368,,,,17,,,,,1709500,Gurupi,0,,20130501000000,Implantação,20130501000000,Implantação
369,,,,17,,,,,1709807,Ipueiras,0,,20130501000000,Implantação,20130501000000,Implantação
370,,,,17,,,,,1710508,Itacajá,0,,20130501000000,Implantação,20130501000000,Implantação
371,,,,17,,,,,1710706,Itaguatins,0,,20130501000000,Implantação,20130501000000,Implantação
372,,,,17,,,,,1710904,Itapiratins,0,,20130501000000,Implantação,20130501000000,Implantação
373,,,,17,,,,,1711100,Itaporã do Tocantins,0,,20130501000000,Implantação,20130501000000,Implantação
374,,,,17,,,,,1711506,Jaú do Tocantins,0,,20130501000000,Implantação,20130501000000,Implantação
375,,,,17,,,,,1711803,Juarina,0,,20130501000000,Implantação,20130501000000,Implantação
376,,,,17,,,,,1711902,Lagoa da Confusão,0,,20130501000000,Implantação,20130501000000,Implantação
377,,,,17,,,,,1711951,Lagoa do Tocantins,0,,20130501000000,Implantação,20130501000000,Implantação
378,,,,17,,,,,1712009,Lajeado,0,,20130501000000,Implantação,20130501000000,Implantação
379,,,,17,,,,,1712157,Lavandeira,0,,20130501000000,Implantação,20130501000000,Implantação
380,,,,17,,,,,1712405,Lizarda,0,,20130501000000,Implantação,20130501000000,Implantação
381,,,,17,,,,,1712454,Luzinópolis,0,,20130501000000,Implantação,20130501000000,Implantação
382,,,,17,,,,,1712504,Marianópolis do Tocantins,0,,20130501000000,Implantação,20130501000000,Implantação
383,,,,17,,,,,1712702,Mateiros,0,,20130501000000,Implantação,20130501000000,Implantação
384,,,,17,,,,,1712801,Maurilândia do Tocantins,0,,20130501000000,Implantação,20130501000000,Implantação
385,,,,17,,,,,1713205,Miracema do Tocantins,0,,20130501000000,Implantação,20130501000000,Implantação
386,,,,17,,,,,1713304,Miranorte,0,,20130501000000,Implantação,20130501000000,Implantação
387,,,,17,,,,,1713601,Monte do Carmo,0,,20130501000000,Implantação,20130501000000,Implantação
388,,,,17,,,,,1713700,Monte Santo do Tocantins,0,,20130501000000,Implantação,20130501000000,Implantação
389,,,,17,,,,,1713809,Palmeiras do Tocantins,0,,20130501000000,Implantação,20130501000000,Implantação
390,,,,17,,,,,1713957,Muricilândia,0,,20130501000000,Implantação,20130501000000,Implantação
391,,,,17,,,,,1714203,Natividade,0,,20130501000000,Implantação,20130501000000,Implantação
392,,,,17,,,,,1714302,Nazaré,0,,20130501000000,Implantação,20130501000000,Implantação
393,,,,17,,,,,1714880,Nova Olinda,0,,20130501000000,Implantação,20130501000000,Implantação
394,,,,17,,,,,1715002,Nova Rosalândia,0,,20130501000000,Implantação,20130501000000,Implantação
395,,,,17,,,,,1715101,Novo Acordo,0,,20130501000000,Implantação,20130501000000,Implantação
396,,,,17,,,,,1715150,Novo Alegre,0,,20130501000000,Implantação,20130501000000,Implantação
397,,,,17,,,,,1715259,Novo Jardim,0,,20130501000000,Implantação,20130501000000,Implantação
398,,,,17,,,,,1715507,Oliveira de Fátima,0,,20130501000000,Implantação,20130501000000,Implantação
399,,,,17,,,,,1715705,Palmeirante,0,,20130501000000,Implantação,20130501000000,Implantação
400,,,,17,,,,,1715754,Palmeirópolis,0,,20130501000000,Implantação,20130501000000,Implantação
401,,,,17,,,,,1716109,Paraíso do Tocantins,0,,20130501000000,Implantação,20130501000000,Implantação
402,,,,17,,,,,1716208,Paranã,0,,20130501000000,Implantação,20130501000000,Implantação
403,,,,17,,,,,1716307,Pau D'Arco,0,,20130501000000,Implantação,20130501000000,Implantação
404,,,,17,,,,,1716505,Pedro Afonso,0,,20130501000000,Implantação,20130501000000,Implantação
405,,,,17,,,,,1716604,Peixe,0,,20130501000000,Implantação,20130501000000,Implantação
406,,,,17,,,,,1716653,Pequizeiro,0,,20130501000000,Implantação,20130501000000,Implantação
407,,,,17,,,,,1716703,Colméia,0,,20130501000000,Implantação,20130501000000,Implantação
408,,,,17,,,,,1717008,Pindorama do Tocantins,0,,20130501000000,Implantação,20130501000000,Implantação
409,,,,17,,,,,1717206,Piraquê,0,,20130501000000,Implantação,20130501000000,Implantação
410,,,,17,,,,,1717503,Pium,0,,20130501000000,Implantação,20130501000000,Implantação
411,,,,17,,,,,1717800,Ponte Alta do Bom Jesus,0,,20130501000000,Implantação,20130501000000,Implantação
412,,,,17,,,,,1717909,Ponte Alta do Tocantins,0,,20130501000000,Implantação,20130501000000,Implantação
413,,,,17,,,,,1718006,Porto Alegre do Tocantins,0,,20130501000000,Implantação,20130501000000,Implantação
414,,,,17,,,,,1718204,Porto Nacional,0,,20130501000000,Implantação,20130501000000,Implantação
415,,,,17,,,,,1718303,Praia Norte,0,,20130501000000,Implantação,20130501000000,Implantação
416,,,,17,,,,,1718402,Presidente Kennedy,0,,20130501000000,Implantação,20130501000000,Implantação
417,,,,17,,,,,1718451,Pugmil,0,,20130501000000,Implantação,20130501000000,Implantação
418,,,,17,,,,,1718501,Recursolândia,0,,20130501000000,Implantação,20130501000000,Implantação
419,,,,17,,,,,1718550,Riachinho,0,,20130501000000,Implantação,20130501000000,Implantação
420,,,,17,,,,,1718659,Rio da Conceição,0,,20130501000000,Implantação,20130501000000,Implantação
421,,,,17,,,,,1718709,Rio dos Bois,0,,20130501000000,Implantação,20130501000000,Implantação
422,,,,17,,,,,1718758,Rio Sono,0,,20130501000000,Implantação,20130501000000,Implantação
423,,,,17,,,,,1718808,Sampaio,0,,20130501000000,Implantação,20130501000000,Implantação
424,,,,17,,,,,1718840,Sandolândia,0,,20130501000000,Implantação,20130501000000,Implantação
425,,,,17,,,,,1718865,Santa Fé do Araguaia,0,,20130501000000,Implantação,20130501000000,Implantação
426,,,,17,,,,,1718881,Santa Maria do Tocantins,0,,20130501000000,Implantação,20130501000000,Implantação
427,,,,17,,,,,1718899,Santa Rita do Tocantins,0,,20130501000000,Implantação,20130501000000,Implantação
428,,,,17,,,,,1718907,Santa Rosa do Tocantins,0,,20130501000000,Implantação,20130501000000,Implantação
429,,,,17,,,,,1719004,Santa Tereza do Tocantins,0,,20130501000000,Implantação,20130501000000,Implantação
430,,,,17,,,,,1720002,Santa Terezinha do Tocantins,0,,20130501000000,Implantação,20130501000000,Implantação
431,,,,17,,,,,1720101,São Bento do Tocantins,0,,20130501000000,Implantação,20130501000000,Implantação
432,,,,17,,,,,1720150,São Félix do Tocantins,0,,20130501000000,Implantação,20130501000000,Implantação
433,,,,17,,,,,1720200,São Miguel do Tocantins,0,,20130501000000,Implantação,20130501000000,Implantação
434,,,,17,,,,,1720259,São Salvador do Tocantins,0,,20130501000000,Implantação,20130501000000,Implantação
435,,,,17,,,,,1720309,São Sebastião do Tocantins,0,,20130501000000,Implantação,20130501000000,Implantação
436,,,,17,,,,,1720499,São Valério,0,,20130501000000,Implantação,20130501000000,Implantação
437,,,,17,,,,,1720655,Silvanópolis,0,,20130501000000,Implantação,20130501000000,Implantação
438,,,,17,,,,,1720804,Sítio Novo do Tocantins,0,,20130501000000,Implantação,20130501000000,Implantação
439,,,,17,,,,,1720853,Sucupira,0,,20130501000000,Implantação,20130501000000,Implantação
440,,,,17,,,,,1720903,Taguatinga,0,,20130501000000,Implantação,20130501000000,Implantação
441,,,,17,,,,,1720937,Taipas do Tocantins,0,,20130501000000,Implantação,20130501000000,Implantação
442,,,,17,,,,,1720978,Talismã,0,,20130501000000,Implantação,20130501000000,Implantação
443,,,,17,,,,,1721000,Palmas,0,,20130501000000,Implantação,20130501000000,Implantação
444,,,,17,,,,,1721109,Tocantínia,0,,20130501000000,Implantação,20130501000000,Implantação
445,,,,17,,,,,1721208,Tocantinópolis,0,,20130501000000,Implantação,20130501000000,Implantação
446,,,,17,,,,,1721257,Tupirama,0,,20130501000000,Implantação,20130501000000,Implantação
447,,,,17,,,,,1721307,Tupiratins,0,,20130501000000,Implantação,20130501000000,Implantação
448,,,,17,,,,,1722081,Wanderlândia,0,,20130501000000,Implantação,20130501000000,Implantação
449,,,,17,,,,,1722107,Xambioá,0,,20130501000000,Implantação,20130501000000,Implantação
450,,,,21,,,,,2100055,Açailândia,0,,20130501000000,Implantação,20130501000000,Implantação
451,,,,21,,,,,2100105,Afonso Cunha,0,,20130501000000,Implantação,20130501000000,Implantação
453,,,,21,,,,,2100204,Alcântara,0,,20130501000000,Implantação,20130501000000,Implantação
454,,,,21,,,,,2100303,Aldeias Altas,0,,20130501000000,Implantação,20130501000000,Implantação
455,,,,21,,,,,2100402,Altamira do Maranhão,0,,20130501000000,Implantação,20130501000000,Implantação
456,,,,21,,,,,2100436,Alto Alegre do Maranhão,0,,20130501000000,Implantação,20130501000000,Implantação
457,,,,21,,,,,2100477,Alto Alegre do Pindaré,0,,20130501000000,Implantação,20130501000000,Implantação
458,,,,21,,,,,2100501,Alto Parnaíba,0,,20130501000000,Implantação,20130501000000,Implantação
459,,,,21,,,,,2100550,Amapá do Maranhão,0,,20130501000000,Implantação,20130501000000,Implantação
460,,,,21,,,,,2100600,Amarante do Maranhão,0,,20130501000000,Implantação,20130501000000,Implantação
461,,,,21,,,,,2100709,Anajatuba,0,,20130501000000,Implantação,20130501000000,Implantação
462,,,,21,,,,,2100808,Anapurus,0,,20130501000000,Implantação,20130501000000,Implantação
463,,,,21,,,,,2100832,Apicum-Açu,0,,20130501000000,Implantação,20130501000000,Implantação
464,,,,21,,,,,2100873,Araguanã,0,,20130501000000,Implantação,20130501000000,Implantação
465,,,,21,,,,,2100907,Araioses,0,,20130501000000,Implantação,20130501000000,Implantação
466,,,,21,,,,,2100956,Arame,0,,20130501000000,Implantação,20130501000000,Implantação
467,,,,21,,,,,2101004,Arari,0,,20130501000000,Implantação,20130501000000,Implantação
468,,,,21,,,,,2101103,Axixá,0,,20130501000000,Implantação,20130501000000,Implantação
469,,,,21,,,,,2101202,Bacabal,0,,20130501000000,Implantação,20130501000000,Implantação
470,,,,21,,,,,2101251,Bacabeira,0,,20130501000000,Implantação,20130501000000,Implantação
471,,,,21,,,,,2101301,Bacuri,0,,20130501000000,Implantação,20130501000000,Implantação
472,,,,21,,,,,2101350,Bacurituba,0,,20130501000000,Implantação,20130501000000,Implantação
473,,,,21,,,,,2101400,Balsas,0,,20130501000000,Implantação,20130501000000,Implantação
474,,,,21,,,,,2101509,Barão de Grajaú,0,,20130501000000,Implantação,20130501000000,Implantação
475,,,,21,,,,,2101608,Barra do Corda,0,,20130501000000,Implantação,20130501000000,Implantação
476,,,,21,,,,,2101707,Barreirinhas,0,,20130501000000,Implantação,20130501000000,Implantação
477,,,,21,,,,,2101731,Belágua,0,,20130501000000,Implantação,20130501000000,Implantação
478,,,,21,,,,,2101772,Bela Vista do Maranhão,0,,20130501000000,Implantação,20130501000000,Implantação
479,,,,21,,,,,2101806,Benedito Leite,0,,20130501000000,Implantação,20130501000000,Implantação
480,,,,21,,,,,2101905,Bequimão,0,,20130501000000,Implantação,20130501000000,Implantação
481,,,,21,,,,,2101939,Bernardo do Mearim,0,,20130501000000,Implantação,20130501000000,Implantação
482,,,,21,,,,,2101970,Boa Vista do Gurupi,0,,20130501000000,Implantação,20130501000000,Implantação
483,,,,21,,,,,2102002,Bom Jardim,0,,20130501000000,Implantação,20130501000000,Implantação
484,,,,21,,,,,2102036,Bom Jesus das Selvas,0,,20130501000000,Implantação,20130501000000,Implantação
485,,,,21,,,,,2102077,Bom Lugar,0,,20130501000000,Implantação,20130501000000,Implantação
486,,,,21,,,,,2102101,Brejo,0,,20130501000000,Implantação,20130501000000,Implantação
487,,,,21,,,,,2102150,Brejo de Areia,0,,20130501000000,Implantação,20130501000000,Implantação
488,,,,21,,,,,2102200,Buriti,0,,20130501000000,Implantação,20130501000000,Implantação
489,,,,21,,,,,2102309,Buriti Bravo,0,,20130501000000,Implantação,20130501000000,Implantação
490,,,,21,,,,,2102325,Buriticupu,0,,20130501000000,Implantação,20130501000000,Implantação
491,,,,21,,,,,2102358,Buritirana,0,,20130501000000,Implantação,20130501000000,Implantação
492,,,,21,,,,,2102374,Cachoeira Grande,0,,20130501000000,Implantação,20130501000000,Implantação
493,,,,21,,,,,2102408,Cajapió,0,,20130501000000,Implantação,20130501000000,Implantação
494,,,,21,,,,,2102507,Cajari,0,,20130501000000,Implantação,20130501000000,Implantação
495,,,,21,,,,,2102556,Campestre do Maranhão,0,,20130501000000,Implantação,20130501000000,Implantação
496,,,,21,,,,,2102606,Cândido Mendes,0,,20130501000000,Implantação,20130501000000,Implantação
497,,,,21,,,,,2102705,Cantanhede,0,,20130501000000,Implantação,20130501000000,Implantação
498,,,,21,,,,,2102754,Capinzal do Norte,0,,20130501000000,Implantação,20130501000000,Implantação
499,,,,21,,,,,2102804,Carolina,0,,20130501000000,Implantação,20130501000000,Implantação
500,,,,21,,,,,2102903,Carutapera,0,,20130501000000,Implantação,20130501000000,Implantação
501,,,,21,,,,,2103000,Caxias,0,,20130501000000,Implantação,20130501000000,Implantação
502,,,,21,,,,,2103109,Cedral,0,,20130501000000,Implantação,20130501000000,Implantação
503,,,,21,,,,,2103125,Central do Maranhão,0,,20130501000000,Implantação,20130501000000,Implantação
504,,,,21,,,,,2103158,Centro do Guilherme,0,,20130501000000,Implantação,20130501000000,Implantação
505,,,,21,,,,,2103174,Centro Novo do Maranhão,0,,20130501000000,Implantação,20130501000000,Implantação
506,,,,21,,,,,2103208,Chapadinha,0,,20130501000000,Implantação,20130501000000,Implantação
507,,,,21,,,,,2103257,Cidelândia,0,,20130501000000,Implantação,20130501000000,Implantação
508,,,,21,,,,,2103307,Codó,0,,20130501000000,Implantação,20130501000000,Implantação
509,,,,21,,,,,2103406,Coelho Neto,0,,20130501000000,Implantação,20130501000000,Implantação
510,,,,21,,,,,2103505,Colinas,0,,20130501000000,Implantação,20130501000000,Implantação
511,,,,21,,,,,2103554,Conceição do Lago-Açu,0,,20130501000000,Implantação,20130501000000,Implantação
512,,,,21,,,,,2103604,Coroatá,0,,20130501000000,Implantação,20130501000000,Implantação
513,,,,21,,,,,2103703,Cururupu,0,,20130501000000,Implantação,20130501000000,Implantação
514,,,,21,,,,,2103752,Davinópolis,0,,20130501000000,Implantação,20130501000000,Implantação
515,,,,21,,,,,2103802,Dom Pedro,0,,20130501000000,Implantação,20130501000000,Implantação
516,,,,21,,,,,2103901,Duque Bacelar,0,,20130501000000,Implantação,20130501000000,Implantação
517,,,,21,,,,,2104008,Esperantinópolis,0,,20130501000000,Implantação,20130501000000,Implantação
518,,,,21,,,,,2104057,Estreito,0,,20130501000000,Implantação,20130501000000,Implantação
519,,,,21,,,,,2104073,Feira Nova do Maranhão,0,,20130501000000,Implantação,20130501000000,Implantação
520,,,,21,,,,,2104081,Fernando Falcão,0,,20130501000000,Implantação,20130501000000,Implantação
521,,,,21,,,,,2104099,Formosa da Serra Negra,0,,20130501000000,Implantação,20130501000000,Implantação
522,,,,21,,,,,2104107,Fortaleza dos Nogueiras,0,,20130501000000,Implantação,20130501000000,Implantação
523,,,,21,,,,,2104206,Fortuna,0,,20130501000000,Implantação,20130501000000,Implantação
524,,,,21,,,,,2104305,Godofredo Viana,0,,20130501000000,Implantação,20130501000000,Implantação
525,,,,21,,,,,2104404,Gonçalves Dias,0,,20130501000000,Implantação,20130501000000,Implantação
526,,,,21,,,,,2104503,Governador Archer,0,,20130501000000,Implantação,20130501000000,Implantação
527,,,,21,,,,,2104552,Governador Edison Lobão,0,,20130501000000,Implantação,20130501000000,Implantação
528,,,,21,,,,,2104602,Governador Eugênio Barros,0,,20130501000000,Implantação,20130501000000,Implantação
529,,,,21,,,,,2104628,Governador Luiz Rocha,0,,20130501000000,Implantação,20130501000000,Implantação
530,,,,21,,,,,2104651,Governador Newton Bello,0,,20130501000000,Implantação,20130501000000,Implantação
531,,,,21,,,,,2104677,Governador Nunes Freire,0,,20130501000000,Implantação,20130501000000,Implantação
532,,,,21,,,,,2104701,Graça Aranha,0,,20130501000000,Implantação,20130501000000,Implantação
533,,,,21,,,,,2104800,Grajaú,0,,20130501000000,Implantação,20130501000000,Implantação
534,,,,21,,,,,2104909,Guimarães,0,,20130501000000,Implantação,20130501000000,Implantação
535,,,,21,,,,,2105005,Humberto de Campos,0,,20130501000000,Implantação,20130501000000,Implantação
536,,,,21,,,,,2105104,Icatu,0,,20130501000000,Implantação,20130501000000,Implantação
537,,,,21,,,,,2105153,Igarapé do Meio,0,,20130501000000,Implantação,20130501000000,Implantação
538,,,,21,,,,,2105203,Igarapé Grande,0,,20130501000000,Implantação,20130501000000,Implantação
539,,,,21,,,,,2105302,Imperatriz,0,,20130501000000,Implantação,20130501000000,Implantação
540,,,,21,,,,,2105351,Itaipava do Grajaú,0,,20130501000000,Implantação,20130501000000,Implantação
541,,,,21,,,,,2105401,Itapecuru Mirim,0,,20130501000000,Implantação,20130501000000,Implantação
542,,,,21,,,,,2105427,Itinga do Maranhão,0,,20130501000000,Implantação,20130501000000,Implantação
543,,,,21,,,,,2105450,Jatobá,0,,20130501000000,Implantação,20130501000000,Implantação
544,,,,21,,,,,2105476,Jenipapo dos Vieiras,0,,20130501000000,Implantação,20130501000000,Implantação
545,,,,21,,,,,2105500,João Lisboa,0,,20130501000000,Implantação,20130501000000,Implantação
546,,,,21,,,,,2105609,Joselândia,0,,20130501000000,Implantação,20130501000000,Implantação
547,,,,21,,,,,2105658,Junco do Maranhão,0,,20130501000000,Implantação,20130501000000,Implantação
548,,,,21,,,,,2105708,Lago da Pedra,0,,20130501000000,Implantação,20130501000000,Implantação
549,,,,21,,,,,2105807,Lago do Junco,0,,20130501000000,Implantação,20130501000000,Implantação
550,,,,21,,,,,2105906,Lago Verde,0,,20130501000000,Implantação,20130501000000,Implantação
551,,,,21,,,,,2105922,Lagoa do Mato,0,,20130501000000,Implantação,20130501000000,Implantação
552,,,,21,,,,,2105948,Lago dos Rodrigues,0,,20130501000000,Implantação,20130501000000,Implantação
553,,,,21,,,,,2105963,Lagoa Grande do Maranhão,0,,20130501000000,Implantação,20130501000000,Implantação
554,,,,21,,,,,2105989,Lajeado Novo,0,,20130501000000,Implantação,20130501000000,Implantação
555,,,,21,,,,,2106003,Lima Campos,0,,20130501000000,Implantação,20130501000000,Implantação
556,,,,21,,,,,2106102,Loreto,0,,20130501000000,Implantação,20130501000000,Implantação
557,,,,21,,,,,2106201,Luís Domingues,0,,20130501000000,Implantação,20130501000000,Implantação
558,,,,21,,,,,2106300,Magalhães de Almeida,0,,20130501000000,Implantação,20130501000000,Implantação
559,,,,21,,,,,2106326,Maracaçumé,0,,20130501000000,Implantação,20130501000000,Implantação
560,,,,21,,,,,2106359,Marajá do Sena,0,,20130501000000,Implantação,20130501000000,Implantação
561,,,,21,,,,,2106375,Maranhãozinho,0,,20130501000000,Implantação,20130501000000,Implantação
562,,,,21,,,,,2106409,Mata Roma,0,,20130501000000,Implantação,20130501000000,Implantação
563,,,,21,,,,,2106508,Matinha,0,,20130501000000,Implantação,20130501000000,Implantação
566,,,,21,,,,,2106672,Milagres do Maranhão,0,,20130501000000,Implantação,20130501000000,Implantação
567,,,,21,,,,,2106706,Mirador,0,,20130501000000,Implantação,20130501000000,Implantação
568,,,,21,,,,,2106755,Miranda do Norte,0,,20130501000000,Implantação,20130501000000,Implantação
569,,,,21,,,,,2106805,Mirinzal,0,,20130501000000,Implantação,20130501000000,Implantação
570,,,,21,,,,,2106904,Monção,0,,20130501000000,Implantação,20130501000000,Implantação
571,,,,21,,,,,2107001,Montes Altos,0,,20130501000000,Implantação,20130501000000,Implantação
572,,,,21,,,,,2107100,Morros,0,,20130501000000,Implantação,20130501000000,Implantação
573,,,,21,,,,,2107209,Nina Rodrigues,0,,20130501000000,Implantação,20130501000000,Implantação
574,,,,21,,,,,2107258,Nova Colinas,0,,20130501000000,Implantação,20130501000000,Implantação
575,,,,21,,,,,2107308,Nova Iorque,0,,20130501000000,Implantação,20130501000000,Implantação
576,,,,21,,,,,2107357,Nova Olinda do Maranhão,0,,20130501000000,Implantação,20130501000000,Implantação
577,,,,21,,,,,2107407,Olho d'Água das Cunhãs,0,,20130501000000,Implantação,20130501000000,Implantação
578,,,,21,,,,,2107456,Olinda Nova do Maranhão,0,,20130501000000,Implantação,20130501000000,Implantação
579,,,,21,,,,,2107506,Paço do Lumiar,0,,20130501000000,Implantação,20130501000000,Implantação
580,,,,21,,,,,2107605,Palmeirândia,0,,20130501000000,Implantação,20130501000000,Implantação
581,,,,21,,,,,2107704,Paraibano,0,,20130501000000,Implantação,20130501000000,Implantação
582,,,,21,,,,,2107803,Parnarama,0,,20130501000000,Implantação,20130501000000,Implantação
583,,,,21,,,,,2107902,Passagem Franca,0,,20130501000000,Implantação,20130501000000,Implantação
584,,,,21,,,,,2108009,Pastos Bons,0,,20130501000000,Implantação,20130501000000,Implantação
585,,,,21,,,,,2108058,Paulino Neves,0,,20130501000000,Implantação,20130501000000,Implantação
586,,,,21,,,,,2108108,Paulo Ramos,0,,20130501000000,Implantação,20130501000000,Implantação
587,,,,21,,,,,2108207,Pedreiras,0,,20130501000000,Implantação,20130501000000,Implantação
588,,,,21,,,,,2108256,Pedro do Rosário,0,,20130501000000,Implantação,20130501000000,Implantação
589,,,,21,,,,,2108306,Penalva,0,,20130501000000,Implantação,20130501000000,Implantação
590,,,,21,,,,,2108405,Peri Mirim,0,,20130501000000,Implantação,20130501000000,Implantação
591,,,,21,,,,,2108454,Peritoró,0,,20130501000000,Implantação,20130501000000,Implantação
592,,,,21,,,,,2108504,Pindaré-Mirim,0,,20130501000000,Implantação,20130501000000,Implantação
593,,,,21,,,,,2108603,Pinheiro,0,,20130501000000,Implantação,20130501000000,Implantação
594,,,,21,,,,,2108702,Pio XII,0,,20130501000000,Implantação,20130501000000,Implantação
595,,,,21,,,,,2108801,Pirapemas,0,,20130501000000,Implantação,20130501000000,Implantação
596,,,,21,,,,,2108900,Poção de Pedras,0,,20130501000000,Implantação,20130501000000,Implantação
597,,,,21,,,,,2109007,Porto Franco,0,,20130501000000,Implantação,20130501000000,Implantação
598,,,,21,,,,,2109056,Porto Rico do Maranhão,0,,20130501000000,Implantação,20130501000000,Implantação
599,,,,21,,,,,2109106,Presidente Dutra,0,,20130501000000,Implantação,20130501000000,Implantação
600,,,,21,,,,,2109205,Presidente Juscelino,0,,20130501000000,Implantação,20130501000000,Implantação
601,,,,21,,,,,2109239,Presidente Médici,0,,20130501000000,Implantação,20130501000000,Implantação
602,,,,21,,,,,2109270,Presidente Sarney,0,,20130501000000,Implantação,20130501000000,Implantação
603,,,,21,,,,,2109304,Presidente Vargas,0,,20130501000000,Implantação,20130501000000,Implantação
604,,,,21,,,,,2109403,Primeira Cruz,0,,20130501000000,Implantação,20130501000000,Implantação
565,,,,21,,,,,2106631,MATOES DO NORTE,0,,20220621073412,yago,20130501000000,Implantação
605,,,,21,,,,,2109452,Raposa,0,,20130501000000,Implantação,20130501000000,Implantação
606,,,,21,,,,,2109502,Riachão,0,,20130501000000,Implantação,20130501000000,Implantação
607,,,,21,,,,,2109551,Ribamar Fiquene,0,,20130501000000,Implantação,20130501000000,Implantação
608,,,,21,,,,,2109601,Rosário,0,,20130501000000,Implantação,20130501000000,Implantação
609,,,,21,,,,,2109700,Sambaíba,0,,20130501000000,Implantação,20130501000000,Implantação
610,,,,21,,,,,2109759,Santa Filomena do Maranhão,0,,20130501000000,Implantação,20130501000000,Implantação
611,,,,21,,,,,2109809,Santa Helena,0,,20130501000000,Implantação,20130501000000,Implantação
612,,,,21,,,,,2109908,Santa Inês,0,,20130501000000,Implantação,20130501000000,Implantação
613,,,,21,,,,,2110005,Santa Luzia,0,,20130501000000,Implantação,20130501000000,Implantação
614,,,,21,,,,,2110039,Santa Luzia do Paruá,0,,20130501000000,Implantação,20130501000000,Implantação
615,,,,21,,,,,2110104,Santa Quitéria do Maranhão,0,,20130501000000,Implantação,20130501000000,Implantação
616,,,,21,,,,,2110203,Santa Rita,0,,20130501000000,Implantação,20130501000000,Implantação
617,,,,21,,,,,2110237,Santana do Maranhão,0,,20130501000000,Implantação,20130501000000,Implantação
618,,,,21,,,,,2110278,Santo Amaro do Maranhão,0,,20130501000000,Implantação,20130501000000,Implantação
619,,,,21,,,,,2110302,Santo Antônio dos Lopes,0,,20130501000000,Implantação,20130501000000,Implantação
620,,,,21,,,,,2110401,São Benedito do Rio Preto,0,,20130501000000,Implantação,20130501000000,Implantação
621,,,,21,,,,,2110500,São Bento,0,,20130501000000,Implantação,20130501000000,Implantação
622,,,,21,,,,,2110609,São Bernardo,0,,20130501000000,Implantação,20130501000000,Implantação
623,,,,21,,,,,2110658,São Domingos do Azeitão,0,,20130501000000,Implantação,20130501000000,Implantação
624,,,,21,,,,,2110708,São Domingos do Maranhão,0,,20130501000000,Implantação,20130501000000,Implantação
625,,,,21,,,,,2110807,São Félix de Balsas,0,,20130501000000,Implantação,20130501000000,Implantação
626,,,,21,,,,,2110856,São Francisco do Brejão,0,,20130501000000,Implantação,20130501000000,Implantação
627,,,,21,,,,,2110906,São Francisco do Maranhão,0,,20130501000000,Implantação,20130501000000,Implantação
628,,,,21,,,,,2111003,São João Batista,0,,20130501000000,Implantação,20130501000000,Implantação
629,,,,21,,,,,2111029,São João do Carú,0,,20130501000000,Implantação,20130501000000,Implantação
630,,,,21,,,,,2111052,São João do Paraíso,0,,20130501000000,Implantação,20130501000000,Implantação
631,,,,21,,,,,2111078,São João do Soter,0,,20130501000000,Implantação,20130501000000,Implantação
632,,,,21,,,,,2111102,São João dos Patos,0,,20130501000000,Implantação,20130501000000,Implantação
633,,,,21,,,,,2111201,São José de Ribamar,0,,20130501000000,Implantação,20130501000000,Implantação
634,,,,21,,,,,2111250,São José dos Basílios,0,,20130501000000,Implantação,20130501000000,Implantação
635,,,,21,,,,,2111300,São Luís,0,,20130501000000,Implantação,20130501000000,Implantação
636,,,,21,,,,,2111409,São Luís Gonzaga do Maranhão,0,,20130501000000,Implantação,20130501000000,Implantação
637,,,,21,,,,,2111508,São Mateus do Maranhão,0,,20130501000000,Implantação,20130501000000,Implantação
638,,,,21,,,,,2111532,São Pedro da Água Branca,0,,20130501000000,Implantação,20130501000000,Implantação
639,,,,21,,,,,2111573,São Pedro dos Crentes,0,,20130501000000,Implantação,20130501000000,Implantação
640,,,,21,,,,,2111607,São Raimundo das Mangabeiras,0,,20130501000000,Implantação,20130501000000,Implantação
641,,,,21,,,,,2111631,São Raimundo do Doca Bezerra,0,,20130501000000,Implantação,20130501000000,Implantação
642,,,,21,,,,,2111672,São Roberto,0,,20130501000000,Implantação,20130501000000,Implantação
643,,,,21,,,,,2111706,São Vicente Ferrer,0,,20130501000000,Implantação,20130501000000,Implantação
644,,,,21,,,,,2111722,Satubinha,0,,20130501000000,Implantação,20130501000000,Implantação
645,,,,21,,,,,2111748,Senador Alexandre Costa,0,,20130501000000,Implantação,20130501000000,Implantação
646,,,,21,,,,,2111763,Senador La Rocque,0,,20130501000000,Implantação,20130501000000,Implantação
647,,,,21,,,,,2111789,Serrano do Maranhão,0,,20130501000000,Implantação,20130501000000,Implantação
648,,,,21,,,,,2111805,Sítio Novo,0,,20130501000000,Implantação,20130501000000,Implantação
649,,,,21,,,,,2111904,Sucupira do Norte,0,,20130501000000,Implantação,20130501000000,Implantação
650,,,,21,,,,,2111953,Sucupira do Riachão,0,,20130501000000,Implantação,20130501000000,Implantação
651,,,,21,,,,,2112001,Tasso Fragoso,0,,20130501000000,Implantação,20130501000000,Implantação
652,,,,21,,,,,2112100,Timbiras,0,,20130501000000,Implantação,20130501000000,Implantação
654,,,,21,,,,,2112233,Trizidela do Vale,0,,20130501000000,Implantação,20130501000000,Implantação
655,,,,21,,,,,2112274,Tufilândia,0,,20130501000000,Implantação,20130501000000,Implantação
656,,,,21,,,,,2112308,Tuntum,0,,20130501000000,Implantação,20130501000000,Implantação
657,,,,21,,,,,2112407,Turiaçu,0,,20130501000000,Implantação,20130501000000,Implantação
658,,,,21,,,,,2112456,Turilândia,0,,20130501000000,Implantação,20130501000000,Implantação
659,,,,21,,,,,2112506,Tutóia,0,,20130501000000,Implantação,20130501000000,Implantação
660,,,,21,,,,,2112605,Urbano Santos,0,,20130501000000,Implantação,20130501000000,Implantação
661,,,,21,,,,,2112704,Vargem Grande,0,,20130501000000,Implantação,20130501000000,Implantação
662,,,,21,,,,,2112803,Viana,0,,20130501000000,Implantação,20130501000000,Implantação
663,,,,21,,,,,2112852,Vila Nova dos Martírios,0,,20130501000000,Implantação,20130501000000,Implantação
664,,,,21,,,,,2112902,Vitória do Mearim,0,,20130501000000,Implantação,20130501000000,Implantação
665,,,,21,,,,,2113009,Vitorino Freire,0,,20130501000000,Implantação,20130501000000,Implantação
666,,,,21,,,,,2114007,Zé Doca,0,,20130501000000,Implantação,20130501000000,Implantação
667,,,,22,,,,,2200053,Acauã,0,,20130501000000,Implantação,20130501000000,Implantação
668,,,,22,,,,,2200103,Agricolândia,0,,20130501000000,Implantação,20130501000000,Implantação
669,,,,22,,,,,2200202,Água Branca,0,,20130501000000,Implantação,20130501000000,Implantação
670,,,,22,,,,,2200251,Alagoinha do Piauí,0,,20130501000000,Implantação,20130501000000,Implantação
671,,,,22,,,,,2200277,Alegrete do Piauí,0,,20130501000000,Implantação,20130501000000,Implantação
672,,,,22,,,,,2200301,Alto Longá,0,,20130501000000,Implantação,20130501000000,Implantação
673,,,,22,,,,,2200400,Altos,0,,20130501000000,Implantação,20130501000000,Implantação
674,,,,22,,,,,2200459,Alvorada do Gurguéia,0,,20130501000000,Implantação,20130501000000,Implantação
675,,,,22,,,,,2200509,Amarante,0,,20130501000000,Implantação,20130501000000,Implantação
676,,,,22,,,,,2200608,Angical do Piauí,0,,20130501000000,Implantação,20130501000000,Implantação
677,,,,22,,,,,2200707,Anísio de Abreu,0,,20130501000000,Implantação,20130501000000,Implantação
678,,,,22,,,,,2200806,Antônio Almeida,0,,20130501000000,Implantação,20130501000000,Implantação
679,,,,22,,,,,2200905,Aroazes,0,,20130501000000,Implantação,20130501000000,Implantação
680,,,,22,,,,,2200954,Aroeiras do Itaim,0,,20130501000000,Implantação,20130501000000,Implantação
681,,,,22,,,,,2201002,Arraial,0,,20130501000000,Implantação,20130501000000,Implantação
682,,,,22,,,,,2201051,Assunção do Piauí,0,,20130501000000,Implantação,20130501000000,Implantação
683,,,,22,,,,,2201101,Avelino Lopes,0,,20130501000000,Implantação,20130501000000,Implantação
684,,,,22,,,,,2201150,Baixa Grande do Ribeiro,0,,20130501000000,Implantação,20130501000000,Implantação
685,,,,22,,,,,2201176,Barra D'Alcântara,0,,20130501000000,Implantação,20130501000000,Implantação
686,,,,22,,,,,2201200,Barras,0,,20130501000000,Implantação,20130501000000,Implantação
687,,,,22,,,,,2201309,Barreiras do Piauí,0,,20130501000000,Implantação,20130501000000,Implantação
688,,,,22,,,,,2201408,Barro Duro,0,,20130501000000,Implantação,20130501000000,Implantação
689,,,,22,,,,,2201507,Batalha,0,,20130501000000,Implantação,20130501000000,Implantação
690,,,,22,,,,,2201556,Bela Vista do Piauí,0,,20130501000000,Implantação,20130501000000,Implantação
691,,,,22,,,,,2201572,Belém do Piauí,0,,20130501000000,Implantação,20130501000000,Implantação
692,,,,22,,,,,2201606,Beneditinos,0,,20130501000000,Implantação,20130501000000,Implantação
693,,,,22,,,,,2201705,Bertolínia,0,,20130501000000,Implantação,20130501000000,Implantação
694,,,,22,,,,,2201739,Betânia do Piauí,0,,20130501000000,Implantação,20130501000000,Implantação
695,,,,22,,,,,2201770,Boa Hora,0,,20130501000000,Implantação,20130501000000,Implantação
696,,,,22,,,,,2201804,Bocaina,0,,20130501000000,Implantação,20130501000000,Implantação
697,,,,22,,,,,2201903,Bom Jesus,0,,20130501000000,Implantação,20130501000000,Implantação
698,,,,22,,,,,2201919,Bom Princípio do Piauí,0,,20130501000000,Implantação,20130501000000,Implantação
699,,,,22,,,,,2201929,Bonfim do Piauí,0,,20130501000000,Implantação,20130501000000,Implantação
700,,,,22,,,,,2201945,Boqueirão do Piauí,0,,20130501000000,Implantação,20130501000000,Implantação
701,,,,22,,,,,2201960,Brasileira,0,,20130501000000,Implantação,20130501000000,Implantação
702,,,,22,,,,,2201988,Brejo do Piauí,0,,20130501000000,Implantação,20130501000000,Implantação
703,,,,22,,,,,2202000,Buriti dos Lopes,0,,20130501000000,Implantação,20130501000000,Implantação
704,,,,22,,,,,2202026,Buriti dos Montes,0,,20130501000000,Implantação,20130501000000,Implantação
705,,,,22,,,,,2202059,Cabeceiras do Piauí,0,,20130501000000,Implantação,20130501000000,Implantação
706,,,,22,,,,,2202075,Cajazeiras do Piauí,0,,20130501000000,Implantação,20130501000000,Implantação
707,,,,22,,,,,2202083,Cajueiro da Praia,0,,20130501000000,Implantação,20130501000000,Implantação
708,,,,22,,,,,2202091,Caldeirão Grande do Piauí,0,,20130501000000,Implantação,20130501000000,Implantação
709,,,,22,,,,,2202109,Campinas do Piauí,0,,20130501000000,Implantação,20130501000000,Implantação
710,,,,22,,,,,2202117,Campo Alegre do Fidalgo,0,,20130501000000,Implantação,20130501000000,Implantação
711,,,,22,,,,,2202133,Campo Grande do Piauí,0,,20130501000000,Implantação,20130501000000,Implantação
712,,,,22,,,,,2202174,Campo Largo do Piauí,0,,20130501000000,Implantação,20130501000000,Implantação
713,,,,22,,,,,2202208,Campo Maior,0,,20130501000000,Implantação,20130501000000,Implantação
714,,,,22,,,,,2202251,Canavieira,0,,20130501000000,Implantação,20130501000000,Implantação
715,,,,22,,,,,2202307,Canto do Buriti,0,,20130501000000,Implantação,20130501000000,Implantação
716,,,,22,,,,,2202406,Capitão de Campos,0,,20130501000000,Implantação,20130501000000,Implantação
717,,,,22,,,,,2202455,Capitão Gervásio Oliveira,0,,20130501000000,Implantação,20130501000000,Implantação
718,,,,22,,,,,2202505,Caracol,0,,20130501000000,Implantação,20130501000000,Implantação
719,,,,22,,,,,2202539,Caraúbas do Piauí,0,,20130501000000,Implantação,20130501000000,Implantação
720,,,,22,,,,,2202554,Caridade do Piauí,0,,20130501000000,Implantação,20130501000000,Implantação
721,,,,22,,,,,2202604,Castelo do Piauí,0,,20130501000000,Implantação,20130501000000,Implantação
722,,,,22,,,,,2202653,Caxingó,0,,20130501000000,Implantação,20130501000000,Implantação
723,,,,22,,,,,2202703,Cocal,0,,20130501000000,Implantação,20130501000000,Implantação
724,,,,22,,,,,2202711,Cocal de Telha,0,,20130501000000,Implantação,20130501000000,Implantação
725,,,,22,,,,,2202729,Cocal dos Alves,0,,20130501000000,Implantação,20130501000000,Implantação
726,,,,22,,,,,2202737,Coivaras,0,,20130501000000,Implantação,20130501000000,Implantação
727,,,,22,,,,,2202752,Colônia do Gurguéia,0,,20130501000000,Implantação,20130501000000,Implantação
728,,,,22,,,,,2202778,Colônia do Piauí,0,,20130501000000,Implantação,20130501000000,Implantação
729,,,,22,,,,,2202802,Conceição do Canindé,0,,20130501000000,Implantação,20130501000000,Implantação
730,,,,22,,,,,2202851,Coronel José Dias,0,,20130501000000,Implantação,20130501000000,Implantação
731,,,,22,,,,,2202901,Corrente,0,,20130501000000,Implantação,20130501000000,Implantação
732,,,,22,,,,,2203008,Cristalândia do Piauí,0,,20130501000000,Implantação,20130501000000,Implantação
733,,,,22,,,,,2203107,Cristino Castro,0,,20130501000000,Implantação,20130501000000,Implantação
734,,,,22,,,,,2203206,Curimatá,0,,20130501000000,Implantação,20130501000000,Implantação
735,,,,22,,,,,2203230,Currais,0,,20130501000000,Implantação,20130501000000,Implantação
736,,,,22,,,,,2203255,Curralinhos,0,,20130501000000,Implantação,20130501000000,Implantação
737,,,,22,,,,,2203271,Curral Novo do Piauí,0,,20130501000000,Implantação,20130501000000,Implantação
738,,,,22,,,,,2203305,Demerval Lobão,0,,20130501000000,Implantação,20130501000000,Implantação
739,,,,22,,,,,2203354,Dirceu Arcoverde,0,,20130501000000,Implantação,20130501000000,Implantação
740,,,,22,,,,,2203404,Dom Expedito Lopes,0,,20130501000000,Implantação,20130501000000,Implantação
741,,,,22,,,,,2203420,Domingos Mourão,0,,20130501000000,Implantação,20130501000000,Implantação
742,,,,22,,,,,2203453,Dom Inocêncio,0,,20130501000000,Implantação,20130501000000,Implantação
743,,,,22,,,,,2203503,Elesbão Veloso,0,,20130501000000,Implantação,20130501000000,Implantação
744,,,,22,,,,,2203602,Eliseu Martins,0,,20130501000000,Implantação,20130501000000,Implantação
745,,,,22,,,,,2203701,Esperantina,0,,20130501000000,Implantação,20130501000000,Implantação
746,,,,22,,,,,2203750,Fartura do Piauí,0,,20130501000000,Implantação,20130501000000,Implantação
747,,,,22,,,,,2203800,Flores do Piauí,0,,20130501000000,Implantação,20130501000000,Implantação
748,,,,22,,,,,2203859,Floresta do Piauí,0,,20130501000000,Implantação,20130501000000,Implantação
749,,,,22,,,,,2203909,Floriano,0,,20130501000000,Implantação,20130501000000,Implantação
750,,,,22,,,,,2204006,Francinópolis,0,,20130501000000,Implantação,20130501000000,Implantação
751,,,,22,,,,,2204105,Francisco Ayres,0,,20130501000000,Implantação,20130501000000,Implantação
752,,,,22,,,,,2204154,Francisco Macedo,0,,20130501000000,Implantação,20130501000000,Implantação
753,,,,22,,,,,2204204,Francisco Santos,0,,20130501000000,Implantação,20130501000000,Implantação
754,,,,22,,,,,2204303,Fronteiras,0,,20130501000000,Implantação,20130501000000,Implantação
755,,,,22,,,,,2204352,Geminiano,0,,20130501000000,Implantação,20130501000000,Implantação
756,,,,22,,,,,2204402,Gilbués,0,,20130501000000,Implantação,20130501000000,Implantação
757,,,,22,,,,,2204501,Guadalupe,0,,20130501000000,Implantação,20130501000000,Implantação
758,,,,22,,,,,2204550,Guaribas,0,,20130501000000,Implantação,20130501000000,Implantação
759,,,,22,,,,,2204600,Hugo Napoleão,0,,20130501000000,Implantação,20130501000000,Implantação
760,,,,22,,,,,2204659,Ilha Grande,0,,20130501000000,Implantação,20130501000000,Implantação
761,,,,22,,,,,2204709,Inhuma,0,,20130501000000,Implantação,20130501000000,Implantação
762,,,,22,,,,,2204808,Ipiranga do Piauí,0,,20130501000000,Implantação,20130501000000,Implantação
763,,,,22,,,,,2204907,Isaías Coelho,0,,20130501000000,Implantação,20130501000000,Implantação
764,,,,22,,,,,2205003,Itainópolis,0,,20130501000000,Implantação,20130501000000,Implantação
765,,,,22,,,,,2205102,Itaueira,0,,20130501000000,Implantação,20130501000000,Implantação
766,,,,22,,,,,2205151,Jacobina do Piauí,0,,20130501000000,Implantação,20130501000000,Implantação
767,,,,22,,,,,2205201,Jaicós,0,,20130501000000,Implantação,20130501000000,Implantação
768,,,,22,,,,,2205250,Jardim do Mulato,0,,20130501000000,Implantação,20130501000000,Implantação
769,,,,22,,,,,2205276,Jatobá do Piauí,0,,20130501000000,Implantação,20130501000000,Implantação
770,,,,22,,,,,2205300,Jerumenha,0,,20130501000000,Implantação,20130501000000,Implantação
771,,,,22,,,,,2205359,João Costa,0,,20130501000000,Implantação,20130501000000,Implantação
772,,,,22,,,,,2205409,Joaquim Pires,0,,20130501000000,Implantação,20130501000000,Implantação
773,,,,22,,,,,2205458,Joca Marques,0,,20130501000000,Implantação,20130501000000,Implantação
774,,,,22,,,,,2205508,José de Freitas,0,,20130501000000,Implantação,20130501000000,Implantação
775,,,,22,,,,,2205516,Juazeiro do Piauí,0,,20130501000000,Implantação,20130501000000,Implantação
776,,,,22,,,,,2205524,Júlio Borges,0,,20130501000000,Implantação,20130501000000,Implantação
777,,,,22,,,,,2205532,Jurema,0,,20130501000000,Implantação,20130501000000,Implantação
778,,,,22,,,,,2205540,Lagoinha do Piauí,0,,20130501000000,Implantação,20130501000000,Implantação
779,,,,22,,,,,2205557,Lagoa Alegre,0,,20130501000000,Implantação,20130501000000,Implantação
780,,,,22,,,,,2205565,Lagoa do Barro do Piauí,0,,20130501000000,Implantação,20130501000000,Implantação
781,,,,22,,,,,2205573,Lagoa de São Francisco,0,,20130501000000,Implantação,20130501000000,Implantação
782,,,,22,,,,,2205581,Lagoa do Piauí,0,,20130501000000,Implantação,20130501000000,Implantação
783,,,,22,,,,,2205599,Lagoa do Sítio,0,,20130501000000,Implantação,20130501000000,Implantação
784,,,,22,,,,,2205607,Landri Sales,0,,20130501000000,Implantação,20130501000000,Implantação
785,,,,22,,,,,2205706,Luís Correia,0,,20130501000000,Implantação,20130501000000,Implantação
786,,,,22,,,,,2205805,Luzilândia,0,,20130501000000,Implantação,20130501000000,Implantação
787,,,,22,,,,,2205854,Madeiro,0,,20130501000000,Implantação,20130501000000,Implantação
788,,,,22,,,,,2205904,Manoel Emídio,0,,20130501000000,Implantação,20130501000000,Implantação
789,,,,22,,,,,2205953,Marcolândia,0,,20130501000000,Implantação,20130501000000,Implantação
790,,,,22,,,,,2206001,Marcos Parente,0,,20130501000000,Implantação,20130501000000,Implantação
791,,,,22,,,,,2206050,Massapê do Piauí,0,,20130501000000,Implantação,20130501000000,Implantação
792,,,,22,,,,,2206100,Matias Olímpio,0,,20130501000000,Implantação,20130501000000,Implantação
793,,,,22,,,,,2206209,Miguel Alves,0,,20130501000000,Implantação,20130501000000,Implantação
794,,,,22,,,,,2206308,Miguel Leão,0,,20130501000000,Implantação,20130501000000,Implantação
795,,,,22,,,,,2206357,Milton Brandão,0,,20130501000000,Implantação,20130501000000,Implantação
796,,,,22,,,,,2206407,Monsenhor Gil,0,,20130501000000,Implantação,20130501000000,Implantação
797,,,,22,,,,,2206506,Monsenhor Hipólito,0,,20130501000000,Implantação,20130501000000,Implantação
798,,,,22,,,,,2206605,Monte Alegre do Piauí,0,,20130501000000,Implantação,20130501000000,Implantação
799,,,,22,,,,,2206654,Morro Cabeça no Tempo,0,,20130501000000,Implantação,20130501000000,Implantação
800,,,,22,,,,,2206670,Morro do Chapéu do Piauí,0,,20130501000000,Implantação,20130501000000,Implantação
801,,,,22,,,,,2206696,Murici dos Portelas,0,,20130501000000,Implantação,20130501000000,Implantação
802,,,,22,,,,,2206704,Nazaré do Piauí,0,,20130501000000,Implantação,20130501000000,Implantação
803,,,,22,,,,,2206720,Nazária,0,,20130501000000,Implantação,20130501000000,Implantação
804,,,,22,,,,,2206753,Nossa Senhora de Nazaré,0,,20130501000000,Implantação,20130501000000,Implantação
805,,,,22,,,,,2206803,Nossa Senhora dos Remédios,0,,20130501000000,Implantação,20130501000000,Implantação
806,,,,22,,,,,2206902,Novo Oriente do Piauí,0,,20130501000000,Implantação,20130501000000,Implantação
807,,,,22,,,,,2206951,Novo Santo Antônio,0,,20130501000000,Implantação,20130501000000,Implantação
808,,,,22,,,,,2207009,Oeiras,0,,20130501000000,Implantação,20130501000000,Implantação
809,,,,22,,,,,2207108,Olho D'Água do Piauí,0,,20130501000000,Implantação,20130501000000,Implantação
810,,,,22,,,,,2207207,Padre Marcos,0,,20130501000000,Implantação,20130501000000,Implantação
811,,,,22,,,,,2207306,Paes Landim,0,,20130501000000,Implantação,20130501000000,Implantação
812,,,,22,,,,,2207355,Pajeú do Piauí,0,,20130501000000,Implantação,20130501000000,Implantação
813,,,,22,,,,,2207405,Palmeira do Piauí,0,,20130501000000,Implantação,20130501000000,Implantação
814,,,,22,,,,,2207504,Palmeirais,0,,20130501000000,Implantação,20130501000000,Implantação
815,,,,22,,,,,2207553,Paquetá,0,,20130501000000,Implantação,20130501000000,Implantação
816,,,,22,,,,,2207603,Parnaguá,0,,20130501000000,Implantação,20130501000000,Implantação
817,,,,22,,,,,2207702,Parnaíba,0,,20130501000000,Implantação,20130501000000,Implantação
818,,,,22,,,,,2207751,Passagem Franca do Piauí,0,,20130501000000,Implantação,20130501000000,Implantação
819,,,,22,,,,,2207777,Patos do Piauí,0,,20130501000000,Implantação,20130501000000,Implantação
820,,,,22,,,,,2207793,Pau D'Arco do Piauí,0,,20130501000000,Implantação,20130501000000,Implantação
821,,,,22,,,,,2207801,Paulistana,0,,20130501000000,Implantação,20130501000000,Implantação
822,,,,22,,,,,2207850,Pavussu,0,,20130501000000,Implantação,20130501000000,Implantação
823,,,,22,,,,,2207900,Pedro II,0,,20130501000000,Implantação,20130501000000,Implantação
824,,,,22,,,,,2207934,Pedro Laurentino,0,,20130501000000,Implantação,20130501000000,Implantação
825,,,,22,,,,,2207959,Nova Santa Rita,0,,20130501000000,Implantação,20130501000000,Implantação
826,,,,22,,,,,2208007,Picos,0,,20130501000000,Implantação,20130501000000,Implantação
827,,,,22,,,,,2208106,Pimenteiras,0,,20130501000000,Implantação,20130501000000,Implantação
828,,,,22,,,,,2208205,Pio IX,0,,20130501000000,Implantação,20130501000000,Implantação
829,,,,22,,,,,2208304,Piracuruca,0,,20130501000000,Implantação,20130501000000,Implantação
830,,,,22,,,,,2208403,Piripiri,0,,20130501000000,Implantação,20130501000000,Implantação
831,,,,22,,,,,2208502,Porto,0,,20130501000000,Implantação,20130501000000,Implantação
832,,,,22,,,,,2208551,Porto Alegre do Piauí,0,,20130501000000,Implantação,20130501000000,Implantação
833,,,,22,,,,,2208601,Prata do Piauí,0,,20130501000000,Implantação,20130501000000,Implantação
834,,,,22,,,,,2208650,Queimada Nova,0,,20130501000000,Implantação,20130501000000,Implantação
835,,,,22,,,,,2208700,Redenção do Gurguéia,0,,20130501000000,Implantação,20130501000000,Implantação
836,,,,22,,,,,2208809,Regeneração,0,,20130501000000,Implantação,20130501000000,Implantação
837,,,,22,,,,,2208858,Riacho Frio,0,,20130501000000,Implantação,20130501000000,Implantação
838,,,,22,,,,,2208874,Ribeira do Piauí,0,,20130501000000,Implantação,20130501000000,Implantação
839,,,,22,,,,,2208908,Ribeiro Gonçalves,0,,20130501000000,Implantação,20130501000000,Implantação
840,,,,22,,,,,2209005,Rio Grande do Piauí,0,,20130501000000,Implantação,20130501000000,Implantação
841,,,,22,,,,,2209104,Santa Cruz do Piauí,0,,20130501000000,Implantação,20130501000000,Implantação
842,,,,22,,,,,2209153,Santa Cruz dos Milagres,0,,20130501000000,Implantação,20130501000000,Implantação
843,,,,22,,,,,2209203,Santa Filomena,0,,20130501000000,Implantação,20130501000000,Implantação
844,,,,22,,,,,2209302,Santa Luz,0,,20130501000000,Implantação,20130501000000,Implantação
845,,,,22,,,,,2209351,Santana do Piauí,0,,20130501000000,Implantação,20130501000000,Implantação
846,,,,22,,,,,2209377,Santa Rosa do Piauí,0,,20130501000000,Implantação,20130501000000,Implantação
847,,,,22,,,,,2209401,Santo Antônio de Lisboa,0,,20130501000000,Implantação,20130501000000,Implantação
848,,,,22,,,,,2209450,Santo Antônio dos Milagres,0,,20130501000000,Implantação,20130501000000,Implantação
849,,,,22,,,,,2209500,Santo Inácio do Piauí,0,,20130501000000,Implantação,20130501000000,Implantação
850,,,,22,,,,,2209559,São Braz do Piauí,0,,20130501000000,Implantação,20130501000000,Implantação
851,,,,22,,,,,2209609,São Félix do Piauí,0,,20130501000000,Implantação,20130501000000,Implantação
852,,,,22,,,,,2209658,São Francisco de Assis do Piauí,0,,20130501000000,Implantação,20130501000000,Implantação
853,,,,22,,,,,2209708,São Francisco do Piauí,0,,20130501000000,Implantação,20130501000000,Implantação
854,,,,22,,,,,2209757,São Gonçalo do Gurguéia,0,,20130501000000,Implantação,20130501000000,Implantação
855,,,,22,,,,,2209807,São Gonçalo do Piauí,0,,20130501000000,Implantação,20130501000000,Implantação
856,,,,22,,,,,2209856,São João da Canabrava,0,,20130501000000,Implantação,20130501000000,Implantação
857,,,,22,,,,,2209872,São João da Fronteira,0,,20130501000000,Implantação,20130501000000,Implantação
858,,,,22,,,,,2209906,São João da Serra,0,,20130501000000,Implantação,20130501000000,Implantação
859,,,,22,,,,,2209955,São João da Varjota,0,,20130501000000,Implantação,20130501000000,Implantação
860,,,,22,,,,,2209971,São João do Arraial,0,,20130501000000,Implantação,20130501000000,Implantação
861,,,,22,,,,,2210003,São João do Piauí,0,,20130501000000,Implantação,20130501000000,Implantação
862,,,,22,,,,,2210052,São José do Divino,0,,20130501000000,Implantação,20130501000000,Implantação
863,,,,22,,,,,2210102,São José do Peixe,0,,20130501000000,Implantação,20130501000000,Implantação
864,,,,22,,,,,2210201,São José do Piauí,0,,20130501000000,Implantação,20130501000000,Implantação
865,,,,22,,,,,2210300,São Julião,0,,20130501000000,Implantação,20130501000000,Implantação
866,,,,22,,,,,2210359,São Lourenço do Piauí,0,,20130501000000,Implantação,20130501000000,Implantação
867,,,,22,,,,,2210375,São Luis do Piauí,0,,20130501000000,Implantação,20130501000000,Implantação
868,,,,22,,,,,2210383,São Miguel da Baixa Grande,0,,20130501000000,Implantação,20130501000000,Implantação
869,,,,22,,,,,2210391,São Miguel do Fidalgo,0,,20130501000000,Implantação,20130501000000,Implantação
870,,,,22,,,,,2210409,São Miguel do Tapuio,0,,20130501000000,Implantação,20130501000000,Implantação
871,,,,22,,,,,2210508,São Pedro do Piauí,0,,20130501000000,Implantação,20130501000000,Implantação
872,,,,22,,,,,2210607,São Raimundo Nonato,0,,20130501000000,Implantação,20130501000000,Implantação
873,,,,22,,,,,2210623,Sebastião Barros,0,,20130501000000,Implantação,20130501000000,Implantação
874,,,,22,,,,,2210631,Sebastião Leal,0,,20130501000000,Implantação,20130501000000,Implantação
875,,,,22,,,,,2210656,Sigefredo Pacheco,0,,20130501000000,Implantação,20130501000000,Implantação
876,,,,22,,,,,2210706,Simões,0,,20130501000000,Implantação,20130501000000,Implantação
877,,,,22,,,,,2210805,Simplício Mendes,0,,20130501000000,Implantação,20130501000000,Implantação
878,,,,22,,,,,2210904,Socorro do Piauí,0,,20130501000000,Implantação,20130501000000,Implantação
879,,,,22,,,,,2210938,Sussuapara,0,,20130501000000,Implantação,20130501000000,Implantação
880,,,,22,,,,,2210953,Tamboril do Piauí,0,,20130501000000,Implantação,20130501000000,Implantação
881,,,,22,,,,,2210979,Tanque do Piauí,0,,20130501000000,Implantação,20130501000000,Implantação
882,,,,22,,,,,2211001,Teresina,0,,20130501000000,Implantação,20130501000000,Implantação
883,,,,22,,,,,2211100,União,0,,20130501000000,Implantação,20130501000000,Implantação
884,,,,22,,,,,2211209,Uruçuí,0,,20130501000000,Implantação,20130501000000,Implantação
885,,,,22,,,,,2211308,Valença do Piauí,0,,20130501000000,Implantação,20130501000000,Implantação
886,,,,22,,,,,2211357,Várzea Branca,0,,20130501000000,Implantação,20130501000000,Implantação
887,,,,22,,,,,2211407,Várzea Grande,0,,20130501000000,Implantação,20130501000000,Implantação
888,,,,22,,,,,2211506,Vera Mendes,0,,20130501000000,Implantação,20130501000000,Implantação
889,,,,22,,,,,2211605,Vila Nova do Piauí,0,,20130501000000,Implantação,20130501000000,Implantação
890,,,,22,,,,,2211704,Wall Ferraz,0,,20130501000000,Implantação,20130501000000,Implantação
891,,,,23,,,,,2300101,Abaiara,0,,20130501000000,Implantação,20130501000000,Implantação
892,,,,23,,,,,2300150,Acarape,0,,20130501000000,Implantação,20130501000000,Implantação
893,,,,23,,,,,2300200,Acaraú,0,,20130501000000,Implantação,20130501000000,Implantação
894,,,,23,,,,,2300309,Acopiara,0,,20130501000000,Implantação,20130501000000,Implantação
895,,,,23,,,,,2300408,Aiuaba,0,,20130501000000,Implantação,20130501000000,Implantação
896,,,,23,,,,,2300507,Alcântaras,0,,20130501000000,Implantação,20130501000000,Implantação
897,,,,23,,,,,2300606,Altaneira,0,,20130501000000,Implantação,20130501000000,Implantação
898,,,,23,,,,,2300705,Alto Santo,0,,20130501000000,Implantação,20130501000000,Implantação
899,,,,23,,,,,2300754,Amontada,0,,20130501000000,Implantação,20130501000000,Implantação
900,,,,23,,,,,2300804,Antonina do Norte,0,,20130501000000,Implantação,20130501000000,Implantação
901,,,,23,,,,,2300903,Apuiarés,0,,20130501000000,Implantação,20130501000000,Implantação
902,,,,23,,,,,2301000,Aquiraz,0,,20130501000000,Implantação,20130501000000,Implantação
903,,,,23,,,,,2301109,Aracati,0,,20130501000000,Implantação,20130501000000,Implantação
904,,,,23,,,,,2301208,Aracoiaba,0,,20130501000000,Implantação,20130501000000,Implantação
905,,,,23,,,,,2301257,Ararendá,0,,20130501000000,Implantação,20130501000000,Implantação
906,,,,23,,,,,2301307,Araripe,0,,20130501000000,Implantação,20130501000000,Implantação
907,,,,23,,,,,2301406,Aratuba,0,,20130501000000,Implantação,20130501000000,Implantação
908,,,,23,,,,,2301505,Arneiroz,0,,20130501000000,Implantação,20130501000000,Implantação
909,,,,23,,,,,2301604,Assaré,0,,20130501000000,Implantação,20130501000000,Implantação
910,,,,23,,,,,2301703,Aurora,0,,20130501000000,Implantação,20130501000000,Implantação
911,,,,23,,,,,2301802,Baixio,0,,20130501000000,Implantação,20130501000000,Implantação
912,,,,23,,,,,2301851,Banabuiú,0,,20130501000000,Implantação,20130501000000,Implantação
913,,,,23,,,,,2301901,Barbalha,0,,20130501000000,Implantação,20130501000000,Implantação
914,,,,23,,,,,2301950,Barreira,0,,20130501000000,Implantação,20130501000000,Implantação
915,,,,23,,,,,2302008,Barro,0,,20130501000000,Implantação,20130501000000,Implantação
916,,,,23,,,,,2302057,Barroquinha,0,,20130501000000,Implantação,20130501000000,Implantação
917,,,,23,,,,,2302107,Baturité,0,,20130501000000,Implantação,20130501000000,Implantação
918,,,,23,,,,,2302206,Beberibe,0,,20130501000000,Implantação,20130501000000,Implantação
919,,,,23,,,,,2302305,Bela Cruz,0,,20130501000000,Implantação,20130501000000,Implantação
920,,,,23,,,,,2302404,Boa Viagem,0,,20130501000000,Implantação,20130501000000,Implantação
921,,,,23,,,,,2302503,Brejo Santo,0,,20130501000000,Implantação,20130501000000,Implantação
922,,,,23,,,,,2302602,Camocim,0,,20130501000000,Implantação,20130501000000,Implantação
923,,,,23,,,,,2302701,Campos Sales,0,,20130501000000,Implantação,20130501000000,Implantação
924,,,,23,,,,,2302800,Canindé,0,,20130501000000,Implantação,20130501000000,Implantação
925,,,,23,,,,,2302909,Capistrano,0,,20130501000000,Implantação,20130501000000,Implantação
926,,,,23,,,,,2303006,Caridade,0,,20130501000000,Implantação,20130501000000,Implantação
927,,,,23,,,,,2303105,Cariré,0,,20130501000000,Implantação,20130501000000,Implantação
928,,,,23,,,,,2303204,Caririaçu,0,,20130501000000,Implantação,20130501000000,Implantação
929,,,,23,,,,,2303303,Cariús,0,,20130501000000,Implantação,20130501000000,Implantação
930,,,,23,,,,,2303402,Carnaubal,0,,20130501000000,Implantação,20130501000000,Implantação
931,,,,23,,,,,2303501,Cascavel,0,,20130501000000,Implantação,20130501000000,Implantação
932,,,,23,,,,,2303600,Catarina,0,,20130501000000,Implantação,20130501000000,Implantação
933,,,,23,,,,,2303659,Catunda,0,,20130501000000,Implantação,20130501000000,Implantação
934,,,,23,,,,,2303709,Caucaia,0,,20130501000000,Implantação,20130501000000,Implantação
935,,,,23,,,,,2303808,Cedro,0,,20130501000000,Implantação,20130501000000,Implantação
936,,,,23,,,,,2303907,Chaval,0,,20130501000000,Implantação,20130501000000,Implantação
937,,,,23,,,,,2303931,Choró,0,,20130501000000,Implantação,20130501000000,Implantação
938,,,,23,,,,,2303956,Chorozinho,0,,20130501000000,Implantação,20130501000000,Implantação
939,,,,23,,,,,2304004,Coreaú,0,,20130501000000,Implantação,20130501000000,Implantação
940,,,,23,,,,,2304103,Crateús,0,,20130501000000,Implantação,20130501000000,Implantação
941,,,,23,,,,,2304202,Crato,0,,20130501000000,Implantação,20130501000000,Implantação
942,,,,23,,,,,2304236,Croatá,0,,20130501000000,Implantação,20130501000000,Implantação
943,,,,23,,,,,2304251,Cruz,0,,20130501000000,Implantação,20130501000000,Implantação
944,,,,23,,,,,2304269,Deputado Irapuan Pinheiro,0,,20130501000000,Implantação,20130501000000,Implantação
945,,,,23,,,,,2304277,Ererê,0,,20130501000000,Implantação,20130501000000,Implantação
946,,,,23,,,,,2304285,Eusébio,0,,20130501000000,Implantação,20130501000000,Implantação
947,,,,23,,,,,2304301,Farias Brito,0,,20130501000000,Implantação,20130501000000,Implantação
948,,,,23,,,,,2304350,Forquilha,0,,20130501000000,Implantação,20130501000000,Implantação
949,,,,23,,,,,2304400,Fortaleza,0,,20130501000000,Implantação,20130501000000,Implantação
950,,,,23,,,,,2304459,Fortim,0,,20130501000000,Implantação,20130501000000,Implantação
951,,,,23,,,,,2304509,Frecheirinha,0,,20130501000000,Implantação,20130501000000,Implantação
952,,,,23,,,,,2304608,General Sampaio,0,,20130501000000,Implantação,20130501000000,Implantação
953,,,,23,,,,,2304657,Graça,0,,20130501000000,Implantação,20130501000000,Implantação
954,,,,23,,,,,2304707,Granja,0,,20130501000000,Implantação,20130501000000,Implantação
955,,,,23,,,,,2304806,Granjeiro,0,,20130501000000,Implantação,20130501000000,Implantação
956,,,,23,,,,,2304905,Groaíras,0,,20130501000000,Implantação,20130501000000,Implantação
957,,,,23,,,,,2304954,Guaiúba,0,,20130501000000,Implantação,20130501000000,Implantação
958,,,,23,,,,,2305001,Guaraciaba do Norte,0,,20130501000000,Implantação,20130501000000,Implantação
959,,,,23,,,,,2305100,Guaramiranga,0,,20130501000000,Implantação,20130501000000,Implantação
960,,,,23,,,,,2305209,Hidrolândia,0,,20130501000000,Implantação,20130501000000,Implantação
961,,,,23,,,,,2305233,Horizonte,0,,20130501000000,Implantação,20130501000000,Implantação
962,,,,23,,,,,2305266,Ibaretama,0,,20130501000000,Implantação,20130501000000,Implantação
963,,,,23,,,,,2305308,Ibiapina,0,,20130501000000,Implantação,20130501000000,Implantação
964,,,,23,,,,,2305332,Ibicuitinga,0,,20130501000000,Implantação,20130501000000,Implantação
965,,,,23,,,,,2305357,Icapuí,0,,20130501000000,Implantação,20130501000000,Implantação
966,,,,23,,,,,2305407,Icó,0,,20130501000000,Implantação,20130501000000,Implantação
967,,,,23,,,,,2305506,Iguatu,0,,20130501000000,Implantação,20130501000000,Implantação
968,,,,23,,,,,2305605,Independência,0,,20130501000000,Implantação,20130501000000,Implantação
969,,,,23,,,,,2305654,Ipaporanga,0,,20130501000000,Implantação,20130501000000,Implantação
970,,,,23,,,,,2305704,Ipaumirim,0,,20130501000000,Implantação,20130501000000,Implantação
971,,,,23,,,,,2305803,Ipu,0,,20130501000000,Implantação,20130501000000,Implantação
972,,,,23,,,,,2305902,Ipueiras,0,,20130501000000,Implantação,20130501000000,Implantação
973,,,,23,,,,,2306009,Iracema,0,,20130501000000,Implantação,20130501000000,Implantação
974,,,,23,,,,,2306108,Irauçuba,0,,20130501000000,Implantação,20130501000000,Implantação
975,,,,23,,,,,2306207,Itaiçaba,0,,20130501000000,Implantação,20130501000000,Implantação
976,,,,23,,,,,2306256,Itaitinga,0,,20130501000000,Implantação,20130501000000,Implantação
977,,,,23,,,,,2306306,Itapagé,0,,20130501000000,Implantação,20130501000000,Implantação
978,,,,23,,,,,2306405,Itapipoca,0,,20130501000000,Implantação,20130501000000,Implantação
979,,,,23,,,,,2306504,Itapiúna,0,,20130501000000,Implantação,20130501000000,Implantação
980,,,,23,,,,,2306553,Itarema,0,,20130501000000,Implantação,20130501000000,Implantação
981,,,,23,,,,,2306603,Itatira,0,,20130501000000,Implantação,20130501000000,Implantação
982,,,,23,,,,,2306702,Jaguaretama,0,,20130501000000,Implantação,20130501000000,Implantação
983,,,,23,,,,,2306801,Jaguaribara,0,,20130501000000,Implantação,20130501000000,Implantação
984,,,,23,,,,,2306900,Jaguaribe,0,,20130501000000,Implantação,20130501000000,Implantação
985,,,,23,,,,,2307007,Jaguaruana,0,,20130501000000,Implantação,20130501000000,Implantação
986,,,,23,,,,,2307106,Jardim,0,,20130501000000,Implantação,20130501000000,Implantação
987,,,,23,,,,,2307205,Jati,0,,20130501000000,Implantação,20130501000000,Implantação
988,,,,23,,,,,2307254,Jijoca de Jericoacoara,0,,20130501000000,Implantação,20130501000000,Implantação
989,,,,23,,,,,2307304,Juazeiro do Norte,0,,20130501000000,Implantação,20130501000000,Implantação
990,,,,23,,,,,2307403,Jucás,0,,20130501000000,Implantação,20130501000000,Implantação
991,,,,23,,,,,2307502,Lavras da Mangabeira,0,,20130501000000,Implantação,20130501000000,Implantação
992,,,,23,,,,,2307601,Limoeiro do Norte,0,,20130501000000,Implantação,20130501000000,Implantação
993,,,,23,,,,,2307635,Madalena,0,,20130501000000,Implantação,20130501000000,Implantação
994,,,,23,,,,,2307650,Maracanaú,0,,20130501000000,Implantação,20130501000000,Implantação
995,,,,23,,,,,2307700,Maranguape,0,,20130501000000,Implantação,20130501000000,Implantação
996,,,,23,,,,,2307809,Marco,0,,20130501000000,Implantação,20130501000000,Implantação
997,,,,23,,,,,2307908,Martinópole,0,,20130501000000,Implantação,20130501000000,Implantação
998,,,,23,,,,,2308005,Massapê,0,,20130501000000,Implantação,20130501000000,Implantação
999,,,,23,,,,,2308104,Mauriti,0,,20130501000000,Implantação,20130501000000,Implantação
1000,,,,23,,,,,2308203,Meruoca,0,,20130501000000,Implantação,20130501000000,Implantação
1001,,,,23,,,,,2308302,Milagres,0,,20130501000000,Implantação,20130501000000,Implantação
1002,,,,23,,,,,2308351,Milhã,0,,20130501000000,Implantação,20130501000000,Implantação
1003,,,,23,,,,,2308377,Miraíma,0,,20130501000000,Implantação,20130501000000,Implantação
1004,,,,23,,,,,2308401,Missão Velha,0,,20130501000000,Implantação,20130501000000,Implantação
1005,,,,23,,,,,2308500,Mombaça,0,,20130501000000,Implantação,20130501000000,Implantação
1006,,,,23,,,,,2308609,Monsenhor Tabosa,0,,20130501000000,Implantação,20130501000000,Implantação
1007,,,,23,,,,,2308708,Morada Nova,0,,20130501000000,Implantação,20130501000000,Implantação
1008,,,,23,,,,,2308807,Moraújo,0,,20130501000000,Implantação,20130501000000,Implantação
1009,,,,23,,,,,2308906,Morrinhos,0,,20130501000000,Implantação,20130501000000,Implantação
1010,,,,23,,,,,2309003,Mucambo,0,,20130501000000,Implantação,20130501000000,Implantação
1011,,,,23,,,,,2309102,Mulungu,0,,20130501000000,Implantação,20130501000000,Implantação
1012,,,,23,,,,,2309201,Nova Olinda,0,,20130501000000,Implantação,20130501000000,Implantação
1013,,,,23,,,,,2309300,Nova Russas,0,,20130501000000,Implantação,20130501000000,Implantação
1014,,,,23,,,,,2309409,Novo Oriente,0,,20130501000000,Implantação,20130501000000,Implantação
1015,,,,23,,,,,2309458,Ocara,0,,20130501000000,Implantação,20130501000000,Implantação
1016,,,,23,,,,,2309508,Orós,0,,20130501000000,Implantação,20130501000000,Implantação
1017,,,,23,,,,,2309607,Pacajus,0,,20130501000000,Implantação,20130501000000,Implantação
1018,,,,23,,,,,2309706,Pacatuba,0,,20130501000000,Implantação,20130501000000,Implantação
1019,,,,23,,,,,2309805,Pacoti,0,,20130501000000,Implantação,20130501000000,Implantação
1020,,,,23,,,,,2309904,Pacujá,0,,20130501000000,Implantação,20130501000000,Implantação
1021,,,,23,,,,,2310001,Palhano,0,,20130501000000,Implantação,20130501000000,Implantação
1022,,,,23,,,,,2310100,Palmácia,0,,20130501000000,Implantação,20130501000000,Implantação
1023,,,,23,,,,,2310209,Paracuru,0,,20130501000000,Implantação,20130501000000,Implantação
1024,,,,23,,,,,2310258,Paraipaba,0,,20130501000000,Implantação,20130501000000,Implantação
1025,,,,23,,,,,2310308,Parambu,0,,20130501000000,Implantação,20130501000000,Implantação
1026,,,,23,,,,,2310407,Paramoti,0,,20130501000000,Implantação,20130501000000,Implantação
1027,,,,23,,,,,2310506,Pedra Branca,0,,20130501000000,Implantação,20130501000000,Implantação
1028,,,,23,,,,,2310605,Penaforte,0,,20130501000000,Implantação,20130501000000,Implantação
1029,,,,23,,,,,2310704,Pentecoste,0,,20130501000000,Implantação,20130501000000,Implantação
1030,,,,23,,,,,2310803,Pereiro,0,,20130501000000,Implantação,20130501000000,Implantação
1031,,,,23,,,,,2310852,Pindoretama,0,,20130501000000,Implantação,20130501000000,Implantação
1032,,,,23,,,,,2310902,Piquet Carneiro,0,,20130501000000,Implantação,20130501000000,Implantação
1033,,,,23,,,,,2310951,Pires Ferreira,0,,20130501000000,Implantação,20130501000000,Implantação
1034,,,,23,,,,,2311009,Poranga,0,,20130501000000,Implantação,20130501000000,Implantação
1035,,,,23,,,,,2311108,Porteiras,0,,20130501000000,Implantação,20130501000000,Implantação
1036,,,,23,,,,,2311207,Potengi,0,,20130501000000,Implantação,20130501000000,Implantação
1037,,,,23,,,,,2311231,Potiretama,0,,20130501000000,Implantação,20130501000000,Implantação
1038,,,,23,,,,,2311264,Quiterianópolis,0,,20130501000000,Implantação,20130501000000,Implantação
1039,,,,23,,,,,2311306,Quixadá,0,,20130501000000,Implantação,20130501000000,Implantação
1040,,,,23,,,,,2311355,Quixelô,0,,20130501000000,Implantação,20130501000000,Implantação
1041,,,,23,,,,,2311405,Quixeramobim,0,,20130501000000,Implantação,20130501000000,Implantação
1042,,,,23,,,,,2311504,Quixeré,0,,20130501000000,Implantação,20130501000000,Implantação
1043,,,,23,,,,,2311603,Redenção,0,,20130501000000,Implantação,20130501000000,Implantação
1044,,,,23,,,,,2311702,Reriutaba,0,,20130501000000,Implantação,20130501000000,Implantação
1045,,,,23,,,,,2311801,Russas,0,,20130501000000,Implantação,20130501000000,Implantação
1046,,,,23,,,,,2311900,Saboeiro,0,,20130501000000,Implantação,20130501000000,Implantação
1047,,,,23,,,,,2311959,Salitre,0,,20130501000000,Implantação,20130501000000,Implantação
1048,,,,23,,,,,2312007,Santana do Acaraú,0,,20130501000000,Implantação,20130501000000,Implantação
1049,,,,23,,,,,2312106,Santana do Cariri,0,,20130501000000,Implantação,20130501000000,Implantação
1050,,,,23,,,,,2312205,Santa Quitéria,0,,20130501000000,Implantação,20130501000000,Implantação
1051,,,,23,,,,,2312304,São Benedito,0,,20130501000000,Implantação,20130501000000,Implantação
1052,,,,23,,,,,2312403,São Gonçalo do Amarante,0,,20130501000000,Implantação,20130501000000,Implantação
1053,,,,23,,,,,2312502,São João do Jaguaribe,0,,20130501000000,Implantação,20130501000000,Implantação
1054,,,,23,,,,,2312601,São Luís do Curu,0,,20130501000000,Implantação,20130501000000,Implantação
1055,,,,23,,,,,2312700,Senador Pompeu,0,,20130501000000,Implantação,20130501000000,Implantação
1056,,,,23,,,,,2312809,Senador Sá,0,,20130501000000,Implantação,20130501000000,Implantação
1057,,,,23,,,,,2312908,Sobral,0,,20130501000000,Implantação,20130501000000,Implantação
1058,,,,23,,,,,2313005,Solonópole,0,,20130501000000,Implantação,20130501000000,Implantação
1059,,,,23,,,,,2313104,Tabuleiro do Norte,0,,20130501000000,Implantação,20130501000000,Implantação
1060,,,,23,,,,,2313203,Tamboril,0,,20130501000000,Implantação,20130501000000,Implantação
1061,,,,23,,,,,2313252,Tarrafas,0,,20130501000000,Implantação,20130501000000,Implantação
1062,,,,23,,,,,2313302,Tauá,0,,20130501000000,Implantação,20130501000000,Implantação
1063,,,,23,,,,,2313351,Tejuçuoca,0,,20130501000000,Implantação,20130501000000,Implantação
1064,,,,23,,,,,2313401,Tianguá,0,,20130501000000,Implantação,20130501000000,Implantação
1065,,,,23,,,,,2313500,Trairi,0,,20130501000000,Implantação,20130501000000,Implantação
1066,,,,23,,,,,2313559,Tururu,0,,20130501000000,Implantação,20130501000000,Implantação
1067,,,,23,,,,,2313609,Ubajara,0,,20130501000000,Implantação,20130501000000,Implantação
1068,,,,23,,,,,2313708,Umari,0,,20130501000000,Implantação,20130501000000,Implantação
1069,,,,23,,,,,2313757,Umirim,0,,20130501000000,Implantação,20130501000000,Implantação
1070,,,,23,,,,,2313807,Uruburetama,0,,20130501000000,Implantação,20130501000000,Implantação
1071,,,,23,,,,,2313906,Uruoca,0,,20130501000000,Implantação,20130501000000,Implantação
1072,,,,23,,,,,2313955,Varjota,0,,20130501000000,Implantação,20130501000000,Implantação
1073,,,,23,,,,,2314003,Várzea Alegre,0,,20130501000000,Implantação,20130501000000,Implantação
1074,,,,23,,,,,2314102,Viçosa do Ceará,0,,20130501000000,Implantação,20130501000000,Implantação
1075,,,,24,,,,,2400109,Acari,0,,20130501000000,Implantação,20130501000000,Implantação
1076,,,,24,,,,,2400208,Açu,0,,20130501000000,Implantação,20130501000000,Implantação
1077,,,,24,,,,,2400307,Afonso Bezerra,0,,20130501000000,Implantação,20130501000000,Implantação
1078,,,,24,,,,,2400406,Água Nova,0,,20130501000000,Implantação,20130501000000,Implantação
1079,,,,24,,,,,2400505,Alexandria,0,,20130501000000,Implantação,20130501000000,Implantação
1080,,,,24,,,,,2400604,Almino Afonso,0,,20130501000000,Implantação,20130501000000,Implantação
1081,,,,24,,,,,2400703,Alto do Rodrigues,0,,20130501000000,Implantação,20130501000000,Implantação
1082,,,,24,,,,,2400802,Angicos,0,,20130501000000,Implantação,20130501000000,Implantação
1083,,,,24,,,,,2400901,Antônio Martins,0,,20130501000000,Implantação,20130501000000,Implantação
1084,,,,24,,,,,2401008,Apodi,0,,20130501000000,Implantação,20130501000000,Implantação
1085,,,,24,,,,,2401107,Areia Branca,0,,20130501000000,Implantação,20130501000000,Implantação
1086,,,,24,,,,,2401206,Arês,0,,20130501000000,Implantação,20130501000000,Implantação
1087,,,,24,,,,,2401305,Augusto Severo,0,,20130501000000,Implantação,20130501000000,Implantação
1088,,,,24,,,,,2401404,Baía Formosa,0,,20130501000000,Implantação,20130501000000,Implantação
1089,,,,24,,,,,2401453,Baraúna,0,,20130501000000,Implantação,20130501000000,Implantação
1090,,,,24,,,,,2401503,Barcelona,0,,20130501000000,Implantação,20130501000000,Implantação
1091,,,,24,,,,,2401602,Bento Fernandes,0,,20130501000000,Implantação,20130501000000,Implantação
1092,,,,24,,,,,2401651,Bodó,0,,20130501000000,Implantação,20130501000000,Implantação
1093,,,,24,,,,,2401701,Bom Jesus,0,,20130501000000,Implantação,20130501000000,Implantação
1094,,,,24,,,,,2401800,Brejinho,0,,20130501000000,Implantação,20130501000000,Implantação
1095,,,,24,,,,,2401859,Caiçara do Norte,0,,20130501000000,Implantação,20130501000000,Implantação
1096,,,,24,,,,,2401909,Caiçara do Rio do Vento,0,,20130501000000,Implantação,20130501000000,Implantação
1097,,,,24,,,,,2402006,Caicó,0,,20130501000000,Implantação,20130501000000,Implantação
1098,,,,24,,,,,2402105,Campo Redondo,0,,20130501000000,Implantação,20130501000000,Implantação
1099,,,,24,,,,,2402204,Canguaretama,0,,20130501000000,Implantação,20130501000000,Implantação
1100,,,,24,,,,,2402303,Caraúbas,0,,20130501000000,Implantação,20130501000000,Implantação
1101,,,,24,,,,,2402402,Carnaúba dos Dantas,0,,20130501000000,Implantação,20130501000000,Implantação
1102,,,,24,,,,,2402501,Carnaubais,0,,20130501000000,Implantação,20130501000000,Implantação
1103,,,,24,,,,,2402600,Ceará-Mirim,0,,20130501000000,Implantação,20130501000000,Implantação
1104,,,,24,,,,,2402709,Cerro Corá,0,,20130501000000,Implantação,20130501000000,Implantação
1105,,,,24,,,,,2402808,Coronel Ezequiel,0,,20130501000000,Implantação,20130501000000,Implantação
1106,,,,24,,,,,2402907,Coronel João Pessoa,0,,20130501000000,Implantação,20130501000000,Implantação
1107,,,,24,,,,,2403004,Cruzeta,0,,20130501000000,Implantação,20130501000000,Implantação
1108,,,,24,,,,,2403103,Currais Novos,0,,20130501000000,Implantação,20130501000000,Implantação
1109,,,,24,,,,,2403202,Doutor Severiano,0,,20130501000000,Implantação,20130501000000,Implantação
1110,,,,24,,,,,2403251,Parnamirim,0,,20130501000000,Implantação,20130501000000,Implantação
1111,,,,24,,,,,2403301,Encanto,0,,20130501000000,Implantação,20130501000000,Implantação
1112,,,,24,,,,,2403400,Equador,0,,20130501000000,Implantação,20130501000000,Implantação
1113,,,,24,,,,,2403509,Espírito Santo,0,,20130501000000,Implantação,20130501000000,Implantação
1114,,,,24,,,,,2403608,Extremoz,0,,20130501000000,Implantação,20130501000000,Implantação
1115,,,,24,,,,,2403707,Felipe Guerra,0,,20130501000000,Implantação,20130501000000,Implantação
1116,,,,24,,,,,2403756,Fernando Pedroza,0,,20130501000000,Implantação,20130501000000,Implantação
1117,,,,24,,,,,2403806,Florânia,0,,20130501000000,Implantação,20130501000000,Implantação
1118,,,,24,,,,,2403905,Francisco Dantas,0,,20130501000000,Implantação,20130501000000,Implantação
1119,,,,24,,,,,2404002,Frutuoso Gomes,0,,20130501000000,Implantação,20130501000000,Implantação
1120,,,,24,,,,,2404101,Galinhos,0,,20130501000000,Implantação,20130501000000,Implantação
1121,,,,24,,,,,2404200,Goianinha,0,,20130501000000,Implantação,20130501000000,Implantação
1122,,,,24,,,,,2404309,Governador Dix-Sept Rosado,0,,20130501000000,Implantação,20130501000000,Implantação
1123,,,,24,,,,,2404408,Grossos,0,,20130501000000,Implantação,20130501000000,Implantação
1124,,,,24,,,,,2404507,Guamaré,0,,20130501000000,Implantação,20130501000000,Implantação
1125,,,,24,,,,,2404606,Ielmo Marinho,0,,20130501000000,Implantação,20130501000000,Implantação
1126,,,,24,,,,,2404705,Ipanguaçu,0,,20130501000000,Implantação,20130501000000,Implantação
1127,,,,24,,,,,2404804,Ipueira,0,,20130501000000,Implantação,20130501000000,Implantação
1128,,,,24,,,,,2404853,Itajá,0,,20130501000000,Implantação,20130501000000,Implantação
1129,,,,24,,,,,2404903,Itaú,0,,20130501000000,Implantação,20130501000000,Implantação
1130,,,,24,,,,,2405009,Jaçanã,0,,20130501000000,Implantação,20130501000000,Implantação
1131,,,,24,,,,,2405108,Jandaíra,0,,20130501000000,Implantação,20130501000000,Implantação
1132,,,,24,,,,,2405207,Janduís,0,,20130501000000,Implantação,20130501000000,Implantação
1133,,,,24,,,,,2405306,Januário Cicco,0,,20130501000000,Implantação,20130501000000,Implantação
1134,,,,24,,,,,2405405,Japi,0,,20130501000000,Implantação,20130501000000,Implantação
1135,,,,24,,,,,2405504,Jardim de Angicos,0,,20130501000000,Implantação,20130501000000,Implantação
1136,,,,24,,,,,2405603,Jardim de Piranhas,0,,20130501000000,Implantação,20130501000000,Implantação
1137,,,,24,,,,,2405702,Jardim do Seridó,0,,20130501000000,Implantação,20130501000000,Implantação
1138,,,,24,,,,,2405801,João Câmara,0,,20130501000000,Implantação,20130501000000,Implantação
1139,,,,24,,,,,2405900,João Dias,0,,20130501000000,Implantação,20130501000000,Implantação
1140,,,,24,,,,,2406007,José da Penha,0,,20130501000000,Implantação,20130501000000,Implantação
1141,,,,24,,,,,2406106,Jucurutu,0,,20130501000000,Implantação,20130501000000,Implantação
1142,,,,24,,,,,2406155,Jundiá,0,,20130501000000,Implantação,20130501000000,Implantação
1143,,,,24,,,,,2406205,Lagoa d'Anta,0,,20130501000000,Implantação,20130501000000,Implantação
1144,,,,24,,,,,2406304,Lagoa de Pedras,0,,20130501000000,Implantação,20130501000000,Implantação
1145,,,,24,,,,,2406403,Lagoa de Velhos,0,,20130501000000,Implantação,20130501000000,Implantação
1146,,,,24,,,,,2406502,Lagoa Nova,0,,20130501000000,Implantação,20130501000000,Implantação
1147,,,,24,,,,,2406601,Lagoa Salgada,0,,20130501000000,Implantação,20130501000000,Implantação
1148,,,,24,,,,,2406700,Lajes,0,,20130501000000,Implantação,20130501000000,Implantação
1149,,,,24,,,,,2406809,Lajes Pintadas,0,,20130501000000,Implantação,20130501000000,Implantação
1150,,,,24,,,,,2406908,Lucrécia,0,,20130501000000,Implantação,20130501000000,Implantação
1151,,,,24,,,,,2407005,Luís Gomes,0,,20130501000000,Implantação,20130501000000,Implantação
1152,,,,24,,,,,2407104,Macaíba,0,,20130501000000,Implantação,20130501000000,Implantação
1153,,,,24,,,,,2407203,Macau,0,,20130501000000,Implantação,20130501000000,Implantação
1154,,,,24,,,,,2407252,Major Sales,0,,20130501000000,Implantação,20130501000000,Implantação
1155,,,,24,,,,,2407302,Marcelino Vieira,0,,20130501000000,Implantação,20130501000000,Implantação
1156,,,,24,,,,,2407401,Martins,0,,20130501000000,Implantação,20130501000000,Implantação
1157,,,,24,,,,,2407500,Maxaranguape,0,,20130501000000,Implantação,20130501000000,Implantação
1158,,,,24,,,,,2407609,Messias Targino,0,,20130501000000,Implantação,20130501000000,Implantação
1159,,,,24,,,,,2407708,Montanhas,0,,20130501000000,Implantação,20130501000000,Implantação
1160,,,,24,,,,,2407807,Monte Alegre,0,,20130501000000,Implantação,20130501000000,Implantação
1161,,,,24,,,,,2407906,Monte das Gameleiras,0,,20130501000000,Implantação,20130501000000,Implantação
1162,,,,24,,,,,2408003,Mossoró,0,,20130501000000,Implantação,20130501000000,Implantação
1163,,,,24,,,,,2408102,Natal,0,,20130501000000,Implantação,20130501000000,Implantação
1164,,,,24,,,,,2408201,Nísia Floresta,0,,20130501000000,Implantação,20130501000000,Implantação
1165,,,,24,,,,,2408300,Nova Cruz,0,,20130501000000,Implantação,20130501000000,Implantação
1166,,,,24,,,,,2408409,Olho-d'Água do Borges,0,,20130501000000,Implantação,20130501000000,Implantação
1167,,,,24,,,,,2408508,Ouro Branco,0,,20130501000000,Implantação,20130501000000,Implantação
1168,,,,24,,,,,2408607,Paraná,0,,20130501000000,Implantação,20130501000000,Implantação
1169,,,,24,,,,,2408706,Paraú,0,,20130501000000,Implantação,20130501000000,Implantação
1170,,,,24,,,,,2408805,Parazinho,0,,20130501000000,Implantação,20130501000000,Implantação
1171,,,,24,,,,,2408904,Parelhas,0,,20130501000000,Implantação,20130501000000,Implantação
1172,,,,24,,,,,2408953,Rio do Fogo,0,,20130501000000,Implantação,20130501000000,Implantação
1173,,,,24,,,,,2409100,Passa e Fica,0,,20130501000000,Implantação,20130501000000,Implantação
1174,,,,24,,,,,2409209,Passagem,0,,20130501000000,Implantação,20130501000000,Implantação
1175,,,,24,,,,,2409308,Patu,0,,20130501000000,Implantação,20130501000000,Implantação
1176,,,,24,,,,,2409332,Santa Maria,0,,20130501000000,Implantação,20130501000000,Implantação
1177,,,,24,,,,,2409407,Pau dos Ferros,0,,20130501000000,Implantação,20130501000000,Implantação
1178,,,,24,,,,,2409506,Pedra Grande,0,,20130501000000,Implantação,20130501000000,Implantação
1179,,,,24,,,,,2409605,Pedra Preta,0,,20130501000000,Implantação,20130501000000,Implantação
1180,,,,24,,,,,2409704,Pedro Avelino,0,,20130501000000,Implantação,20130501000000,Implantação
1181,,,,24,,,,,2409803,Pedro Velho,0,,20130501000000,Implantação,20130501000000,Implantação
1182,,,,24,,,,,2409902,Pendências,0,,20130501000000,Implantação,20130501000000,Implantação
1183,,,,24,,,,,2410009,Pilões,0,,20130501000000,Implantação,20130501000000,Implantação
1184,,,,24,,,,,2410108,Poço Branco,0,,20130501000000,Implantação,20130501000000,Implantação
1185,,,,24,,,,,2410207,Portalegre,0,,20130501000000,Implantação,20130501000000,Implantação
1186,,,,24,,,,,2410256,Porto do Mangue,0,,20130501000000,Implantação,20130501000000,Implantação
1187,,,,24,,,,,2410306,Presidente Juscelino,0,,20130501000000,Implantação,20130501000000,Implantação
1188,,,,24,,,,,2410405,Pureza,0,,20130501000000,Implantação,20130501000000,Implantação
1189,,,,24,,,,,2410504,Rafael Fernandes,0,,20130501000000,Implantação,20130501000000,Implantação
1190,,,,24,,,,,2410603,Rafael Godeiro,0,,20130501000000,Implantação,20130501000000,Implantação
1191,,,,24,,,,,2410702,Riacho da Cruz,0,,20130501000000,Implantação,20130501000000,Implantação
1192,,,,24,,,,,2410801,Riacho de Santana,0,,20130501000000,Implantação,20130501000000,Implantação
1193,,,,24,,,,,2410900,Riachuelo,0,,20130501000000,Implantação,20130501000000,Implantação
1194,,,,24,,,,,2411007,Rodolfo Fernandes,0,,20130501000000,Implantação,20130501000000,Implantação
1195,,,,24,,,,,2411056,Tibau,0,,20130501000000,Implantação,20130501000000,Implantação
1196,,,,24,,,,,2411106,Ruy Barbosa,0,,20130501000000,Implantação,20130501000000,Implantação
1197,,,,24,,,,,2411205,Santa Cruz,0,,20130501000000,Implantação,20130501000000,Implantação
1198,,,,24,,,,,2411403,Santana do Matos,0,,20130501000000,Implantação,20130501000000,Implantação
1199,,,,24,,,,,2411429,Santana do Seridó,0,,20130501000000,Implantação,20130501000000,Implantação
1200,,,,24,,,,,2411502,Santo Antônio,0,,20130501000000,Implantação,20130501000000,Implantação
1201,,,,24,,,,,2411601,São Bento do Norte,0,,20130501000000,Implantação,20130501000000,Implantação
1202,,,,24,,,,,2411700,São Bento do Trairí,0,,20130501000000,Implantação,20130501000000,Implantação
1203,,,,24,,,,,2411809,São Fernando,0,,20130501000000,Implantação,20130501000000,Implantação
1204,,,,24,,,,,2411908,São Francisco do Oeste,0,,20130501000000,Implantação,20130501000000,Implantação
1205,,,,24,,,,,2412005,São Gonçalo do Amarante,0,,20130501000000,Implantação,20130501000000,Implantação
1206,,,,24,,,,,2412104,São João do Sabugi,0,,20130501000000,Implantação,20130501000000,Implantação
1207,,,,24,,,,,2412203,São José de Mipibu,0,,20130501000000,Implantação,20130501000000,Implantação
1208,,,,24,,,,,2412302,São José do Campestre,0,,20130501000000,Implantação,20130501000000,Implantação
1209,,,,24,,,,,2412401,São José do Seridó,0,,20130501000000,Implantação,20130501000000,Implantação
1210,,,,24,,,,,2412500,São Miguel,0,,20130501000000,Implantação,20130501000000,Implantação
1211,,,,24,,,,,2412559,São Miguel do Gostoso,0,,20130501000000,Implantação,20130501000000,Implantação
1212,,,,24,,,,,2412609,São Paulo do Potengi,0,,20130501000000,Implantação,20130501000000,Implantação
1213,,,,24,,,,,2412708,São Pedro,0,,20130501000000,Implantação,20130501000000,Implantação
1214,,,,24,,,,,2412807,São Rafael,0,,20130501000000,Implantação,20130501000000,Implantação
1215,,,,24,,,,,2412906,São Tomé,0,,20130501000000,Implantação,20130501000000,Implantação
1216,,,,24,,,,,2413003,São Vicente,0,,20130501000000,Implantação,20130501000000,Implantação
1217,,,,24,,,,,2413102,Senador Elói de Souza,0,,20130501000000,Implantação,20130501000000,Implantação
1218,,,,24,,,,,2413201,Senador Georgino Avelino,0,,20130501000000,Implantação,20130501000000,Implantação
1219,,,,24,,,,,2413300,Serra de São Bento,0,,20130501000000,Implantação,20130501000000,Implantação
1220,,,,24,,,,,2413359,Serra do Mel,0,,20130501000000,Implantação,20130501000000,Implantação
1221,,,,24,,,,,2413409,Serra Negra do Norte,0,,20130501000000,Implantação,20130501000000,Implantação
1222,,,,24,,,,,2413508,Serrinha,0,,20130501000000,Implantação,20130501000000,Implantação
1223,,,,24,,,,,2413557,Serrinha dos Pintos,0,,20130501000000,Implantação,20130501000000,Implantação
1224,,,,24,,,,,2413607,Severiano Melo,0,,20130501000000,Implantação,20130501000000,Implantação
1225,,,,24,,,,,2413706,Sítio Novo,0,,20130501000000,Implantação,20130501000000,Implantação
1226,,,,24,,,,,2413805,Taboleiro Grande,0,,20130501000000,Implantação,20130501000000,Implantação
1227,,,,24,,,,,2413904,Taipu,0,,20130501000000,Implantação,20130501000000,Implantação
1228,,,,24,,,,,2414001,Tangará,0,,20130501000000,Implantação,20130501000000,Implantação
1229,,,,24,,,,,2414100,Tenente Ananias,0,,20130501000000,Implantação,20130501000000,Implantação
1230,,,,24,,,,,2414159,Tenente Laurentino Cruz,0,,20130501000000,Implantação,20130501000000,Implantação
1231,,,,24,,,,,2414209,Tibau do Sul,0,,20130501000000,Implantação,20130501000000,Implantação
1232,,,,24,,,,,2414308,Timbaúba dos Batistas,0,,20130501000000,Implantação,20130501000000,Implantação
1233,,,,24,,,,,2414407,Touros,0,,20130501000000,Implantação,20130501000000,Implantação
1234,,,,24,,,,,2414456,Triunfo Potiguar,0,,20130501000000,Implantação,20130501000000,Implantação
1235,,,,24,,,,,2414506,Umarizal,0,,20130501000000,Implantação,20130501000000,Implantação
1236,,,,24,,,,,2414605,Upanema,0,,20130501000000,Implantação,20130501000000,Implantação
1237,,,,24,,,,,2414704,Várzea,0,,20130501000000,Implantação,20130501000000,Implantação
1238,,,,24,,,,,2414753,Venha-Ver,0,,20130501000000,Implantação,20130501000000,Implantação
1239,,,,24,,,,,2414803,Vera Cruz,0,,20130501000000,Implantação,20130501000000,Implantação
1240,,,,24,,,,,2414902,Viçosa,0,,20130501000000,Implantação,20130501000000,Implantação
1241,,,,24,,,,,2415008,Vila Flor,0,,20130501000000,Implantação,20130501000000,Implantação
1242,,,,25,,,,,2500106,Água Branca,0,,20130501000000,Implantação,20130501000000,Implantação
1243,,,,25,,,,,2500205,Aguiar,0,,20130501000000,Implantação,20130501000000,Implantação
1244,,,,25,,,,,2500304,Alagoa Grande,0,,20130501000000,Implantação,20130501000000,Implantação
1245,,,,25,,,,,2500403,Alagoa Nova,0,,20130501000000,Implantação,20130501000000,Implantação
1246,,,,25,,,,,2500502,Alagoinha,0,,20130501000000,Implantação,20130501000000,Implantação
1247,,,,25,,,,,2500536,Alcantil,0,,20130501000000,Implantação,20130501000000,Implantação
1248,,,,25,,,,,2500577,Algodão de Jandaíra,0,,20130501000000,Implantação,20130501000000,Implantação
1249,,,,25,,,,,2500601,Alhandra,0,,20130501000000,Implantação,20130501000000,Implantação
1250,,,,25,,,,,2500700,São João do Rio do Peixe,0,,20130501000000,Implantação,20130501000000,Implantação
1251,,,,25,,,,,2500734,Amparo,0,,20130501000000,Implantação,20130501000000,Implantação
1252,,,,25,,,,,2500775,Aparecida,0,,20130501000000,Implantação,20130501000000,Implantação
1253,,,,25,,,,,2500809,Araçagi,0,,20130501000000,Implantação,20130501000000,Implantação
1254,,,,25,,,,,2500908,Arara,0,,20130501000000,Implantação,20130501000000,Implantação
1255,,,,25,,,,,2501005,Araruna,0,,20130501000000,Implantação,20130501000000,Implantação
1256,,,,25,,,,,2501104,Areia,0,,20130501000000,Implantação,20130501000000,Implantação
1257,,,,25,,,,,2501153,Areia de Baraúnas,0,,20130501000000,Implantação,20130501000000,Implantação
1258,,,,25,,,,,2501203,Areial,0,,20130501000000,Implantação,20130501000000,Implantação
1259,,,,25,,,,,2501302,Aroeiras,0,,20130501000000,Implantação,20130501000000,Implantação
1260,,,,25,,,,,2501351,Assunção,0,,20130501000000,Implantação,20130501000000,Implantação
1261,,,,25,,,,,2501401,Baía da Traição,0,,20130501000000,Implantação,20130501000000,Implantação
1262,,,,25,,,,,2501500,Bananeiras,0,,20130501000000,Implantação,20130501000000,Implantação
1263,,,,25,,,,,2501534,Baraúna,0,,20130501000000,Implantação,20130501000000,Implantação
1264,,,,25,,,,,2501575,Barra de Santana,0,,20130501000000,Implantação,20130501000000,Implantação
1265,,,,25,,,,,2501609,Barra de Santa Rosa,0,,20130501000000,Implantação,20130501000000,Implantação
1266,,,,25,,,,,2501708,Barra de São Miguel,0,,20130501000000,Implantação,20130501000000,Implantação
1267,,,,25,,,,,2501807,Bayeux,0,,20130501000000,Implantação,20130501000000,Implantação
1268,,,,25,,,,,2501906,Belém,0,,20130501000000,Implantação,20130501000000,Implantação
1269,,,,25,,,,,2502003,Belém do Brejo do Cruz,0,,20130501000000,Implantação,20130501000000,Implantação
1270,,,,25,,,,,2502052,Bernardino Batista,0,,20130501000000,Implantação,20130501000000,Implantação
1271,,,,25,,,,,2502102,Boa Ventura,0,,20130501000000,Implantação,20130501000000,Implantação
1272,,,,25,,,,,2502151,Boa Vista,0,,20130501000000,Implantação,20130501000000,Implantação
1273,,,,25,,,,,2502201,Bom Jesus,0,,20130501000000,Implantação,20130501000000,Implantação
1274,,,,25,,,,,2502300,Bom Sucesso,0,,20130501000000,Implantação,20130501000000,Implantação
1275,,,,25,,,,,2502409,Bonito de Santa Fé,0,,20130501000000,Implantação,20130501000000,Implantação
1276,,,,25,,,,,2502508,Boqueirão,0,,20130501000000,Implantação,20130501000000,Implantação
1277,,,,25,,,,,2502607,Igaracy,0,,20130501000000,Implantação,20130501000000,Implantação
1278,,,,25,,,,,2502706,Borborema,0,,20130501000000,Implantação,20130501000000,Implantação
1279,,,,25,,,,,2502805,Brejo do Cruz,0,,20130501000000,Implantação,20130501000000,Implantação
1280,,,,25,,,,,2502904,Brejo dos Santos,0,,20130501000000,Implantação,20130501000000,Implantação
1281,,,,25,,,,,2503001,Caaporã,0,,20130501000000,Implantação,20130501000000,Implantação
1282,,,,25,,,,,2503100,Cabaceiras,0,,20130501000000,Implantação,20130501000000,Implantação
1283,,,,25,,,,,2503209,Cabedelo,0,,20130501000000,Implantação,20130501000000,Implantação
1284,,,,25,,,,,2503308,Cachoeira dos Índios,0,,20130501000000,Implantação,20130501000000,Implantação
1285,,,,25,,,,,2503407,Cacimba de Areia,0,,20130501000000,Implantação,20130501000000,Implantação
1286,,,,25,,,,,2503506,Cacimba de Dentro,0,,20130501000000,Implantação,20130501000000,Implantação
1287,,,,25,,,,,2503555,Cacimbas,0,,20130501000000,Implantação,20130501000000,Implantação
1288,,,,25,,,,,2503605,Caiçara,0,,20130501000000,Implantação,20130501000000,Implantação
1289,,,,25,,,,,2503704,Cajazeiras,0,,20130501000000,Implantação,20130501000000,Implantação
1290,,,,25,,,,,2503753,Cajazeirinhas,0,,20130501000000,Implantação,20130501000000,Implantação
1291,,,,25,,,,,2503803,Caldas Brandão,0,,20130501000000,Implantação,20130501000000,Implantação
1292,,,,25,,,,,2503902,Camalaú,0,,20130501000000,Implantação,20130501000000,Implantação
1293,,,,25,,,,,2504009,Campina Grande,0,,20130501000000,Implantação,20130501000000,Implantação
1294,,,,25,,,,,2504033,Capim,0,,20130501000000,Implantação,20130501000000,Implantação
1295,,,,25,,,,,2504074,Caraúbas,0,,20130501000000,Implantação,20130501000000,Implantação
1296,,,,25,,,,,2504108,Carrapateira,0,,20130501000000,Implantação,20130501000000,Implantação
1297,,,,25,,,,,2504157,Casserengue,0,,20130501000000,Implantação,20130501000000,Implantação
1298,,,,25,,,,,2504207,Catingueira,0,,20130501000000,Implantação,20130501000000,Implantação
1299,,,,25,,,,,2504306,Catolé do Rocha,0,,20130501000000,Implantação,20130501000000,Implantação
1300,,,,25,,,,,2504355,Caturité,0,,20130501000000,Implantação,20130501000000,Implantação
1301,,,,25,,,,,2504405,Conceição,0,,20130501000000,Implantação,20130501000000,Implantação
1302,,,,25,,,,,2504504,Condado,0,,20130501000000,Implantação,20130501000000,Implantação
1303,,,,25,,,,,2504603,Conde,0,,20130501000000,Implantação,20130501000000,Implantação
1304,,,,25,,,,,2504702,Congo,0,,20130501000000,Implantação,20130501000000,Implantação
1305,,,,25,,,,,2504801,Coremas,0,,20130501000000,Implantação,20130501000000,Implantação
1306,,,,25,,,,,2504850,Coxixola,0,,20130501000000,Implantação,20130501000000,Implantação
1307,,,,25,,,,,2504900,Cruz do Espírito Santo,0,,20130501000000,Implantação,20130501000000,Implantação
1308,,,,25,,,,,2505006,Cubati,0,,20130501000000,Implantação,20130501000000,Implantação
1309,,,,25,,,,,2505105,Cuité,0,,20130501000000,Implantação,20130501000000,Implantação
1310,,,,25,,,,,2505204,Cuitegi,0,,20130501000000,Implantação,20130501000000,Implantação
1311,,,,25,,,,,2505238,Cuité de Mamanguape,0,,20130501000000,Implantação,20130501000000,Implantação
1312,,,,25,,,,,2505279,Curral de Cima,0,,20130501000000,Implantação,20130501000000,Implantação
1313,,,,25,,,,,2505303,Curral Velho,0,,20130501000000,Implantação,20130501000000,Implantação
1314,,,,25,,,,,2505352,Damião,0,,20130501000000,Implantação,20130501000000,Implantação
1315,,,,25,,,,,2505402,Desterro,0,,20130501000000,Implantação,20130501000000,Implantação
1316,,,,25,,,,,2505501,Vista Serrana,0,,20130501000000,Implantação,20130501000000,Implantação
1317,,,,25,,,,,2505600,Diamante,0,,20130501000000,Implantação,20130501000000,Implantação
1318,,,,25,,,,,2505709,Dona Inês,0,,20130501000000,Implantação,20130501000000,Implantação
1319,,,,25,,,,,2505808,Duas Estradas,0,,20130501000000,Implantação,20130501000000,Implantação
1320,,,,25,,,,,2505907,Emas,0,,20130501000000,Implantação,20130501000000,Implantação
1321,,,,25,,,,,2506004,Esperança,0,,20130501000000,Implantação,20130501000000,Implantação
1322,,,,25,,,,,2506103,Fagundes,0,,20130501000000,Implantação,20130501000000,Implantação
1323,,,,25,,,,,2506202,Frei Martinho,0,,20130501000000,Implantação,20130501000000,Implantação
1324,,,,25,,,,,2506251,Gado Bravo,0,,20130501000000,Implantação,20130501000000,Implantação
1325,,,,25,,,,,2506301,Guarabira,0,,20130501000000,Implantação,20130501000000,Implantação
1326,,,,25,,,,,2506400,Gurinhém,0,,20130501000000,Implantação,20130501000000,Implantação
1327,,,,25,,,,,2506509,Gurjão,0,,20130501000000,Implantação,20130501000000,Implantação
1328,,,,25,,,,,2506608,Ibiara,0,,20130501000000,Implantação,20130501000000,Implantação
1329,,,,25,,,,,2506707,Imaculada,0,,20130501000000,Implantação,20130501000000,Implantação
1330,,,,25,,,,,2506806,Ingá,0,,20130501000000,Implantação,20130501000000,Implantação
1331,,,,25,,,,,2506905,Itabaiana,0,,20130501000000,Implantação,20130501000000,Implantação
1332,,,,25,,,,,2507002,Itaporanga,0,,20130501000000,Implantação,20130501000000,Implantação
1333,,,,25,,,,,2507101,Itapororoca,0,,20130501000000,Implantação,20130501000000,Implantação
1334,,,,25,,,,,2507200,Itatuba,0,,20130501000000,Implantação,20130501000000,Implantação
1335,,,,25,,,,,2507309,Jacaraú,0,,20130501000000,Implantação,20130501000000,Implantação
1336,,,,25,,,,,2507408,Jericó,0,,20130501000000,Implantação,20130501000000,Implantação
1337,,,,25,,,,,2507507,João Pessoa,0,,20130501000000,Implantação,20130501000000,Implantação
1338,,,,25,,,,,2507606,Juarez Távora,0,,20130501000000,Implantação,20130501000000,Implantação
1339,,,,25,,,,,2507705,Juazeirinho,0,,20130501000000,Implantação,20130501000000,Implantação
1340,,,,25,,,,,2507804,Junco do Seridó,0,,20130501000000,Implantação,20130501000000,Implantação
1341,,,,25,,,,,2507903,Juripiranga,0,,20130501000000,Implantação,20130501000000,Implantação
1342,,,,25,,,,,2508000,Juru,0,,20130501000000,Implantação,20130501000000,Implantação
1343,,,,25,,,,,2508109,Lagoa,0,,20130501000000,Implantação,20130501000000,Implantação
1344,,,,25,,,,,2508208,Lagoa de Dentro,0,,20130501000000,Implantação,20130501000000,Implantação
1345,,,,25,,,,,2508307,Lagoa Seca,0,,20130501000000,Implantação,20130501000000,Implantação
1346,,,,25,,,,,2508406,Lastro,0,,20130501000000,Implantação,20130501000000,Implantação
1347,,,,25,,,,,2508505,Livramento,0,,20130501000000,Implantação,20130501000000,Implantação
1348,,,,25,,,,,2508554,Logradouro,0,,20130501000000,Implantação,20130501000000,Implantação
1349,,,,25,,,,,2508604,Lucena,0,,20130501000000,Implantação,20130501000000,Implantação
1350,,,,25,,,,,2508703,Mãe d'Água,0,,20130501000000,Implantação,20130501000000,Implantação
1351,,,,25,,,,,2508802,Malta,0,,20130501000000,Implantação,20130501000000,Implantação
1352,,,,25,,,,,2508901,Mamanguape,0,,20130501000000,Implantação,20130501000000,Implantação
1353,,,,25,,,,,2509008,Manaíra,0,,20130501000000,Implantação,20130501000000,Implantação
1354,,,,25,,,,,2509057,Marcação,0,,20130501000000,Implantação,20130501000000,Implantação
1355,,,,25,,,,,2509107,Mari,0,,20130501000000,Implantação,20130501000000,Implantação
1356,,,,25,,,,,2509156,Marizópolis,0,,20130501000000,Implantação,20130501000000,Implantação
1357,,,,25,,,,,2509206,Massaranduba,0,,20130501000000,Implantação,20130501000000,Implantação
1358,,,,25,,,,,2509305,Mataraca,0,,20130501000000,Implantação,20130501000000,Implantação
1359,,,,25,,,,,2509339,Matinhas,0,,20130501000000,Implantação,20130501000000,Implantação
1360,,,,25,,,,,2509370,Mato Grosso,0,,20130501000000,Implantação,20130501000000,Implantação
1361,,,,25,,,,,2509396,Maturéia,0,,20130501000000,Implantação,20130501000000,Implantação
1362,,,,25,,,,,2509404,Mogeiro,0,,20130501000000,Implantação,20130501000000,Implantação
1363,,,,25,,,,,2509503,Montadas,0,,20130501000000,Implantação,20130501000000,Implantação
1364,,,,25,,,,,2509602,Monte Horebe,0,,20130501000000,Implantação,20130501000000,Implantação
1365,,,,25,,,,,2509701,Monteiro,0,,20130501000000,Implantação,20130501000000,Implantação
1366,,,,25,,,,,2509800,Mulungu,0,,20130501000000,Implantação,20130501000000,Implantação
1367,,,,25,,,,,2509909,Natuba,0,,20130501000000,Implantação,20130501000000,Implantação
1368,,,,25,,,,,2510006,Nazarezinho,0,,20130501000000,Implantação,20130501000000,Implantação
1369,,,,25,,,,,2510105,Nova Floresta,0,,20130501000000,Implantação,20130501000000,Implantação
1370,,,,25,,,,,2510204,Nova Olinda,0,,20130501000000,Implantação,20130501000000,Implantação
1371,,,,25,,,,,2510303,Nova Palmeira,0,,20130501000000,Implantação,20130501000000,Implantação
1372,,,,25,,,,,2510402,Olho d'Água,0,,20130501000000,Implantação,20130501000000,Implantação
1373,,,,25,,,,,2510501,Olivedos,0,,20130501000000,Implantação,20130501000000,Implantação
1374,,,,25,,,,,2510600,Ouro Velho,0,,20130501000000,Implantação,20130501000000,Implantação
1375,,,,25,,,,,2510659,Parari,0,,20130501000000,Implantação,20130501000000,Implantação
1376,,,,25,,,,,2510709,Passagem,0,,20130501000000,Implantação,20130501000000,Implantação
1377,,,,25,,,,,2510808,Patos,0,,20130501000000,Implantação,20130501000000,Implantação
1378,,,,25,,,,,2510907,Paulista,0,,20130501000000,Implantação,20130501000000,Implantação
1379,,,,25,,,,,2511004,Pedra Branca,0,,20130501000000,Implantação,20130501000000,Implantação
1380,,,,25,,,,,2511103,Pedra Lavrada,0,,20130501000000,Implantação,20130501000000,Implantação
1381,,,,25,,,,,2511202,Pedras de Fogo,0,,20130501000000,Implantação,20130501000000,Implantação
1382,,,,25,,,,,2511301,Piancó,0,,20130501000000,Implantação,20130501000000,Implantação
1383,,,,25,,,,,2511400,Picuí,0,,20130501000000,Implantação,20130501000000,Implantação
1384,,,,25,,,,,2511509,Pilar,0,,20130501000000,Implantação,20130501000000,Implantação
1385,,,,25,,,,,2511608,Pilões,0,,20130501000000,Implantação,20130501000000,Implantação
1386,,,,25,,,,,2511707,Pilõezinhos,0,,20130501000000,Implantação,20130501000000,Implantação
1387,,,,25,,,,,2511806,Pirpirituba,0,,20130501000000,Implantação,20130501000000,Implantação
1388,,,,25,,,,,2511905,Pitimbu,0,,20130501000000,Implantação,20130501000000,Implantação
1389,,,,25,,,,,2512002,Pocinhos,0,,20130501000000,Implantação,20130501000000,Implantação
1390,,,,25,,,,,2512036,Poço Dantas,0,,20130501000000,Implantação,20130501000000,Implantação
1391,,,,25,,,,,2512077,Poço de José de Moura,0,,20130501000000,Implantação,20130501000000,Implantação
1392,,,,25,,,,,2512101,Pombal,0,,20130501000000,Implantação,20130501000000,Implantação
1393,,,,25,,,,,2512200,Prata,0,,20130501000000,Implantação,20130501000000,Implantação
1394,,,,25,,,,,2512309,Princesa Isabel,0,,20130501000000,Implantação,20130501000000,Implantação
1395,,,,25,,,,,2512408,Puxinanã,0,,20130501000000,Implantação,20130501000000,Implantação
1396,,,,25,,,,,2512507,Queimadas,0,,20130501000000,Implantação,20130501000000,Implantação
1397,,,,25,,,,,2512606,Quixabá,0,,20130501000000,Implantação,20130501000000,Implantação
1398,,,,25,,,,,2512705,Remígio,0,,20130501000000,Implantação,20130501000000,Implantação
1399,,,,25,,,,,2512721,Pedro Régis,0,,20130501000000,Implantação,20130501000000,Implantação
1400,,,,25,,,,,2512747,Riachão,0,,20130501000000,Implantação,20130501000000,Implantação
1401,,,,25,,,,,2512754,Riachão do Bacamarte,0,,20130501000000,Implantação,20130501000000,Implantação
1402,,,,25,,,,,2512762,Riachão do Poço,0,,20130501000000,Implantação,20130501000000,Implantação
1403,,,,25,,,,,2512788,Riacho de Santo Antônio,0,,20130501000000,Implantação,20130501000000,Implantação
1404,,,,25,,,,,2512804,Riacho dos Cavalos,0,,20130501000000,Implantação,20130501000000,Implantação
1405,,,,25,,,,,2512903,Rio Tinto,0,,20130501000000,Implantação,20130501000000,Implantação
1406,,,,25,,,,,2513000,Salgadinho,0,,20130501000000,Implantação,20130501000000,Implantação
1407,,,,25,,,,,2513109,Salgado de São Félix,0,,20130501000000,Implantação,20130501000000,Implantação
1408,,,,25,,,,,2513158,Santa Cecília,0,,20130501000000,Implantação,20130501000000,Implantação
1409,,,,25,,,,,2513208,Santa Cruz,0,,20130501000000,Implantação,20130501000000,Implantação
1410,,,,25,,,,,2513307,Santa Helena,0,,20130501000000,Implantação,20130501000000,Implantação
1411,,,,25,,,,,2513356,Santa Inês,0,,20130501000000,Implantação,20130501000000,Implantação
1412,,,,25,,,,,2513406,Santa Luzia,0,,20130501000000,Implantação,20130501000000,Implantação
1413,,,,25,,,,,2513505,Santana de Mangueira,0,,20130501000000,Implantação,20130501000000,Implantação
1414,,,,25,,,,,2513604,Santana dos Garrotes,0,,20130501000000,Implantação,20130501000000,Implantação
1415,,,,25,,,,,2513653,Joca Claudino,0,,20130501000000,Implantação,20130501000000,Implantação
1416,,,,25,,,,,2513703,Santa Rita,0,,20130501000000,Implantação,20130501000000,Implantação
1417,,,,25,,,,,2513802,Santa Teresinha,0,,20130501000000,Implantação,20130501000000,Implantação
1418,,,,25,,,,,2513851,Santo André,0,,20130501000000,Implantação,20130501000000,Implantação
1419,,,,25,,,,,2513901,São Bento,0,,20130501000000,Implantação,20130501000000,Implantação
1420,,,,25,,,,,2513927,São Bentinho,0,,20130501000000,Implantação,20130501000000,Implantação
1421,,,,25,,,,,2513943,São Domingos do Cariri,0,,20130501000000,Implantação,20130501000000,Implantação
1422,,,,25,,,,,2513968,São Domingos,0,,20130501000000,Implantação,20130501000000,Implantação
1423,,,,25,,,,,2513984,São Francisco,0,,20130501000000,Implantação,20130501000000,Implantação
1424,,,,25,,,,,2514008,São João do Cariri,0,,20130501000000,Implantação,20130501000000,Implantação
1425,,,,25,,,,,2514107,São João do Tigre,0,,20130501000000,Implantação,20130501000000,Implantação
1426,,,,25,,,,,2514206,São José da Lagoa Tapada,0,,20130501000000,Implantação,20130501000000,Implantação
1427,,,,25,,,,,2514305,São José de Caiana,0,,20130501000000,Implantação,20130501000000,Implantação
1428,,,,25,,,,,2514404,São José de Espinharas,0,,20130501000000,Implantação,20130501000000,Implantação
1429,,,,25,,,,,2514453,São José dos Ramos,0,,20130501000000,Implantação,20130501000000,Implantação
1430,,,,25,,,,,2514503,São José de Piranhas,0,,20130501000000,Implantação,20130501000000,Implantação
1431,,,,25,,,,,2514552,São José de Princesa,0,,20130501000000,Implantação,20130501000000,Implantação
1432,,,,25,,,,,2514602,São José do Bonfim,0,,20130501000000,Implantação,20130501000000,Implantação
1433,,,,25,,,,,2514651,São José do Brejo do Cruz,0,,20130501000000,Implantação,20130501000000,Implantação
1434,,,,25,,,,,2514701,São José do Sabugi,0,,20130501000000,Implantação,20130501000000,Implantação
1435,,,,25,,,,,2514800,São José dos Cordeiros,0,,20130501000000,Implantação,20130501000000,Implantação
1436,,,,25,,,,,2514909,São Mamede,0,,20130501000000,Implantação,20130501000000,Implantação
1437,,,,25,,,,,2515005,São Miguel de Taipu,0,,20130501000000,Implantação,20130501000000,Implantação
1438,,,,25,,,,,2515104,São Sebastião de Lagoa de Roça,0,,20130501000000,Implantação,20130501000000,Implantação
1439,,,,25,,,,,2515203,São Sebastião do Umbuzeiro,0,,20130501000000,Implantação,20130501000000,Implantação
1440,,,,25,,,,,2515302,Sapé,0,,20130501000000,Implantação,20130501000000,Implantação
1441,,,,25,,,,,2515401,Seridó,0,,20130501000000,Implantação,20130501000000,Implantação
1442,,,,25,,,,,2515500,Serra Branca,0,,20130501000000,Implantação,20130501000000,Implantação
1443,,,,25,,,,,2515609,Serra da Raiz,0,,20130501000000,Implantação,20130501000000,Implantação
1444,,,,25,,,,,2515708,Serra Grande,0,,20130501000000,Implantação,20130501000000,Implantação
1445,,,,25,,,,,2515807,Serra Redonda,0,,20130501000000,Implantação,20130501000000,Implantação
1446,,,,25,,,,,2515906,Serraria,0,,20130501000000,Implantação,20130501000000,Implantação
1447,,,,25,,,,,2515930,Sertãozinho,0,,20130501000000,Implantação,20130501000000,Implantação
1448,,,,25,,,,,2515971,Sobrado,0,,20130501000000,Implantação,20130501000000,Implantação
1449,,,,25,,,,,2516003,Solânea,0,,20130501000000,Implantação,20130501000000,Implantação
1450,,,,25,,,,,2516102,Soledade,0,,20130501000000,Implantação,20130501000000,Implantação
1451,,,,25,,,,,2516151,Sossêgo,0,,20130501000000,Implantação,20130501000000,Implantação
1452,,,,25,,,,,2516201,Sousa,0,,20130501000000,Implantação,20130501000000,Implantação
1453,,,,25,,,,,2516300,Sumé,0,,20130501000000,Implantação,20130501000000,Implantação
1454,,,,25,,,,,2516409,Tacima,0,,20130501000000,Implantação,20130501000000,Implantação
1455,,,,25,,,,,2516508,Taperoá,0,,20130501000000,Implantação,20130501000000,Implantação
1456,,,,25,,,,,2516607,Tavares,0,,20130501000000,Implantação,20130501000000,Implantação
1457,,,,25,,,,,2516706,Teixeira,0,,20130501000000,Implantação,20130501000000,Implantação
1458,,,,25,,,,,2516755,Tenório,0,,20130501000000,Implantação,20130501000000,Implantação
1459,,,,25,,,,,2516805,Triunfo,0,,20130501000000,Implantação,20130501000000,Implantação
1460,,,,25,,,,,2516904,Uiraúna,0,,20130501000000,Implantação,20130501000000,Implantação
1461,,,,25,,,,,2517001,Umbuzeiro,0,,20130501000000,Implantação,20130501000000,Implantação
1462,,,,25,,,,,2517100,Várzea,0,,20130501000000,Implantação,20130501000000,Implantação
1463,,,,25,,,,,2517209,Vieirópolis,0,,20130501000000,Implantação,20130501000000,Implantação
1464,,,,25,,,,,2517407,Zabelê,0,,20130501000000,Implantação,20130501000000,Implantação
1465,,,,26,,,,,2600054,Abreu e Lima,0,,20130501000000,Implantação,20130501000000,Implantação
1466,,,,26,,,,,2600104,Afogados da Ingazeira,0,,20130501000000,Implantação,20130501000000,Implantação
1467,,,,26,,,,,2600203,Afrânio,0,,20130501000000,Implantação,20130501000000,Implantação
1468,,,,26,,,,,2600302,Agrestina,0,,20130501000000,Implantação,20130501000000,Implantação
1469,,,,26,,,,,2600401,Água Preta,0,,20130501000000,Implantação,20130501000000,Implantação
1470,,,,26,,,,,2600500,Águas Belas,0,,20130501000000,Implantação,20130501000000,Implantação
1471,,,,26,,,,,2600609,Alagoinha,0,,20130501000000,Implantação,20130501000000,Implantação
1472,,,,26,,,,,2600708,Aliança,0,,20130501000000,Implantação,20130501000000,Implantação
1473,,,,26,,,,,2600807,Altinho,0,,20130501000000,Implantação,20130501000000,Implantação
1474,,,,26,,,,,2600906,Amaraji,0,,20130501000000,Implantação,20130501000000,Implantação
1475,,,,26,,,,,2601003,Angelim,0,,20130501000000,Implantação,20130501000000,Implantação
1476,,,,26,,,,,2601052,Araçoiaba,0,,20130501000000,Implantação,20130501000000,Implantação
1477,,,,26,,,,,2601102,Araripina,0,,20130501000000,Implantação,20130501000000,Implantação
1478,,,,26,,,,,2601201,Arcoverde,0,,20130501000000,Implantação,20130501000000,Implantação
1479,,,,26,,,,,2601300,Barra de Guabiraba,0,,20130501000000,Implantação,20130501000000,Implantação
1480,,,,26,,,,,2601409,Barreiros,0,,20130501000000,Implantação,20130501000000,Implantação
1481,,,,26,,,,,2601508,Belém de Maria,0,,20130501000000,Implantação,20130501000000,Implantação
1482,,,,26,,,,,2601607,Belém do São Francisco,0,,20130501000000,Implantação,20130501000000,Implantação
1483,,,,26,,,,,2601706,Belo Jardim,0,,20130501000000,Implantação,20130501000000,Implantação
1484,,,,26,,,,,2601805,Betânia,0,,20130501000000,Implantação,20130501000000,Implantação
1485,,,,26,,,,,2601904,Bezerros,0,,20130501000000,Implantação,20130501000000,Implantação
1486,,,,26,,,,,2602001,Bodocó,0,,20130501000000,Implantação,20130501000000,Implantação
1487,,,,26,,,,,2602100,Bom Conselho,0,,20130501000000,Implantação,20130501000000,Implantação
1488,,,,26,,,,,2602209,Bom Jardim,0,,20130501000000,Implantação,20130501000000,Implantação
1489,,,,26,,,,,2602308,Bonito,0,,20130501000000,Implantação,20130501000000,Implantação
1490,,,,26,,,,,2602407,Brejão,0,,20130501000000,Implantação,20130501000000,Implantação
1491,,,,26,,,,,2602506,Brejinho,0,,20130501000000,Implantação,20130501000000,Implantação
1492,,,,26,,,,,2602605,Brejo da Madre de Deus,0,,20130501000000,Implantação,20130501000000,Implantação
1493,,,,26,,,,,2602704,Buenos Aires,0,,20130501000000,Implantação,20130501000000,Implantação
1494,,,,26,,,,,2602803,Buíque,0,,20130501000000,Implantação,20130501000000,Implantação
1495,,,,26,,,,,2602902,Cabo de Santo Agostinho,0,,20130501000000,Implantação,20130501000000,Implantação
1496,,,,26,,,,,2603009,Cabrobó,0,,20130501000000,Implantação,20130501000000,Implantação
1497,,,,26,,,,,2603108,Cachoeirinha,0,,20130501000000,Implantação,20130501000000,Implantação
1498,,,,26,,,,,2603207,Caetés,0,,20130501000000,Implantação,20130501000000,Implantação
1499,,,,26,,,,,2603306,Calçado,0,,20130501000000,Implantação,20130501000000,Implantação
1500,,,,26,,,,,2603405,Calumbi,0,,20130501000000,Implantação,20130501000000,Implantação
1501,,,,26,,,,,2603454,Camaragibe,0,,20130501000000,Implantação,20130501000000,Implantação
1502,,,,26,,,,,2603504,Camocim de São Félix,0,,20130501000000,Implantação,20130501000000,Implantação
1503,,,,26,,,,,2603603,Camutanga,0,,20130501000000,Implantação,20130501000000,Implantação
1504,,,,26,,,,,2603702,Canhotinho,0,,20130501000000,Implantação,20130501000000,Implantação
1505,,,,26,,,,,2603801,Capoeiras,0,,20130501000000,Implantação,20130501000000,Implantação
1506,,,,26,,,,,2603900,Carnaíba,0,,20130501000000,Implantação,20130501000000,Implantação
1507,,,,26,,,,,2603926,Carnaubeira da Penha,0,,20130501000000,Implantação,20130501000000,Implantação
1508,,,,26,,,,,2604007,Carpina,0,,20130501000000,Implantação,20130501000000,Implantação
1509,,,,26,,,,,2604106,Caruaru,0,,20130501000000,Implantação,20130501000000,Implantação
1510,,,,26,,,,,2604155,Casinhas,0,,20130501000000,Implantação,20130501000000,Implantação
1511,,,,26,,,,,2604205,Catende,0,,20130501000000,Implantação,20130501000000,Implantação
1512,,,,26,,,,,2604304,Cedro,0,,20130501000000,Implantação,20130501000000,Implantação
1513,,,,26,,,,,2604403,Chã de Alegria,0,,20130501000000,Implantação,20130501000000,Implantação
1514,,,,26,,,,,2604502,Chã Grande,0,,20130501000000,Implantação,20130501000000,Implantação
1515,,,,26,,,,,2604601,Condado,0,,20130501000000,Implantação,20130501000000,Implantação
1516,,,,26,,,,,2604700,Correntes,0,,20130501000000,Implantação,20130501000000,Implantação
1517,,,,26,,,,,2604809,Cortês,0,,20130501000000,Implantação,20130501000000,Implantação
1518,,,,26,,,,,2604908,Cumaru,0,,20130501000000,Implantação,20130501000000,Implantação
1519,,,,26,,,,,2605004,Cupira,0,,20130501000000,Implantação,20130501000000,Implantação
1520,,,,26,,,,,2605103,Custódia,0,,20130501000000,Implantação,20130501000000,Implantação
1521,,,,26,,,,,2605152,Dormentes,0,,20130501000000,Implantação,20130501000000,Implantação
1522,,,,26,,,,,2605202,Escada,0,,20130501000000,Implantação,20130501000000,Implantação
1523,,,,26,,,,,2605301,Exu,0,,20130501000000,Implantação,20130501000000,Implantação
1524,,,,26,,,,,2605400,Feira Nova,0,,20130501000000,Implantação,20130501000000,Implantação
1525,,,,26,,,,,2605459,Fernando de Noronha,0,,20130501000000,Implantação,20130501000000,Implantação
1526,,,,26,,,,,2605509,Ferreiros,0,,20130501000000,Implantação,20130501000000,Implantação
1527,,,,26,,,,,2605608,Flores,0,,20130501000000,Implantação,20130501000000,Implantação
1528,,,,26,,,,,2605707,Floresta,0,,20130501000000,Implantação,20130501000000,Implantação
1529,,,,26,,,,,2605806,Frei Miguelinho,0,,20130501000000,Implantação,20130501000000,Implantação
1530,,,,26,,,,,2605905,Gameleira,0,,20130501000000,Implantação,20130501000000,Implantação
1531,,,,26,,,,,2606002,Garanhuns,0,,20130501000000,Implantação,20130501000000,Implantação
1532,,,,26,,,,,2606101,Glória do Goitá,0,,20130501000000,Implantação,20130501000000,Implantação
1533,,,,26,,,,,2606200,Goiana,0,,20130501000000,Implantação,20130501000000,Implantação
1534,,,,26,,,,,2606309,Granito,0,,20130501000000,Implantação,20130501000000,Implantação
1535,,,,26,,,,,2606408,Gravatá,0,,20130501000000,Implantação,20130501000000,Implantação
1536,,,,26,,,,,2606507,Iati,0,,20130501000000,Implantação,20130501000000,Implantação
1537,,,,26,,,,,2606606,Ibimirim,0,,20130501000000,Implantação,20130501000000,Implantação
1538,,,,26,,,,,2606705,Ibirajuba,0,,20130501000000,Implantação,20130501000000,Implantação
1539,,,,26,,,,,2606804,Igarassu,0,,20130501000000,Implantação,20130501000000,Implantação
1540,,,,26,,,,,2606903,Iguaraci,0,,20130501000000,Implantação,20130501000000,Implantação
1541,,,,26,,,,,2607000,Inajá,0,,20130501000000,Implantação,20130501000000,Implantação
1542,,,,26,,,,,2607109,Ingazeira,0,,20130501000000,Implantação,20130501000000,Implantação
1543,,,,26,,,,,2607208,Ipojuca,0,,20130501000000,Implantação,20130501000000,Implantação
1544,,,,26,,,,,2607307,Ipubi,0,,20130501000000,Implantação,20130501000000,Implantação
1545,,,,26,,,,,2607406,Itacuruba,0,,20130501000000,Implantação,20130501000000,Implantação
1546,,,,26,,,,,2607505,Itaíba,0,,20130501000000,Implantação,20130501000000,Implantação
1547,,,,26,,,,,2607604,Ilha de Itamaracá,0,,20130501000000,Implantação,20130501000000,Implantação
1548,,,,26,,,,,2607653,Itambé,0,,20130501000000,Implantação,20130501000000,Implantação
1549,,,,26,,,,,2607703,Itapetim,0,,20130501000000,Implantação,20130501000000,Implantação
1550,,,,26,,,,,2607752,Itapissuma,0,,20130501000000,Implantação,20130501000000,Implantação
1551,,,,26,,,,,2607802,Itaquitinga,0,,20130501000000,Implantação,20130501000000,Implantação
1552,,,,26,,,,,2607901,Jaboatão dos Guararapes,0,,20130501000000,Implantação,20130501000000,Implantação
1553,,,,26,,,,,2607950,Jaqueira,0,,20130501000000,Implantação,20130501000000,Implantação
1554,,,,26,,,,,2608008,Jataúba,0,,20130501000000,Implantação,20130501000000,Implantação
1555,,,,26,,,,,2608057,Jatobá,0,,20130501000000,Implantação,20130501000000,Implantação
1556,,,,26,,,,,2608107,João Alfredo,0,,20130501000000,Implantação,20130501000000,Implantação
1557,,,,26,,,,,2608206,Joaquim Nabuco,0,,20130501000000,Implantação,20130501000000,Implantação
1558,,,,26,,,,,2608255,Jucati,0,,20130501000000,Implantação,20130501000000,Implantação
1559,,,,26,,,,,2608305,Jupi,0,,20130501000000,Implantação,20130501000000,Implantação
1560,,,,26,,,,,2608404,Jurema,0,,20130501000000,Implantação,20130501000000,Implantação
1561,,,,26,,,,,2608453,Lagoa do Carro,0,,20130501000000,Implantação,20130501000000,Implantação
1562,,,,26,,,,,2608503,Lagoa de Itaenga,0,,20130501000000,Implantação,20130501000000,Implantação
1563,,,,26,,,,,2608602,Lagoa do Ouro,0,,20130501000000,Implantação,20130501000000,Implantação
1564,,,,26,,,,,2608701,Lagoa dos Gatos,0,,20130501000000,Implantação,20130501000000,Implantação
1565,,,,26,,,,,2608750,Lagoa Grande,0,,20130501000000,Implantação,20130501000000,Implantação
1566,,,,26,,,,,2608800,Lajedo,0,,20130501000000,Implantação,20130501000000,Implantação
1567,,,,26,,,,,2608909,Limoeiro,0,,20130501000000,Implantação,20130501000000,Implantação
1568,,,,26,,,,,2609006,Macaparana,0,,20130501000000,Implantação,20130501000000,Implantação
1569,,,,26,,,,,2609105,Machados,0,,20130501000000,Implantação,20130501000000,Implantação
1570,,,,26,,,,,2609154,Manari,0,,20130501000000,Implantação,20130501000000,Implantação
1571,,,,26,,,,,2609204,Maraial,0,,20130501000000,Implantação,20130501000000,Implantação
1572,,,,26,,,,,2609303,Mirandiba,0,,20130501000000,Implantação,20130501000000,Implantação
1573,,,,26,,,,,2609402,Moreno,0,,20130501000000,Implantação,20130501000000,Implantação
1574,,,,26,,,,,2609501,Nazaré da Mata,0,,20130501000000,Implantação,20130501000000,Implantação
1575,,,,26,,,,,2609600,Olinda,0,,20130501000000,Implantação,20130501000000,Implantação
1576,,,,26,,,,,2609709,Orobó,0,,20130501000000,Implantação,20130501000000,Implantação
1577,,,,26,,,,,2609808,Orocó,0,,20130501000000,Implantação,20130501000000,Implantação
1578,,,,26,,,,,2609907,Ouricuri,0,,20130501000000,Implantação,20130501000000,Implantação
1579,,,,26,,,,,2610004,Palmares,0,,20130501000000,Implantação,20130501000000,Implantação
1580,,,,26,,,,,2610103,Palmeirina,0,,20130501000000,Implantação,20130501000000,Implantação
1581,,,,26,,,,,2610202,Panelas,0,,20130501000000,Implantação,20130501000000,Implantação
1582,,,,26,,,,,2610301,Paranatama,0,,20130501000000,Implantação,20130501000000,Implantação
1583,,,,26,,,,,2610400,Parnamirim,0,,20130501000000,Implantação,20130501000000,Implantação
1584,,,,26,,,,,2610509,Passira,0,,20130501000000,Implantação,20130501000000,Implantação
1585,,,,26,,,,,2610608,Paudalho,0,,20130501000000,Implantação,20130501000000,Implantação
1586,,,,26,,,,,2610707,Paulista,0,,20130501000000,Implantação,20130501000000,Implantação
1587,,,,26,,,,,2610806,Pedra,0,,20130501000000,Implantação,20130501000000,Implantação
1588,,,,26,,,,,2610905,Pesqueira,0,,20130501000000,Implantação,20130501000000,Implantação
1589,,,,26,,,,,2611002,Petrolândia,0,,20130501000000,Implantação,20130501000000,Implantação
1590,,,,26,,,,,2611101,Petrolina,0,,20130501000000,Implantação,20130501000000,Implantação
1591,,,,26,,,,,2611200,Poção,0,,20130501000000,Implantação,20130501000000,Implantação
1592,,,,26,,,,,2611309,Pombos,0,,20130501000000,Implantação,20130501000000,Implantação
1593,,,,26,,,,,2611408,Primavera,0,,20130501000000,Implantação,20130501000000,Implantação
1594,,,,26,,,,,2611507,Quipapá,0,,20130501000000,Implantação,20130501000000,Implantação
1595,,,,26,,,,,2611533,Quixaba,0,,20130501000000,Implantação,20130501000000,Implantação
1596,,,,26,,,,,2611606,Recife,0,,20130501000000,Implantação,20130501000000,Implantação
1597,,,,26,,,,,2611705,Riacho das Almas,0,,20130501000000,Implantação,20130501000000,Implantação
1598,,,,26,,,,,2611804,Ribeirão,0,,20130501000000,Implantação,20130501000000,Implantação
1599,,,,26,,,,,2611903,Rio Formoso,0,,20130501000000,Implantação,20130501000000,Implantação
1600,,,,26,,,,,2612000,Sairé,0,,20130501000000,Implantação,20130501000000,Implantação
1601,,,,26,,,,,2612109,Salgadinho,0,,20130501000000,Implantação,20130501000000,Implantação
1602,,,,26,,,,,2612208,Salgueiro,0,,20130501000000,Implantação,20130501000000,Implantação
1603,,,,26,,,,,2612307,Saloá,0,,20130501000000,Implantação,20130501000000,Implantação
1604,,,,26,,,,,2612406,Sanharó,0,,20130501000000,Implantação,20130501000000,Implantação
1605,,,,26,,,,,2612455,Santa Cruz,0,,20130501000000,Implantação,20130501000000,Implantação
1606,,,,26,,,,,2612471,Santa Cruz da Baixa Verde,0,,20130501000000,Implantação,20130501000000,Implantação
1607,,,,26,,,,,2612505,Santa Cruz do Capibaribe,0,,20130501000000,Implantação,20130501000000,Implantação
1608,,,,26,,,,,2612554,Santa Filomena,0,,20130501000000,Implantação,20130501000000,Implantação
1609,,,,26,,,,,2612604,Santa Maria da Boa Vista,0,,20130501000000,Implantação,20130501000000,Implantação
1610,,,,26,,,,,2612703,Santa Maria do Cambucá,0,,20130501000000,Implantação,20130501000000,Implantação
1611,,,,26,,,,,2612802,Santa Terezinha,0,,20130501000000,Implantação,20130501000000,Implantação
1612,,,,26,,,,,2612901,São Benedito do Sul,0,,20130501000000,Implantação,20130501000000,Implantação
1613,,,,26,,,,,2613008,São Bento do Una,0,,20130501000000,Implantação,20130501000000,Implantação
1614,,,,26,,,,,2613107,São Caitano,0,,20130501000000,Implantação,20130501000000,Implantação
1615,,,,26,,,,,2613206,São João,0,,20130501000000,Implantação,20130501000000,Implantação
1616,,,,26,,,,,2613305,São Joaquim do Monte,0,,20130501000000,Implantação,20130501000000,Implantação
1617,,,,26,,,,,2613404,São José da Coroa Grande,0,,20130501000000,Implantação,20130501000000,Implantação
1618,,,,26,,,,,2613503,São José do Belmonte,0,,20130501000000,Implantação,20130501000000,Implantação
1619,,,,26,,,,,2613602,São José do Egito,0,,20130501000000,Implantação,20130501000000,Implantação
1620,,,,26,,,,,2613701,São Lourenço da Mata,0,,20130501000000,Implantação,20130501000000,Implantação
1621,,,,26,,,,,2613800,São Vicente Ferrer,0,,20130501000000,Implantação,20130501000000,Implantação
1622,,,,26,,,,,2613909,Serra Talhada,0,,20130501000000,Implantação,20130501000000,Implantação
1623,,,,26,,,,,2614006,Serrita,0,,20130501000000,Implantação,20130501000000,Implantação
1624,,,,26,,,,,2614105,Sertânia,0,,20130501000000,Implantação,20130501000000,Implantação
1625,,,,26,,,,,2614204,Sirinhaém,0,,20130501000000,Implantação,20130501000000,Implantação
1626,,,,26,,,,,2614303,Moreilândia,0,,20130501000000,Implantação,20130501000000,Implantação
1627,,,,26,,,,,2614402,Solidão,0,,20130501000000,Implantação,20130501000000,Implantação
1628,,,,26,,,,,2614501,Surubim,0,,20130501000000,Implantação,20130501000000,Implantação
1629,,,,26,,,,,2614600,Tabira,0,,20130501000000,Implantação,20130501000000,Implantação
1630,,,,26,,,,,2614709,Tacaimbó,0,,20130501000000,Implantação,20130501000000,Implantação
1631,,,,26,,,,,2614808,Tacaratu,0,,20130501000000,Implantação,20130501000000,Implantação
1632,,,,26,,,,,2614857,Tamandaré,0,,20130501000000,Implantação,20130501000000,Implantação
1633,,,,26,,,,,2615003,Taquaritinga do Norte,0,,20130501000000,Implantação,20130501000000,Implantação
1634,,,,26,,,,,2615102,Terezinha,0,,20130501000000,Implantação,20130501000000,Implantação
1635,,,,26,,,,,2615201,Terra Nova,0,,20130501000000,Implantação,20130501000000,Implantação
1636,,,,26,,,,,2615300,Timbaúba,0,,20130501000000,Implantação,20130501000000,Implantação
1637,,,,26,,,,,2615409,Toritama,0,,20130501000000,Implantação,20130501000000,Implantação
1638,,,,26,,,,,2615508,Tracunhaém,0,,20130501000000,Implantação,20130501000000,Implantação
1639,,,,26,,,,,2615607,Trindade,0,,20130501000000,Implantação,20130501000000,Implantação
1640,,,,26,,,,,2615706,Triunfo,0,,20130501000000,Implantação,20130501000000,Implantação
1641,,,,26,,,,,2615805,Tupanatinga,0,,20130501000000,Implantação,20130501000000,Implantação
1642,,,,26,,,,,2615904,Tuparetama,0,,20130501000000,Implantação,20130501000000,Implantação
1643,,,,26,,,,,2616001,Venturosa,0,,20130501000000,Implantação,20130501000000,Implantação
1644,,,,26,,,,,2616100,Verdejante,0,,20130501000000,Implantação,20130501000000,Implantação
1645,,,,26,,,,,2616183,Vertente do Lério,0,,20130501000000,Implantação,20130501000000,Implantação
1646,,,,26,,,,,2616209,Vertentes,0,,20130501000000,Implantação,20130501000000,Implantação
1647,,,,26,,,,,2616308,Vicência,0,,20130501000000,Implantação,20130501000000,Implantação
1648,,,,26,,,,,2616407,Vitória de Santo Antão,0,,20130501000000,Implantação,20130501000000,Implantação
1649,,,,26,,,,,2616506,Xexéu,0,,20130501000000,Implantação,20130501000000,Implantação
1650,,,,27,,,,,2700102,Água Branca,0,,20130501000000,Implantação,20130501000000,Implantação
1651,,,,27,,,,,2700201,Anadia,0,,20130501000000,Implantação,20130501000000,Implantação
1652,,,,27,,,,,2700300,Arapiraca,0,,20130501000000,Implantação,20130501000000,Implantação
1653,,,,27,,,,,2700409,Atalaia,0,,20130501000000,Implantação,20130501000000,Implantação
1654,,,,27,,,,,2700508,Barra de Santo Antônio,0,,20130501000000,Implantação,20130501000000,Implantação
1655,,,,27,,,,,2700607,Barra de São Miguel,0,,20130501000000,Implantação,20130501000000,Implantação
1656,,,,27,,,,,2700706,Batalha,0,,20130501000000,Implantação,20130501000000,Implantação
1657,,,,27,,,,,2700805,Belém,0,,20130501000000,Implantação,20130501000000,Implantação
1658,,,,27,,,,,2700904,Belo Monte,0,,20130501000000,Implantação,20130501000000,Implantação
1659,,,,27,,,,,2701001,Boca da Mata,0,,20130501000000,Implantação,20130501000000,Implantação
1660,,,,27,,,,,2701100,Branquinha,0,,20130501000000,Implantação,20130501000000,Implantação
1661,,,,27,,,,,2701209,Cacimbinhas,0,,20130501000000,Implantação,20130501000000,Implantação
1662,,,,27,,,,,2701308,Cajueiro,0,,20130501000000,Implantação,20130501000000,Implantação
1663,,,,27,,,,,2701357,Campestre,0,,20130501000000,Implantação,20130501000000,Implantação
1664,,,,27,,,,,2701407,Campo Alegre,0,,20130501000000,Implantação,20130501000000,Implantação
1665,,,,27,,,,,2701506,Campo Grande,0,,20130501000000,Implantação,20130501000000,Implantação
1666,,,,27,,,,,2701605,Canapi,0,,20130501000000,Implantação,20130501000000,Implantação
1667,,,,27,,,,,2701704,Capela,0,,20130501000000,Implantação,20130501000000,Implantação
1668,,,,27,,,,,2701803,Carneiros,0,,20130501000000,Implantação,20130501000000,Implantação
1669,,,,27,,,,,2701902,Chã Preta,0,,20130501000000,Implantação,20130501000000,Implantação
1670,,,,27,,,,,2702009,Coité do Nóia,0,,20130501000000,Implantação,20130501000000,Implantação
1671,,,,27,,,,,2702108,Colônia Leopoldina,0,,20130501000000,Implantação,20130501000000,Implantação
1672,,,,27,,,,,2702207,Coqueiro Seco,0,,20130501000000,Implantação,20130501000000,Implantação
1673,,,,27,,,,,2702306,Coruripe,0,,20130501000000,Implantação,20130501000000,Implantação
1674,,,,27,,,,,2702355,Craíbas,0,,20130501000000,Implantação,20130501000000,Implantação
1675,,,,27,,,,,2702405,Delmiro Gouveia,0,,20130501000000,Implantação,20130501000000,Implantação
1676,,,,27,,,,,2702504,Dois Riachos,0,,20130501000000,Implantação,20130501000000,Implantação
1677,,,,27,,,,,2702553,Estrela de Alagoas,0,,20130501000000,Implantação,20130501000000,Implantação
1678,,,,27,,,,,2702603,Feira Grande,0,,20130501000000,Implantação,20130501000000,Implantação
1679,,,,27,,,,,2702702,Feliz Deserto,0,,20130501000000,Implantação,20130501000000,Implantação
1680,,,,27,,,,,2702801,Flexeiras,0,,20130501000000,Implantação,20130501000000,Implantação
1681,,,,27,,,,,2702900,Girau do Ponciano,0,,20130501000000,Implantação,20130501000000,Implantação
1682,,,,27,,,,,2703007,Ibateguara,0,,20130501000000,Implantação,20130501000000,Implantação
1683,,,,27,,,,,2703106,Igaci,0,,20130501000000,Implantação,20130501000000,Implantação
1684,,,,27,,,,,2703205,Igreja Nova,0,,20130501000000,Implantação,20130501000000,Implantação
1685,,,,27,,,,,2703304,Inhapi,0,,20130501000000,Implantação,20130501000000,Implantação
1686,,,,27,,,,,2703403,Jacaré dos Homens,0,,20130501000000,Implantação,20130501000000,Implantação
1687,,,,27,,,,,2703502,Jacuípe,0,,20130501000000,Implantação,20130501000000,Implantação
1688,,,,27,,,,,2703601,Japaratinga,0,,20130501000000,Implantação,20130501000000,Implantação
1689,,,,27,,,,,2703700,Jaramataia,0,,20130501000000,Implantação,20130501000000,Implantação
1690,,,,27,,,,,2703759,Jequiá da Praia,0,,20130501000000,Implantação,20130501000000,Implantação
1691,,,,27,,,,,2703809,Joaquim Gomes,0,,20130501000000,Implantação,20130501000000,Implantação
1692,,,,27,,,,,2703908,Jundiá,0,,20130501000000,Implantação,20130501000000,Implantação
1693,,,,27,,,,,2704005,Junqueiro,0,,20130501000000,Implantação,20130501000000,Implantação
1694,,,,27,,,,,2704104,Lagoa da Canoa,0,,20130501000000,Implantação,20130501000000,Implantação
1695,,,,27,,,,,2704203,Limoeiro de Anadia,0,,20130501000000,Implantação,20130501000000,Implantação
1696,,,,27,,,,,2704302,Maceió,0,,20130501000000,Implantação,20130501000000,Implantação
1697,,,,27,,,,,2704401,Major Isidoro,0,,20130501000000,Implantação,20130501000000,Implantação
1698,,,,27,,,,,2704500,Maragogi,0,,20130501000000,Implantação,20130501000000,Implantação
1699,,,,27,,,,,2704609,Maravilha,0,,20130501000000,Implantação,20130501000000,Implantação
1700,,,,27,,,,,2704708,Marechal Deodoro,0,,20130501000000,Implantação,20130501000000,Implantação
1701,,,,27,,,,,2704807,Maribondo,0,,20130501000000,Implantação,20130501000000,Implantação
1702,,,,27,,,,,2704906,Mar Vermelho,0,,20130501000000,Implantação,20130501000000,Implantação
1703,,,,27,,,,,2705002,Mata Grande,0,,20130501000000,Implantação,20130501000000,Implantação
1704,,,,27,,,,,2705101,Matriz de Camaragibe,0,,20130501000000,Implantação,20130501000000,Implantação
1705,,,,27,,,,,2705200,Messias,0,,20130501000000,Implantação,20130501000000,Implantação
1706,,,,27,,,,,2705309,Minador do Negrão,0,,20130501000000,Implantação,20130501000000,Implantação
1707,,,,27,,,,,2705408,Monteirópolis,0,,20130501000000,Implantação,20130501000000,Implantação
1708,,,,27,,,,,2705507,Murici,0,,20130501000000,Implantação,20130501000000,Implantação
1709,,,,27,,,,,2705606,Novo Lino,0,,20130501000000,Implantação,20130501000000,Implantação
1710,,,,27,,,,,2705705,Olho d'Água das Flores,0,,20130501000000,Implantação,20130501000000,Implantação
1711,,,,27,,,,,2705804,Olho d'Água do Casado,0,,20130501000000,Implantação,20130501000000,Implantação
1712,,,,27,,,,,2705903,Olho d'Água Grande,0,,20130501000000,Implantação,20130501000000,Implantação
1713,,,,27,,,,,2706000,Olivença,0,,20130501000000,Implantação,20130501000000,Implantação
1714,,,,27,,,,,2706109,Ouro Branco,0,,20130501000000,Implantação,20130501000000,Implantação
1715,,,,27,,,,,2706208,Palestina,0,,20130501000000,Implantação,20130501000000,Implantação
1716,,,,27,,,,,2706307,Palmeira dos Índios,0,,20130501000000,Implantação,20130501000000,Implantação
1717,,,,27,,,,,2706406,Pão de Açúcar,0,,20130501000000,Implantação,20130501000000,Implantação
1718,,,,27,,,,,2706422,Pariconha,0,,20130501000000,Implantação,20130501000000,Implantação
1719,,,,27,,,,,2706448,Paripueira,0,,20130501000000,Implantação,20130501000000,Implantação
1720,,,,27,,,,,2706505,Passo de Camaragibe,0,,20130501000000,Implantação,20130501000000,Implantação
1721,,,,27,,,,,2706604,Paulo Jacinto,0,,20130501000000,Implantação,20130501000000,Implantação
1722,,,,27,,,,,2706703,Penedo,0,,20130501000000,Implantação,20130501000000,Implantação
1723,,,,27,,,,,2706802,Piaçabuçu,0,,20130501000000,Implantação,20130501000000,Implantação
1724,,,,27,,,,,2706901,Pilar,0,,20130501000000,Implantação,20130501000000,Implantação
1725,,,,27,,,,,2707008,Pindoba,0,,20130501000000,Implantação,20130501000000,Implantação
1726,,,,27,,,,,2707107,Piranhas,0,,20130501000000,Implantação,20130501000000,Implantação
1727,,,,27,,,,,2707206,Poço das Trincheiras,0,,20130501000000,Implantação,20130501000000,Implantação
1728,,,,27,,,,,2707305,Porto Calvo,0,,20130501000000,Implantação,20130501000000,Implantação
1729,,,,27,,,,,2707404,Porto de Pedras,0,,20130501000000,Implantação,20130501000000,Implantação
1730,,,,27,,,,,2707503,Porto Real do Colégio,0,,20130501000000,Implantação,20130501000000,Implantação
1731,,,,27,,,,,2707602,Quebrangulo,0,,20130501000000,Implantação,20130501000000,Implantação
1732,,,,27,,,,,2707701,Rio Largo,0,,20130501000000,Implantação,20130501000000,Implantação
1733,,,,27,,,,,2707800,Roteiro,0,,20130501000000,Implantação,20130501000000,Implantação
1734,,,,27,,,,,2707909,Santa Luzia do Norte,0,,20130501000000,Implantação,20130501000000,Implantação
1735,,,,27,,,,,2708006,Santana do Ipanema,0,,20130501000000,Implantação,20130501000000,Implantação
1736,,,,27,,,,,2708105,Santana do Mundaú,0,,20130501000000,Implantação,20130501000000,Implantação
1737,,,,27,,,,,2708204,São Brás,0,,20130501000000,Implantação,20130501000000,Implantação
1738,,,,27,,,,,2708303,São José da Laje,0,,20130501000000,Implantação,20130501000000,Implantação
1739,,,,27,,,,,2708402,São José da Tapera,0,,20130501000000,Implantação,20130501000000,Implantação
1740,,,,27,,,,,2708501,São Luís do Quitunde,0,,20130501000000,Implantação,20130501000000,Implantação
1741,,,,27,,,,,2708600,São Miguel dos Campos,0,,20130501000000,Implantação,20130501000000,Implantação
1742,,,,27,,,,,2708709,São Miguel dos Milagres,0,,20130501000000,Implantação,20130501000000,Implantação
1743,,,,27,,,,,2708808,São Sebastião,0,,20130501000000,Implantação,20130501000000,Implantação
1744,,,,27,,,,,2708907,Satuba,0,,20130501000000,Implantação,20130501000000,Implantação
1745,,,,27,,,,,2708956,Senador Rui Palmeira,0,,20130501000000,Implantação,20130501000000,Implantação
1746,,,,27,,,,,2709004,Tanque d'Arca,0,,20130501000000,Implantação,20130501000000,Implantação
1747,,,,27,,,,,2709103,Taquarana,0,,20130501000000,Implantação,20130501000000,Implantação
1748,,,,27,,,,,2709152,Teotônio Vilela,0,,20130501000000,Implantação,20130501000000,Implantação
1749,,,,27,,,,,2709202,Traipu,0,,20130501000000,Implantação,20130501000000,Implantação
1750,,,,27,,,,,2709301,União dos Palmares,0,,20130501000000,Implantação,20130501000000,Implantação
1751,,,,27,,,,,2709400,Viçosa,0,,20130501000000,Implantação,20130501000000,Implantação
1752,,,,28,,,,,2800100,Amparo de São Francisco,0,,20130501000000,Implantação,20130501000000,Implantação
1753,,,,28,,,,,2800209,Aquidabã,0,,20130501000000,Implantação,20130501000000,Implantação
1754,,,,28,,,,,2800308,Aracaju,0,,20130501000000,Implantação,20130501000000,Implantação
1755,,,,28,,,,,2800407,Arauá,0,,20130501000000,Implantação,20130501000000,Implantação
1756,,,,28,,,,,2800506,Areia Branca,0,,20130501000000,Implantação,20130501000000,Implantação
1757,,,,28,,,,,2800605,Barra dos Coqueiros,0,,20130501000000,Implantação,20130501000000,Implantação
1758,,,,28,,,,,2800670,Boquim,0,,20130501000000,Implantação,20130501000000,Implantação
1759,,,,28,,,,,2800704,Brejo Grande,0,,20130501000000,Implantação,20130501000000,Implantação
1760,,,,28,,,,,2801009,Campo do Brito,0,,20130501000000,Implantação,20130501000000,Implantação
1761,,,,28,,,,,2801108,Canhoba,0,,20130501000000,Implantação,20130501000000,Implantação
1762,,,,28,,,,,2801207,Canindé de São Francisco,0,,20130501000000,Implantação,20130501000000,Implantação
1763,,,,28,,,,,2801306,Capela,0,,20130501000000,Implantação,20130501000000,Implantação
1764,,,,28,,,,,2801405,Carira,0,,20130501000000,Implantação,20130501000000,Implantação
1765,,,,28,,,,,2801504,Carmópolis,0,,20130501000000,Implantação,20130501000000,Implantação
1766,,,,28,,,,,2801603,Cedro de São João,0,,20130501000000,Implantação,20130501000000,Implantação
1767,,,,28,,,,,2801702,Cristinápolis,0,,20130501000000,Implantação,20130501000000,Implantação
1768,,,,28,,,,,2801900,Cumbe,0,,20130501000000,Implantação,20130501000000,Implantação
1769,,,,28,,,,,2802007,Divina Pastora,0,,20130501000000,Implantação,20130501000000,Implantação
1770,,,,28,,,,,2802106,Estância,0,,20130501000000,Implantação,20130501000000,Implantação
1771,,,,28,,,,,2802205,Feira Nova,0,,20130501000000,Implantação,20130501000000,Implantação
1772,,,,28,,,,,2802304,Frei Paulo,0,,20130501000000,Implantação,20130501000000,Implantação
1773,,,,28,,,,,2802403,Gararu,0,,20130501000000,Implantação,20130501000000,Implantação
1774,,,,28,,,,,2802502,General Maynard,0,,20130501000000,Implantação,20130501000000,Implantação
1775,,,,28,,,,,2802601,Gracho Cardoso,0,,20130501000000,Implantação,20130501000000,Implantação
1776,,,,28,,,,,2802700,Ilha das Flores,0,,20130501000000,Implantação,20130501000000,Implantação
1777,,,,28,,,,,2802809,Indiaroba,0,,20130501000000,Implantação,20130501000000,Implantação
1778,,,,28,,,,,2802908,Itabaiana,0,,20130501000000,Implantação,20130501000000,Implantação
1779,,,,28,,,,,2803005,Itabaianinha,0,,20130501000000,Implantação,20130501000000,Implantação
1780,,,,28,,,,,2803104,Itabi,0,,20130501000000,Implantação,20130501000000,Implantação
1781,,,,28,,,,,2803203,Itaporanga d'Ajuda,0,,20130501000000,Implantação,20130501000000,Implantação
1782,,,,28,,,,,2803302,Japaratuba,0,,20130501000000,Implantação,20130501000000,Implantação
1783,,,,28,,,,,2803401,Japoatã,0,,20130501000000,Implantação,20130501000000,Implantação
1784,,,,28,,,,,2803500,Lagarto,0,,20130501000000,Implantação,20130501000000,Implantação
1785,,,,28,,,,,2803609,Laranjeiras,0,,20130501000000,Implantação,20130501000000,Implantação
1786,,,,28,,,,,2803708,Macambira,0,,20130501000000,Implantação,20130501000000,Implantação
1787,,,,28,,,,,2803807,Malhada dos Bois,0,,20130501000000,Implantação,20130501000000,Implantação
1788,,,,28,,,,,2803906,Malhador,0,,20130501000000,Implantação,20130501000000,Implantação
1789,,,,28,,,,,2804003,Maruim,0,,20130501000000,Implantação,20130501000000,Implantação
1790,,,,28,,,,,2804102,Moita Bonita,0,,20130501000000,Implantação,20130501000000,Implantação
1791,,,,28,,,,,2804201,Monte Alegre de Sergipe,0,,20130501000000,Implantação,20130501000000,Implantação
1792,,,,28,,,,,2804300,Muribeca,0,,20130501000000,Implantação,20130501000000,Implantação
1793,,,,28,,,,,2804409,Neópolis,0,,20130501000000,Implantação,20130501000000,Implantação
1794,,,,28,,,,,2804458,Nossa Senhora Aparecida,0,,20130501000000,Implantação,20130501000000,Implantação
1795,,,,28,,,,,2804508,Nossa Senhora da Glória,0,,20130501000000,Implantação,20130501000000,Implantação
1796,,,,28,,,,,2804607,Nossa Senhora das Dores,0,,20130501000000,Implantação,20130501000000,Implantação
1797,,,,28,,,,,2804706,Nossa Senhora de Lourdes,0,,20130501000000,Implantação,20130501000000,Implantação
1798,,,,28,,,,,2804805,Nossa Senhora do Socorro,0,,20130501000000,Implantação,20130501000000,Implantação
1799,,,,28,,,,,2804904,Pacatuba,0,,20130501000000,Implantação,20130501000000,Implantação
1800,,,,28,,,,,2805000,Pedra Mole,0,,20130501000000,Implantação,20130501000000,Implantação
1801,,,,28,,,,,2805109,Pedrinhas,0,,20130501000000,Implantação,20130501000000,Implantação
1802,,,,28,,,,,2805208,Pinhão,0,,20130501000000,Implantação,20130501000000,Implantação
1803,,,,28,,,,,2805307,Pirambu,0,,20130501000000,Implantação,20130501000000,Implantação
1804,,,,28,,,,,2805406,Poço Redondo,0,,20130501000000,Implantação,20130501000000,Implantação
1805,,,,28,,,,,2805505,Poço Verde,0,,20130501000000,Implantação,20130501000000,Implantação
1806,,,,28,,,,,2805604,Porto da Folha,0,,20130501000000,Implantação,20130501000000,Implantação
1807,,,,28,,,,,2805703,Propriá,0,,20130501000000,Implantação,20130501000000,Implantação
1808,,,,28,,,,,2805802,Riachão do Dantas,0,,20130501000000,Implantação,20130501000000,Implantação
1809,,,,28,,,,,2805901,Riachuelo,0,,20130501000000,Implantação,20130501000000,Implantação
1810,,,,28,,,,,2806008,Ribeirópolis,0,,20130501000000,Implantação,20130501000000,Implantação
1811,,,,28,,,,,2806107,Rosário do Catete,0,,20130501000000,Implantação,20130501000000,Implantação
1812,,,,28,,,,,2806206,Salgado,0,,20130501000000,Implantação,20130501000000,Implantação
1813,,,,28,,,,,2806305,Santa Luzia do Itanhy,0,,20130501000000,Implantação,20130501000000,Implantação
1814,,,,28,,,,,2806404,Santana do São Francisco,0,,20130501000000,Implantação,20130501000000,Implantação
1815,,,,28,,,,,2806503,Santa Rosa de Lima,0,,20130501000000,Implantação,20130501000000,Implantação
1816,,,,28,,,,,2806602,Santo Amaro das Brotas,0,,20130501000000,Implantação,20130501000000,Implantação
1817,,,,28,,,,,2806701,São Cristóvão,0,,20130501000000,Implantação,20130501000000,Implantação
1818,,,,28,,,,,2806800,São Domingos,0,,20130501000000,Implantação,20130501000000,Implantação
1819,,,,28,,,,,2806909,São Francisco,0,,20130501000000,Implantação,20130501000000,Implantação
1820,,,,28,,,,,2807006,São Miguel do Aleixo,0,,20130501000000,Implantação,20130501000000,Implantação
1821,,,,28,,,,,2807105,Simão Dias,0,,20130501000000,Implantação,20130501000000,Implantação
1822,,,,28,,,,,2807204,Siriri,0,,20130501000000,Implantação,20130501000000,Implantação
1823,,,,28,,,,,2807303,Telha,0,,20130501000000,Implantação,20130501000000,Implantação
1824,,,,28,,,,,2807402,Tobias Barreto,0,,20130501000000,Implantação,20130501000000,Implantação
1825,,,,28,,,,,2807501,Tomar do Geru,0,,20130501000000,Implantação,20130501000000,Implantação
1826,,,,28,,,,,2807600,Umbaúba,0,,20130501000000,Implantação,20130501000000,Implantação
1827,,,,29,,,,,2900108,Abaíra,0,,20130501000000,Implantação,20130501000000,Implantação
1828,,,,29,,,,,2900207,Abaré,0,,20130501000000,Implantação,20130501000000,Implantação
1829,,,,29,,,,,2900306,Acajutiba,0,,20130501000000,Implantação,20130501000000,Implantação
1830,,,,29,,,,,2900355,Adustina,0,,20130501000000,Implantação,20130501000000,Implantação
1831,,,,29,,,,,2900405,Água Fria,0,,20130501000000,Implantação,20130501000000,Implantação
1832,,,,29,,,,,2900504,Érico Cardoso,0,,20130501000000,Implantação,20130501000000,Implantação
1833,,,,29,,,,,2900603,Aiquara,0,,20130501000000,Implantação,20130501000000,Implantação
1834,,,,29,,,,,2900702,Alagoinhas,0,,20130501000000,Implantação,20130501000000,Implantação
1835,,,,29,,,,,2900801,Alcobaça,0,,20130501000000,Implantação,20130501000000,Implantação
1836,,,,29,,,,,2900900,Almadina,0,,20130501000000,Implantação,20130501000000,Implantação
1837,,,,29,,,,,2901007,Amargosa,0,,20130501000000,Implantação,20130501000000,Implantação
1838,,,,29,,,,,2901106,Amélia Rodrigues,0,,20130501000000,Implantação,20130501000000,Implantação
1839,,,,29,,,,,2901155,América Dourada,0,,20130501000000,Implantação,20130501000000,Implantação
1840,,,,29,,,,,2901205,Anagé,0,,20130501000000,Implantação,20130501000000,Implantação
1841,,,,29,,,,,2901304,Andaraí,0,,20130501000000,Implantação,20130501000000,Implantação
1842,,,,29,,,,,2901353,Andorinha,0,,20130501000000,Implantação,20130501000000,Implantação
1843,,,,29,,,,,2901403,Angical,0,,20130501000000,Implantação,20130501000000,Implantação
1844,,,,29,,,,,2901502,Anguera,0,,20130501000000,Implantação,20130501000000,Implantação
1845,,,,29,,,,,2901601,Antas,0,,20130501000000,Implantação,20130501000000,Implantação
1846,,,,29,,,,,2901700,Antônio Cardoso,0,,20130501000000,Implantação,20130501000000,Implantação
1847,,,,29,,,,,2901809,Antônio Gonçalves,0,,20130501000000,Implantação,20130501000000,Implantação
1848,,,,29,,,,,2901908,Aporá,0,,20130501000000,Implantação,20130501000000,Implantação
1849,,,,29,,,,,2901957,Apuarema,0,,20130501000000,Implantação,20130501000000,Implantação
1850,,,,29,,,,,2902005,Aracatu,0,,20130501000000,Implantação,20130501000000,Implantação
1851,,,,29,,,,,2902054,Araças,0,,20130501000000,Implantação,20130501000000,Implantação
1852,,,,29,,,,,2902104,Araci,0,,20130501000000,Implantação,20130501000000,Implantação
1853,,,,29,,,,,2902203,Aramari,0,,20130501000000,Implantação,20130501000000,Implantação
1854,,,,29,,,,,2902252,Arataca,0,,20130501000000,Implantação,20130501000000,Implantação
1855,,,,29,,,,,2902302,Aratuípe,0,,20130501000000,Implantação,20130501000000,Implantação
1856,,,,29,,,,,2902401,Aurelino Leal,0,,20130501000000,Implantação,20130501000000,Implantação
1857,,,,29,,,,,2902500,Baianópolis,0,,20130501000000,Implantação,20130501000000,Implantação
1858,,,,29,,,,,2902609,Baixa Grande,0,,20130501000000,Implantação,20130501000000,Implantação
1859,,,,29,,,,,2902658,Banzaê,0,,20130501000000,Implantação,20130501000000,Implantação
1860,,,,29,,,,,2902708,Barra,0,,20130501000000,Implantação,20130501000000,Implantação
1861,,,,29,,,,,2902807,Barra da Estiva,0,,20130501000000,Implantação,20130501000000,Implantação
1862,,,,29,,,,,2902906,Barra do Choça,0,,20130501000000,Implantação,20130501000000,Implantação
1863,,,,29,,,,,2903003,Barra do Mendes,0,,20130501000000,Implantação,20130501000000,Implantação
1864,,,,29,,,,,2903102,Barra do Rocha,0,,20130501000000,Implantação,20130501000000,Implantação
1865,,,,29,,,,,2903201,Barreiras,0,,20130501000000,Implantação,20130501000000,Implantação
1866,,,,29,,,,,2903235,Barro Alto,0,,20130501000000,Implantação,20130501000000,Implantação
1867,,,,29,,,,,2903276,Barrocas,0,,20130501000000,Implantação,20130501000000,Implantação
1868,,,,29,,,,,2903300,Barro Preto,0,,20130501000000,Implantação,20130501000000,Implantação
1869,,,,29,,,,,2903409,Belmonte,0,,20130501000000,Implantação,20130501000000,Implantação
1870,,,,29,,,,,2903508,Belo Campo,0,,20130501000000,Implantação,20130501000000,Implantação
1871,,,,29,,,,,2903607,Biritinga,0,,20130501000000,Implantação,20130501000000,Implantação
1872,,,,29,,,,,2903706,Boa Nova,0,,20130501000000,Implantação,20130501000000,Implantação
1873,,,,29,,,,,2903805,Boa Vista do Tupim,0,,20130501000000,Implantação,20130501000000,Implantação
1874,,,,29,,,,,2903904,Bom Jesus da Lapa,0,,20130501000000,Implantação,20130501000000,Implantação
1875,,,,29,,,,,2903953,Bom Jesus da Serra,0,,20130501000000,Implantação,20130501000000,Implantação
1876,,,,29,,,,,2904001,Boninal,0,,20130501000000,Implantação,20130501000000,Implantação
1877,,,,29,,,,,2904050,Bonito,0,,20130501000000,Implantação,20130501000000,Implantação
1878,,,,29,,,,,2904100,Boquira,0,,20130501000000,Implantação,20130501000000,Implantação
1879,,,,29,,,,,2904209,Botuporã,0,,20130501000000,Implantação,20130501000000,Implantação
1880,,,,29,,,,,2904308,Brejões,0,,20130501000000,Implantação,20130501000000,Implantação
1881,,,,29,,,,,2904407,Brejolândia,0,,20130501000000,Implantação,20130501000000,Implantação
1882,,,,29,,,,,2904506,Brotas de Macaúbas,0,,20130501000000,Implantação,20130501000000,Implantação
1883,,,,29,,,,,2904605,Brumado,0,,20130501000000,Implantação,20130501000000,Implantação
1884,,,,29,,,,,2904704,Buerarema,0,,20130501000000,Implantação,20130501000000,Implantação
1885,,,,29,,,,,2904753,Buritirama,0,,20130501000000,Implantação,20130501000000,Implantação
1886,,,,29,,,,,2904803,Caatiba,0,,20130501000000,Implantação,20130501000000,Implantação
1887,,,,29,,,,,2904852,Cabaceiras do Paraguaçu,0,,20130501000000,Implantação,20130501000000,Implantação
1888,,,,29,,,,,2904902,Cachoeira,0,,20130501000000,Implantação,20130501000000,Implantação
1889,,,,29,,,,,2905008,Caculé,0,,20130501000000,Implantação,20130501000000,Implantação
1890,,,,29,,,,,2905107,Caém,0,,20130501000000,Implantação,20130501000000,Implantação
1891,,,,29,,,,,2905156,Caetanos,0,,20130501000000,Implantação,20130501000000,Implantação
1892,,,,29,,,,,2905206,Caetité,0,,20130501000000,Implantação,20130501000000,Implantação
1893,,,,29,,,,,2905305,Cafarnaum,0,,20130501000000,Implantação,20130501000000,Implantação
1894,,,,29,,,,,2905404,Cairu,0,,20130501000000,Implantação,20130501000000,Implantação
1895,,,,29,,,,,2905503,Caldeirão Grande,0,,20130501000000,Implantação,20130501000000,Implantação
1896,,,,29,,,,,2905602,Camacan,0,,20130501000000,Implantação,20130501000000,Implantação
1897,,,,29,,,,,2905701,Camaçari,0,,20130501000000,Implantação,20130501000000,Implantação
1898,,,,29,,,,,2905800,Camamu,0,,20130501000000,Implantação,20130501000000,Implantação
1899,,,,29,,,,,2905909,Campo Alegre de Lourdes,0,,20130501000000,Implantação,20130501000000,Implantação
1900,,,,29,,,,,2906006,Campo Formoso,0,,20130501000000,Implantação,20130501000000,Implantação
1901,,,,29,,,,,2906105,Canápolis,0,,20130501000000,Implantação,20130501000000,Implantação
1902,,,,29,,,,,2906204,Canarana,0,,20130501000000,Implantação,20130501000000,Implantação
1903,,,,29,,,,,2906303,Canavieiras,0,,20130501000000,Implantação,20130501000000,Implantação
1904,,,,29,,,,,2906402,Candeal,0,,20130501000000,Implantação,20130501000000,Implantação
1905,,,,29,,,,,2906501,Candeias,0,,20130501000000,Implantação,20130501000000,Implantação
1906,,,,29,,,,,2906600,Candiba,0,,20130501000000,Implantação,20130501000000,Implantação
1907,,,,29,,,,,2906709,Cândido Sales,0,,20130501000000,Implantação,20130501000000,Implantação
1908,,,,29,,,,,2906808,Cansanção,0,,20130501000000,Implantação,20130501000000,Implantação
1909,,,,29,,,,,2906824,Canudos,0,,20130501000000,Implantação,20130501000000,Implantação
1910,,,,29,,,,,2906857,Capela do Alto Alegre,0,,20130501000000,Implantação,20130501000000,Implantação
1911,,,,29,,,,,2906873,Capim Grosso,0,,20130501000000,Implantação,20130501000000,Implantação
1912,,,,29,,,,,2906899,Caraíbas,0,,20130501000000,Implantação,20130501000000,Implantação
1913,,,,29,,,,,2906907,Caravelas,0,,20130501000000,Implantação,20130501000000,Implantação
1914,,,,29,,,,,2907004,Cardeal da Silva,0,,20130501000000,Implantação,20130501000000,Implantação
1915,,,,29,,,,,2907103,Carinhanha,0,,20130501000000,Implantação,20130501000000,Implantação
1916,,,,29,,,,,2907202,Casa Nova,0,,20130501000000,Implantação,20130501000000,Implantação
1917,,,,29,,,,,2907301,Castro Alves,0,,20130501000000,Implantação,20130501000000,Implantação
1918,,,,29,,,,,2907400,Catolândia,0,,20130501000000,Implantação,20130501000000,Implantação
1919,,,,29,,,,,2907509,Catu,0,,20130501000000,Implantação,20130501000000,Implantação
1920,,,,29,,,,,2907558,Caturama,0,,20130501000000,Implantação,20130501000000,Implantação
1921,,,,29,,,,,2907608,Central,0,,20130501000000,Implantação,20130501000000,Implantação
1922,,,,29,,,,,2907707,Chorrochó,0,,20130501000000,Implantação,20130501000000,Implantação
1923,,,,29,,,,,2907806,Cícero Dantas,0,,20130501000000,Implantação,20130501000000,Implantação
1924,,,,29,,,,,2907905,Cipó,0,,20130501000000,Implantação,20130501000000,Implantação
1925,,,,29,,,,,2908002,Coaraci,0,,20130501000000,Implantação,20130501000000,Implantação
1926,,,,29,,,,,2908101,Cocos,0,,20130501000000,Implantação,20130501000000,Implantação
1927,,,,29,,,,,2908200,Conceição da Feira,0,,20130501000000,Implantação,20130501000000,Implantação
1928,,,,29,,,,,2908309,Conceição do Almeida,0,,20130501000000,Implantação,20130501000000,Implantação
1929,,,,29,,,,,2908408,Conceição do Coité,0,,20130501000000,Implantação,20130501000000,Implantação
1930,,,,29,,,,,2908507,Conceição do Jacuípe,0,,20130501000000,Implantação,20130501000000,Implantação
1931,,,,29,,,,,2908606,Conde,0,,20130501000000,Implantação,20130501000000,Implantação
1932,,,,29,,,,,2908705,Condeúba,0,,20130501000000,Implantação,20130501000000,Implantação
1933,,,,29,,,,,2908804,Contendas do Sincorá,0,,20130501000000,Implantação,20130501000000,Implantação
1934,,,,29,,,,,2908903,Coração de Maria,0,,20130501000000,Implantação,20130501000000,Implantação
1935,,,,29,,,,,2909000,Cordeiros,0,,20130501000000,Implantação,20130501000000,Implantação
1936,,,,29,,,,,2909109,Coribe,0,,20130501000000,Implantação,20130501000000,Implantação
1937,,,,29,,,,,2909208,Coronel João Sá,0,,20130501000000,Implantação,20130501000000,Implantação
1938,,,,29,,,,,2909307,Correntina,0,,20130501000000,Implantação,20130501000000,Implantação
1939,,,,29,,,,,2909406,Cotegipe,0,,20130501000000,Implantação,20130501000000,Implantação
1940,,,,29,,,,,2909505,Cravolândia,0,,20130501000000,Implantação,20130501000000,Implantação
1941,,,,29,,,,,2909604,Crisópolis,0,,20130501000000,Implantação,20130501000000,Implantação
1942,,,,29,,,,,2909703,Cristópolis,0,,20130501000000,Implantação,20130501000000,Implantação
1943,,,,29,,,,,2909802,Cruz das Almas,0,,20130501000000,Implantação,20130501000000,Implantação
1944,,,,29,,,,,2909901,Curaçá,0,,20130501000000,Implantação,20130501000000,Implantação
1945,,,,29,,,,,2910008,Dário Meira,0,,20130501000000,Implantação,20130501000000,Implantação
1946,,,,29,,,,,2910057,Dias d'Ávila,0,,20130501000000,Implantação,20130501000000,Implantação
1947,,,,29,,,,,2910107,Dom Basílio,0,,20130501000000,Implantação,20130501000000,Implantação
1948,,,,29,,,,,2910206,Dom Macedo Costa,0,,20130501000000,Implantação,20130501000000,Implantação
1949,,,,29,,,,,2910305,Elísio Medrado,0,,20130501000000,Implantação,20130501000000,Implantação
1950,,,,29,,,,,2910404,Encruzilhada,0,,20130501000000,Implantação,20130501000000,Implantação
1951,,,,29,,,,,2910503,Entre Rios,0,,20130501000000,Implantação,20130501000000,Implantação
1952,,,,29,,,,,2910602,Esplanada,0,,20130501000000,Implantação,20130501000000,Implantação
1953,,,,29,,,,,2910701,Euclides da Cunha,0,,20130501000000,Implantação,20130501000000,Implantação
1954,,,,29,,,,,2910727,Eunápolis,0,,20130501000000,Implantação,20130501000000,Implantação
1955,,,,29,,,,,2910750,Fátima,0,,20130501000000,Implantação,20130501000000,Implantação
1956,,,,29,,,,,2910776,Feira da Mata,0,,20130501000000,Implantação,20130501000000,Implantação
1957,,,,29,,,,,2910800,Feira de Santana,0,,20130501000000,Implantação,20130501000000,Implantação
1958,,,,29,,,,,2910859,Filadélfia,0,,20130501000000,Implantação,20130501000000,Implantação
1959,,,,29,,,,,2910909,Firmino Alves,0,,20130501000000,Implantação,20130501000000,Implantação
1960,,,,29,,,,,2911006,Floresta Azul,0,,20130501000000,Implantação,20130501000000,Implantação
1961,,,,29,,,,,2911105,Formosa do Rio Preto,0,,20130501000000,Implantação,20130501000000,Implantação
1962,,,,29,,,,,2911204,Gandu,0,,20130501000000,Implantação,20130501000000,Implantação
1963,,,,29,,,,,2911253,Gavião,0,,20130501000000,Implantação,20130501000000,Implantação
1964,,,,29,,,,,2911303,Gentio do Ouro,0,,20130501000000,Implantação,20130501000000,Implantação
1965,,,,29,,,,,2911402,Glória,0,,20130501000000,Implantação,20130501000000,Implantação
1966,,,,29,,,,,2911501,Gongogi,0,,20130501000000,Implantação,20130501000000,Implantação
1967,,,,29,,,,,2911600,Governador Mangabeira,0,,20130501000000,Implantação,20130501000000,Implantação
1968,,,,29,,,,,2911659,Guajeru,0,,20130501000000,Implantação,20130501000000,Implantação
1969,,,,29,,,,,2911709,Guanambi,0,,20130501000000,Implantação,20130501000000,Implantação
1970,,,,29,,,,,2911808,Guaratinga,0,,20130501000000,Implantação,20130501000000,Implantação
1971,,,,29,,,,,2911857,Heliópolis,0,,20130501000000,Implantação,20130501000000,Implantação
1972,,,,29,,,,,2911907,Iaçu,0,,20130501000000,Implantação,20130501000000,Implantação
1973,,,,29,,,,,2912004,Ibiassucê,0,,20130501000000,Implantação,20130501000000,Implantação
1974,,,,29,,,,,2912103,Ibicaraí,0,,20130501000000,Implantação,20130501000000,Implantação
1975,,,,29,,,,,2912202,Ibicoara,0,,20130501000000,Implantação,20130501000000,Implantação
1976,,,,29,,,,,2912301,Ibicuí,0,,20130501000000,Implantação,20130501000000,Implantação
1977,,,,29,,,,,2912400,Ibipeba,0,,20130501000000,Implantação,20130501000000,Implantação
1978,,,,29,,,,,2912509,Ibipitanga,0,,20130501000000,Implantação,20130501000000,Implantação
1979,,,,29,,,,,2912608,Ibiquera,0,,20130501000000,Implantação,20130501000000,Implantação
1980,,,,29,,,,,2912707,Ibirapitanga,0,,20130501000000,Implantação,20130501000000,Implantação
1981,,,,29,,,,,2912806,Ibirapuã,0,,20130501000000,Implantação,20130501000000,Implantação
1982,,,,29,,,,,2912905,Ibirataia,0,,20130501000000,Implantação,20130501000000,Implantação
1983,,,,29,,,,,2913002,Ibitiara,0,,20130501000000,Implantação,20130501000000,Implantação
1984,,,,29,,,,,2913101,Ibititá,0,,20130501000000,Implantação,20130501000000,Implantação
1985,,,,29,,,,,2913200,Ibotirama,0,,20130501000000,Implantação,20130501000000,Implantação
1986,,,,29,,,,,2913309,Ichu,0,,20130501000000,Implantação,20130501000000,Implantação
1987,,,,29,,,,,2913408,Igaporã,0,,20130501000000,Implantação,20130501000000,Implantação
1988,,,,29,,,,,2913457,Igrapiúna,0,,20130501000000,Implantação,20130501000000,Implantação
1989,,,,29,,,,,2913507,Iguaí,0,,20130501000000,Implantação,20130501000000,Implantação
1990,,,,29,,,,,2913606,Ilhéus,0,,20130501000000,Implantação,20130501000000,Implantação
1991,,,,29,,,,,2913705,Inhambupe,0,,20130501000000,Implantação,20130501000000,Implantação
1992,,,,29,,,,,2913804,Ipecaetá,0,,20130501000000,Implantação,20130501000000,Implantação
1993,,,,29,,,,,2913903,Ipiaú,0,,20130501000000,Implantação,20130501000000,Implantação
1994,,,,29,,,,,2914000,Ipirá,0,,20130501000000,Implantação,20130501000000,Implantação
1995,,,,29,,,,,2914109,Ipupiara,0,,20130501000000,Implantação,20130501000000,Implantação
1996,,,,29,,,,,2914208,Irajuba,0,,20130501000000,Implantação,20130501000000,Implantação
1997,,,,29,,,,,2914307,Iramaia,0,,20130501000000,Implantação,20130501000000,Implantação
1998,,,,29,,,,,2914406,Iraquara,0,,20130501000000,Implantação,20130501000000,Implantação
1999,,,,29,,,,,2914505,Irará,0,,20130501000000,Implantação,20130501000000,Implantação
2000,,,,29,,,,,2914604,Irecê,0,,20130501000000,Implantação,20130501000000,Implantação
2001,,,,29,,,,,2914653,Itabela,0,,20130501000000,Implantação,20130501000000,Implantação
2002,,,,29,,,,,2914703,Itaberaba,0,,20130501000000,Implantação,20130501000000,Implantação
2003,,,,29,,,,,2914802,Itabuna,0,,20130501000000,Implantação,20130501000000,Implantação
2004,,,,29,,,,,2914901,Itacaré,0,,20130501000000,Implantação,20130501000000,Implantação
2005,,,,29,,,,,2915007,Itaeté,0,,20130501000000,Implantação,20130501000000,Implantação
2006,,,,29,,,,,2915106,Itagi,0,,20130501000000,Implantação,20130501000000,Implantação
2007,,,,29,,,,,2915205,Itagibá,0,,20130501000000,Implantação,20130501000000,Implantação
2008,,,,29,,,,,2915304,Itagimirim,0,,20130501000000,Implantação,20130501000000,Implantação
2009,,,,29,,,,,2915353,Itaguaçu da Bahia,0,,20130501000000,Implantação,20130501000000,Implantação
2010,,,,29,,,,,2915403,Itaju do Colônia,0,,20130501000000,Implantação,20130501000000,Implantação
2011,,,,29,,,,,2915502,Itajuípe,0,,20130501000000,Implantação,20130501000000,Implantação
2012,,,,29,,,,,2915601,Itamaraju,0,,20130501000000,Implantação,20130501000000,Implantação
2013,,,,29,,,,,2915700,Itamari,0,,20130501000000,Implantação,20130501000000,Implantação
2014,,,,29,,,,,2915809,Itambé,0,,20130501000000,Implantação,20130501000000,Implantação
2015,,,,29,,,,,2915908,Itanagra,0,,20130501000000,Implantação,20130501000000,Implantação
2016,,,,29,,,,,2916005,Itanhém,0,,20130501000000,Implantação,20130501000000,Implantação
2017,,,,29,,,,,2916104,Itaparica,0,,20130501000000,Implantação,20130501000000,Implantação
2018,,,,29,,,,,2916203,Itapé,0,,20130501000000,Implantação,20130501000000,Implantação
2019,,,,29,,,,,2916302,Itapebi,0,,20130501000000,Implantação,20130501000000,Implantação
2020,,,,29,,,,,2916401,Itapetinga,0,,20130501000000,Implantação,20130501000000,Implantação
2021,,,,29,,,,,2916500,Itapicuru,0,,20130501000000,Implantação,20130501000000,Implantação
2022,,,,29,,,,,2916609,Itapitanga,0,,20130501000000,Implantação,20130501000000,Implantação
2023,,,,29,,,,,2916708,Itaquara,0,,20130501000000,Implantação,20130501000000,Implantação
2024,,,,29,,,,,2916807,Itarantim,0,,20130501000000,Implantação,20130501000000,Implantação
2025,,,,29,,,,,2916856,Itatim,0,,20130501000000,Implantação,20130501000000,Implantação
2026,,,,29,,,,,2916906,Itiruçu,0,,20130501000000,Implantação,20130501000000,Implantação
2027,,,,29,,,,,2917003,Itiúba,0,,20130501000000,Implantação,20130501000000,Implantação
2028,,,,29,,,,,2917102,Itororó,0,,20130501000000,Implantação,20130501000000,Implantação
2029,,,,29,,,,,2917201,Ituaçu,0,,20130501000000,Implantação,20130501000000,Implantação
2030,,,,29,,,,,2917300,Ituberá,0,,20130501000000,Implantação,20130501000000,Implantação
2031,,,,29,,,,,2917334,Iuiú,0,,20130501000000,Implantação,20130501000000,Implantação
2032,,,,29,,,,,2917359,Jaborandi,0,,20130501000000,Implantação,20130501000000,Implantação
2033,,,,29,,,,,2917409,Jacaraci,0,,20130501000000,Implantação,20130501000000,Implantação
2034,,,,29,,,,,2917508,Jacobina,0,,20130501000000,Implantação,20130501000000,Implantação
2035,,,,29,,,,,2917607,Jaguaquara,0,,20130501000000,Implantação,20130501000000,Implantação
2036,,,,29,,,,,2917706,Jaguarari,0,,20130501000000,Implantação,20130501000000,Implantação
2037,,,,29,,,,,2917805,Jaguaripe,0,,20130501000000,Implantação,20130501000000,Implantação
2038,,,,29,,,,,2917904,Jandaíra,0,,20130501000000,Implantação,20130501000000,Implantação
2039,,,,29,,,,,2918001,Jequié,0,,20130501000000,Implantação,20130501000000,Implantação
2040,,,,29,,,,,2918100,Jeremoabo,0,,20130501000000,Implantação,20130501000000,Implantação
2041,,,,29,,,,,2918209,Jiquiriçá,0,,20130501000000,Implantação,20130501000000,Implantação
2042,,,,29,,,,,2918308,Jitaúna,0,,20130501000000,Implantação,20130501000000,Implantação
2043,,,,29,,,,,2918357,João Dourado,0,,20130501000000,Implantação,20130501000000,Implantação
2044,,,,29,,,,,2918407,Juazeiro,0,,20130501000000,Implantação,20130501000000,Implantação
2045,,,,29,,,,,2918456,Jucuruçu,0,,20130501000000,Implantação,20130501000000,Implantação
2046,,,,29,,,,,2918506,Jussara,0,,20130501000000,Implantação,20130501000000,Implantação
2047,,,,29,,,,,2918555,Jussari,0,,20130501000000,Implantação,20130501000000,Implantação
2048,,,,29,,,,,2918605,Jussiape,0,,20130501000000,Implantação,20130501000000,Implantação
2049,,,,29,,,,,2918704,Lafaiete Coutinho,0,,20130501000000,Implantação,20130501000000,Implantação
2050,,,,29,,,,,2918753,Lagoa Real,0,,20130501000000,Implantação,20130501000000,Implantação
2051,,,,29,,,,,2918803,Laje,0,,20130501000000,Implantação,20130501000000,Implantação
2052,,,,29,,,,,2918902,Lajedão,0,,20130501000000,Implantação,20130501000000,Implantação
2053,,,,29,,,,,2919009,Lajedinho,0,,20130501000000,Implantação,20130501000000,Implantação
2054,,,,29,,,,,2919058,Lajedo do Tabocal,0,,20130501000000,Implantação,20130501000000,Implantação
2055,,,,29,,,,,2919108,Lamarão,0,,20130501000000,Implantação,20130501000000,Implantação
2056,,,,29,,,,,2919157,Lapão,0,,20130501000000,Implantação,20130501000000,Implantação
2057,,,,29,,,,,2919207,Lauro de Freitas,0,,20130501000000,Implantação,20130501000000,Implantação
2058,,,,29,,,,,2919306,Lençóis,0,,20130501000000,Implantação,20130501000000,Implantação
2059,,,,29,,,,,2919405,Licínio de Almeida,0,,20130501000000,Implantação,20130501000000,Implantação
2060,,,,29,,,,,2919504,Livramento de Nossa Senhora,0,,20130501000000,Implantação,20130501000000,Implantação
2061,,,,29,,,,,2919553,Luís Eduardo Magalhães,0,,20130501000000,Implantação,20130501000000,Implantação
2062,,,,29,,,,,2919603,Macajuba,0,,20130501000000,Implantação,20130501000000,Implantação
2063,,,,29,,,,,2919702,Macarani,0,,20130501000000,Implantação,20130501000000,Implantação
2064,,,,29,,,,,2919801,Macaúbas,0,,20130501000000,Implantação,20130501000000,Implantação
2065,,,,29,,,,,2919900,Macururé,0,,20130501000000,Implantação,20130501000000,Implantação
2066,,,,29,,,,,2919926,Madre de Deus,0,,20130501000000,Implantação,20130501000000,Implantação
2067,,,,29,,,,,2919959,Maetinga,0,,20130501000000,Implantação,20130501000000,Implantação
2068,,,,29,,,,,2920007,Maiquinique,0,,20130501000000,Implantação,20130501000000,Implantação
2069,,,,29,,,,,2920106,Mairi,0,,20130501000000,Implantação,20130501000000,Implantação
2070,,,,29,,,,,2920205,Malhada,0,,20130501000000,Implantação,20130501000000,Implantação
2071,,,,29,,,,,2920304,Malhada de Pedras,0,,20130501000000,Implantação,20130501000000,Implantação
2072,,,,29,,,,,2920403,Manoel Vitorino,0,,20130501000000,Implantação,20130501000000,Implantação
2073,,,,29,,,,,2920452,Mansidão,0,,20130501000000,Implantação,20130501000000,Implantação
2074,,,,29,,,,,2920502,Maracás,0,,20130501000000,Implantação,20130501000000,Implantação
2075,,,,29,,,,,2920601,Maragogipe,0,,20130501000000,Implantação,20130501000000,Implantação
2076,,,,29,,,,,2920700,Maraú,0,,20130501000000,Implantação,20130501000000,Implantação
2077,,,,29,,,,,2920809,Marcionílio Souza,0,,20130501000000,Implantação,20130501000000,Implantação
2078,,,,29,,,,,2920908,Mascote,0,,20130501000000,Implantação,20130501000000,Implantação
2079,,,,29,,,,,2921005,Mata de São João,0,,20130501000000,Implantação,20130501000000,Implantação
2080,,,,29,,,,,2921054,Matina,0,,20130501000000,Implantação,20130501000000,Implantação
2081,,,,29,,,,,2921104,Medeiros Neto,0,,20130501000000,Implantação,20130501000000,Implantação
2082,,,,29,,,,,2921203,Miguel Calmon,0,,20130501000000,Implantação,20130501000000,Implantação
2083,,,,29,,,,,2921302,Milagres,0,,20130501000000,Implantação,20130501000000,Implantação
2084,,,,29,,,,,2921401,Mirangaba,0,,20130501000000,Implantação,20130501000000,Implantação
2085,,,,29,,,,,2921450,Mirante,0,,20130501000000,Implantação,20130501000000,Implantação
2086,,,,29,,,,,2921500,Monte Santo,0,,20130501000000,Implantação,20130501000000,Implantação
2087,,,,29,,,,,2921609,Morpará,0,,20130501000000,Implantação,20130501000000,Implantação
2088,,,,29,,,,,2921708,Morro do Chapéu,0,,20130501000000,Implantação,20130501000000,Implantação
2089,,,,29,,,,,2921807,Mortugaba,0,,20130501000000,Implantação,20130501000000,Implantação
2090,,,,29,,,,,2921906,Mucugê,0,,20130501000000,Implantação,20130501000000,Implantação
2091,,,,29,,,,,2922003,Mucuri,0,,20130501000000,Implantação,20130501000000,Implantação
2092,,,,29,,,,,2922052,Mulungu do Morro,0,,20130501000000,Implantação,20130501000000,Implantação
2093,,,,29,,,,,2922102,Mundo Novo,0,,20130501000000,Implantação,20130501000000,Implantação
2094,,,,29,,,,,2922201,Muniz Ferreira,0,,20130501000000,Implantação,20130501000000,Implantação
2095,,,,29,,,,,2922250,Muquém de São Francisco,0,,20130501000000,Implantação,20130501000000,Implantação
2096,,,,29,,,,,2922300,Muritiba,0,,20130501000000,Implantação,20130501000000,Implantação
2097,,,,29,,,,,2922409,Mutuípe,0,,20130501000000,Implantação,20130501000000,Implantação
2098,,,,29,,,,,2922508,Nazaré,0,,20130501000000,Implantação,20130501000000,Implantação
2099,,,,29,,,,,2922607,Nilo Peçanha,0,,20130501000000,Implantação,20130501000000,Implantação
2100,,,,29,,,,,2922656,Nordestina,0,,20130501000000,Implantação,20130501000000,Implantação
2101,,,,29,,,,,2922706,Nova Canaã,0,,20130501000000,Implantação,20130501000000,Implantação
2102,,,,29,,,,,2922730,Nova Fátima,0,,20130501000000,Implantação,20130501000000,Implantação
2103,,,,29,,,,,2922755,Nova Ibiá,0,,20130501000000,Implantação,20130501000000,Implantação
2104,,,,29,,,,,2922805,Nova Itarana,0,,20130501000000,Implantação,20130501000000,Implantação
2105,,,,29,,,,,2922854,Nova Redenção,0,,20130501000000,Implantação,20130501000000,Implantação
2106,,,,29,,,,,2922904,Nova Soure,0,,20130501000000,Implantação,20130501000000,Implantação
2107,,,,29,,,,,2923001,Nova Viçosa,0,,20130501000000,Implantação,20130501000000,Implantação
2108,,,,29,,,,,2923035,Novo Horizonte,0,,20130501000000,Implantação,20130501000000,Implantação
2109,,,,29,,,,,2923050,Novo Triunfo,0,,20130501000000,Implantação,20130501000000,Implantação
2110,,,,29,,,,,2923100,Olindina,0,,20130501000000,Implantação,20130501000000,Implantação
2111,,,,29,,,,,2923209,Oliveira dos Brejinhos,0,,20130501000000,Implantação,20130501000000,Implantação
2112,,,,29,,,,,2923308,Ouriçangas,0,,20130501000000,Implantação,20130501000000,Implantação
2113,,,,29,,,,,2923357,Ourolândia,0,,20130501000000,Implantação,20130501000000,Implantação
2114,,,,29,,,,,2923407,Palmas de Monte Alto,0,,20130501000000,Implantação,20130501000000,Implantação
2115,,,,29,,,,,2923506,Palmeiras,0,,20130501000000,Implantação,20130501000000,Implantação
2116,,,,29,,,,,2923605,Paramirim,0,,20130501000000,Implantação,20130501000000,Implantação
2117,,,,29,,,,,2923704,Paratinga,0,,20130501000000,Implantação,20130501000000,Implantação
2118,,,,29,,,,,2923803,Paripiranga,0,,20130501000000,Implantação,20130501000000,Implantação
2119,,,,29,,,,,2923902,Pau Brasil,0,,20130501000000,Implantação,20130501000000,Implantação
2120,,,,29,,,,,2924009,Paulo Afonso,0,,20130501000000,Implantação,20130501000000,Implantação
2121,,,,29,,,,,2924058,Pé de Serra,0,,20130501000000,Implantação,20130501000000,Implantação
2122,,,,29,,,,,2924108,Pedrão,0,,20130501000000,Implantação,20130501000000,Implantação
2123,,,,29,,,,,2924207,Pedro Alexandre,0,,20130501000000,Implantação,20130501000000,Implantação
2124,,,,29,,,,,2924306,Piatã,0,,20130501000000,Implantação,20130501000000,Implantação
2125,,,,29,,,,,2924405,Pilão Arcado,0,,20130501000000,Implantação,20130501000000,Implantação
2126,,,,29,,,,,2924504,Pindaí,0,,20130501000000,Implantação,20130501000000,Implantação
2127,,,,29,,,,,2924603,Pindobaçu,0,,20130501000000,Implantação,20130501000000,Implantação
2128,,,,29,,,,,2924652,Pintadas,0,,20130501000000,Implantação,20130501000000,Implantação
2129,,,,29,,,,,2924678,Piraí do Norte,0,,20130501000000,Implantação,20130501000000,Implantação
2130,,,,29,,,,,2924702,Piripá,0,,20130501000000,Implantação,20130501000000,Implantação
2131,,,,29,,,,,2924801,Piritiba,0,,20130501000000,Implantação,20130501000000,Implantação
2132,,,,29,,,,,2924900,Planaltino,0,,20130501000000,Implantação,20130501000000,Implantação
2133,,,,29,,,,,2925006,Planalto,0,,20130501000000,Implantação,20130501000000,Implantação
2134,,,,29,,,,,2925105,Poções,0,,20130501000000,Implantação,20130501000000,Implantação
2135,,,,29,,,,,2925204,Pojuca,0,,20130501000000,Implantação,20130501000000,Implantação
2136,,,,29,,,,,2925253,Ponto Novo,0,,20130501000000,Implantação,20130501000000,Implantação
2137,,,,29,,,,,2925303,Porto Seguro,0,,20130501000000,Implantação,20130501000000,Implantação
2138,,,,29,,,,,2925402,Potiraguá,0,,20130501000000,Implantação,20130501000000,Implantação
2139,,,,29,,,,,2925501,Prado,0,,20130501000000,Implantação,20130501000000,Implantação
2140,,,,29,,,,,2925600,Presidente Dutra,0,,20130501000000,Implantação,20130501000000,Implantação
2141,,,,29,,,,,2925709,Presidente Jânio Quadros,0,,20130501000000,Implantação,20130501000000,Implantação
2142,,,,29,,,,,2925758,Presidente Tancredo Neves,0,,20130501000000,Implantação,20130501000000,Implantação
2143,,,,29,,,,,2925808,Queimadas,0,,20130501000000,Implantação,20130501000000,Implantação
2144,,,,29,,,,,2925907,Quijingue,0,,20130501000000,Implantação,20130501000000,Implantação
2145,,,,29,,,,,2925931,Quixabeira,0,,20130501000000,Implantação,20130501000000,Implantação
2146,,,,29,,,,,2925956,Rafael Jambeiro,0,,20130501000000,Implantação,20130501000000,Implantação
2147,,,,29,,,,,2926004,Remanso,0,,20130501000000,Implantação,20130501000000,Implantação
2148,,,,29,,,,,2926103,Retirolândia,0,,20130501000000,Implantação,20130501000000,Implantação
2149,,,,29,,,,,2926202,Riachão das Neves,0,,20130501000000,Implantação,20130501000000,Implantação
2150,,,,29,,,,,2926301,Riachão do Jacuípe,0,,20130501000000,Implantação,20130501000000,Implantação
2151,,,,29,,,,,2926400,Riacho de Santana,0,,20130501000000,Implantação,20130501000000,Implantação
2152,,,,29,,,,,2926509,Ribeira do Amparo,0,,20130501000000,Implantação,20130501000000,Implantação
2153,,,,29,,,,,2926608,Ribeira do Pombal,0,,20130501000000,Implantação,20130501000000,Implantação
2154,,,,29,,,,,2926657,Ribeirão do Largo,0,,20130501000000,Implantação,20130501000000,Implantação
2155,,,,29,,,,,2926707,Rio de Contas,0,,20130501000000,Implantação,20130501000000,Implantação
2156,,,,29,,,,,2926806,Rio do Antônio,0,,20130501000000,Implantação,20130501000000,Implantação
2157,,,,29,,,,,2926905,Rio do Pires,0,,20130501000000,Implantação,20130501000000,Implantação
2158,,,,29,,,,,2927002,Rio Real,0,,20130501000000,Implantação,20130501000000,Implantação
2159,,,,29,,,,,2927101,Rodelas,0,,20130501000000,Implantação,20130501000000,Implantação
2160,,,,29,,,,,2927200,Ruy Barbosa,0,,20130501000000,Implantação,20130501000000,Implantação
2161,,,,29,,,,,2927309,Salinas da Margarida,0,,20130501000000,Implantação,20130501000000,Implantação
2162,,,,29,,,,,2927408,Salvador,0,,20130501000000,Implantação,20130501000000,Implantação
2163,,,,29,,,,,2927507,Santa Bárbara,0,,20130501000000,Implantação,20130501000000,Implantação
2164,,,,29,,,,,2927606,Santa Brígida,0,,20130501000000,Implantação,20130501000000,Implantação
2165,,,,29,,,,,2927705,Santa Cruz Cabrália,0,,20130501000000,Implantação,20130501000000,Implantação
2166,,,,29,,,,,2927804,Santa Cruz da Vitória,0,,20130501000000,Implantação,20130501000000,Implantação
2167,,,,29,,,,,2927903,Santa Inês,0,,20130501000000,Implantação,20130501000000,Implantação
2168,,,,29,,,,,2928000,Santaluz,0,,20130501000000,Implantação,20130501000000,Implantação
2169,,,,29,,,,,2928059,Santa Luzia,0,,20130501000000,Implantação,20130501000000,Implantação
2170,,,,29,,,,,2928109,Santa Maria da Vitória,0,,20130501000000,Implantação,20130501000000,Implantação
2171,,,,29,,,,,2928208,Santana,0,,20130501000000,Implantação,20130501000000,Implantação
2172,,,,29,,,,,2928307,Santanópolis,0,,20130501000000,Implantação,20130501000000,Implantação
2173,,,,29,,,,,2928406,Santa Rita de Cássia,0,,20130501000000,Implantação,20130501000000,Implantação
2174,,,,29,,,,,2928505,Santa Teresinha,0,,20130501000000,Implantação,20130501000000,Implantação
2175,,,,29,,,,,2928604,Santo Amaro,0,,20130501000000,Implantação,20130501000000,Implantação
2176,,,,29,,,,,2928703,Santo Antônio de Jesus,0,,20130501000000,Implantação,20130501000000,Implantação
2177,,,,29,,,,,2928802,Santo Estêvão,0,,20130501000000,Implantação,20130501000000,Implantação
2178,,,,29,,,,,2928901,São Desidério,0,,20130501000000,Implantação,20130501000000,Implantação
2179,,,,29,,,,,2928950,São Domingos,0,,20130501000000,Implantação,20130501000000,Implantação
2180,,,,29,,,,,2929008,São Félix,0,,20130501000000,Implantação,20130501000000,Implantação
2181,,,,29,,,,,2929057,São Félix do Coribe,0,,20130501000000,Implantação,20130501000000,Implantação
2182,,,,29,,,,,2929107,São Felipe,0,,20130501000000,Implantação,20130501000000,Implantação
2183,,,,29,,,,,2929206,São Francisco do Conde,0,,20130501000000,Implantação,20130501000000,Implantação
2184,,,,29,,,,,2929255,São Gabriel,0,,20130501000000,Implantação,20130501000000,Implantação
2185,,,,29,,,,,2929305,São Gonçalo dos Campos,0,,20130501000000,Implantação,20130501000000,Implantação
2186,,,,29,,,,,2929354,São José da Vitória,0,,20130501000000,Implantação,20130501000000,Implantação
2187,,,,29,,,,,2929370,São José do Jacuípe,0,,20130501000000,Implantação,20130501000000,Implantação
2188,,,,29,,,,,2929404,São Miguel das Matas,0,,20130501000000,Implantação,20130501000000,Implantação
2189,,,,29,,,,,2929503,São Sebastião do Passé,0,,20130501000000,Implantação,20130501000000,Implantação
2190,,,,29,,,,,2929602,Sapeaçu,0,,20130501000000,Implantação,20130501000000,Implantação
2191,,,,29,,,,,2929701,Sátiro Dias,0,,20130501000000,Implantação,20130501000000,Implantação
2192,,,,29,,,,,2929750,Saubara,0,,20130501000000,Implantação,20130501000000,Implantação
2193,,,,29,,,,,2929800,Saúde,0,,20130501000000,Implantação,20130501000000,Implantação
2194,,,,29,,,,,2929909,Seabra,0,,20130501000000,Implantação,20130501000000,Implantação
2195,,,,29,,,,,2930006,Sebastião Laranjeiras,0,,20130501000000,Implantação,20130501000000,Implantação
2196,,,,29,,,,,2930105,Senhor do Bonfim,0,,20130501000000,Implantação,20130501000000,Implantação
2197,,,,29,,,,,2930154,Serra do Ramalho,0,,20130501000000,Implantação,20130501000000,Implantação
2198,,,,29,,,,,2930204,Sento Sé,0,,20130501000000,Implantação,20130501000000,Implantação
2199,,,,29,,,,,2930303,Serra Dourada,0,,20130501000000,Implantação,20130501000000,Implantação
2200,,,,29,,,,,2930402,Serra Preta,0,,20130501000000,Implantação,20130501000000,Implantação
2201,,,,29,,,,,2930501,Serrinha,0,,20130501000000,Implantação,20130501000000,Implantação
2202,,,,29,,,,,2930600,Serrolândia,0,,20130501000000,Implantação,20130501000000,Implantação
2203,,,,29,,,,,2930709,Simões Filho,0,,20130501000000,Implantação,20130501000000,Implantação
2204,,,,29,,,,,2930758,Sítio do Mato,0,,20130501000000,Implantação,20130501000000,Implantação
2205,,,,29,,,,,2930766,Sítio do Quinto,0,,20130501000000,Implantação,20130501000000,Implantação
2206,,,,29,,,,,2930774,Sobradinho,0,,20130501000000,Implantação,20130501000000,Implantação
2207,,,,29,,,,,2930808,Souto Soares,0,,20130501000000,Implantação,20130501000000,Implantação
2208,,,,29,,,,,2930907,Tabocas do Brejo Velho,0,,20130501000000,Implantação,20130501000000,Implantação
2209,,,,29,,,,,2931004,Tanhaçu,0,,20130501000000,Implantação,20130501000000,Implantação
2210,,,,29,,,,,2931053,Tanque Novo,0,,20130501000000,Implantação,20130501000000,Implantação
2211,,,,29,,,,,2931103,Tanquinho,0,,20130501000000,Implantação,20130501000000,Implantação
2212,,,,29,,,,,2931202,Taperoá,0,,20130501000000,Implantação,20130501000000,Implantação
2213,,,,29,,,,,2931301,Tapiramutá,0,,20130501000000,Implantação,20130501000000,Implantação
2214,,,,29,,,,,2931350,Teixeira de Freitas,0,,20130501000000,Implantação,20130501000000,Implantação
2215,,,,29,,,,,2931400,Teodoro Sampaio,0,,20130501000000,Implantação,20130501000000,Implantação
2216,,,,29,,,,,2931509,Teofilândia,0,,20130501000000,Implantação,20130501000000,Implantação
2217,,,,29,,,,,2931608,Teolândia,0,,20130501000000,Implantação,20130501000000,Implantação
2218,,,,29,,,,,2931707,Terra Nova,0,,20130501000000,Implantação,20130501000000,Implantação
2219,,,,29,,,,,2931806,Tremedal,0,,20130501000000,Implantação,20130501000000,Implantação
2220,,,,29,,,,,2931905,Tucano,0,,20130501000000,Implantação,20130501000000,Implantação
2221,,,,29,,,,,2932002,Uauá,0,,20130501000000,Implantação,20130501000000,Implantação
2222,,,,29,,,,,2932101,Ubaíra,0,,20130501000000,Implantação,20130501000000,Implantação
2223,,,,29,,,,,2932200,Ubaitaba,0,,20130501000000,Implantação,20130501000000,Implantação
2224,,,,29,,,,,2932309,Ubatã,0,,20130501000000,Implantação,20130501000000,Implantação
2225,,,,29,,,,,2932408,Uibaí,0,,20130501000000,Implantação,20130501000000,Implantação
2226,,,,29,,,,,2932457,Umburanas,0,,20130501000000,Implantação,20130501000000,Implantação
2227,,,,29,,,,,2932507,Una,0,,20130501000000,Implantação,20130501000000,Implantação
2228,,,,29,,,,,2932606,Urandi,0,,20130501000000,Implantação,20130501000000,Implantação
2229,,,,29,,,,,2932705,Uruçuca,0,,20130501000000,Implantação,20130501000000,Implantação
2230,,,,29,,,,,2932804,Utinga,0,,20130501000000,Implantação,20130501000000,Implantação
2231,,,,29,,,,,2932903,Valença,0,,20130501000000,Implantação,20130501000000,Implantação
2232,,,,29,,,,,2933000,Valente,0,,20130501000000,Implantação,20130501000000,Implantação
2233,,,,29,,,,,2933059,Várzea da Roça,0,,20130501000000,Implantação,20130501000000,Implantação
2234,,,,29,,,,,2933109,Várzea do Poço,0,,20130501000000,Implantação,20130501000000,Implantação
2235,,,,29,,,,,2933158,Várzea Nova,0,,20130501000000,Implantação,20130501000000,Implantação
2236,,,,29,,,,,2933174,Varzedo,0,,20130501000000,Implantação,20130501000000,Implantação
2237,,,,29,,,,,2933208,Vera Cruz,0,,20130501000000,Implantação,20130501000000,Implantação
2238,,,,29,,,,,2933257,Vereda,0,,20130501000000,Implantação,20130501000000,Implantação
2239,,,,29,,,,,2933307,Vitória da Conquista,0,,20130501000000,Implantação,20130501000000,Implantação
2240,,,,29,,,,,2933406,Wagner,0,,20130501000000,Implantação,20130501000000,Implantação
2241,,,,29,,,,,2933455,Wanderley,0,,20130501000000,Implantação,20130501000000,Implantação
2242,,,,29,,,,,2933505,Wenceslau Guimarães,0,,20130501000000,Implantação,20130501000000,Implantação
2243,,,,29,,,,,2933604,Xique-Xique,0,,20130501000000,Implantação,20130501000000,Implantação
3115,,,,32,,,,,3201506,Colatina,0,,20130501000000,Implantação,20130501000000,Implantação
3097,,,,32,,,,,3200102,Afonso Cláudio,0,,20130501000000,Implantação,20130501000000,Implantação
3098,,,,32,,,,,3200136,Águia Branca,0,,20130501000000,Implantação,20130501000000,Implantação
3099,,,,32,,,,,3200169,Água Doce do Norte,0,,20130501000000,Implantação,20130501000000,Implantação
3100,,,,32,,,,,3200201,Alegre,0,,20130501000000,Implantação,20130501000000,Implantação
3101,,,,32,,,,,3200300,Alfredo Chaves,0,,20130501000000,Implantação,20130501000000,Implantação
3102,,,,32,,,,,3200359,Alto Rio Novo,0,,20130501000000,Implantação,20130501000000,Implantação
3103,,,,32,,,,,3200409,Anchieta,0,,20130501000000,Implantação,20130501000000,Implantação
3104,,,,32,,,,,3200508,Apiacá,0,,20130501000000,Implantação,20130501000000,Implantação
3105,,,,32,,,,,3200607,Aracruz,0,,20130501000000,Implantação,20130501000000,Implantação
3106,,,,32,,,,,3200706,Atilio Vivacqua,0,,20130501000000,Implantação,20130501000000,Implantação
3107,,,,32,,,,,3200805,Baixo Guandu,0,,20130501000000,Implantação,20130501000000,Implantação
3108,,,,32,,,,,3200904,Barra de São Francisco,0,,20130501000000,Implantação,20130501000000,Implantação
3109,,,,32,,,,,3201001,Boa Esperança,0,,20130501000000,Implantação,20130501000000,Implantação
3110,,,,32,,,,,3201100,Bom Jesus do Norte,0,,20130501000000,Implantação,20130501000000,Implantação
3111,,,,32,,,,,3201159,Brejetuba,0,,20130501000000,Implantação,20130501000000,Implantação
3112,,,,32,,,,,3201209,Cachoeiro de Itapemirim,0,,20130501000000,Implantação,20130501000000,Implantação
3113,,,,32,,,,,3201308,Cariacica,0,,20130501000000,Implantação,20130501000000,Implantação
3114,,,,32,,,,,3201407,Castelo,0,,20130501000000,Implantação,20130501000000,Implantação
3116,,,,32,,,,,3201605,Conceição da Barra,0,,20130501000000,Implantação,20130501000000,Implantação
3117,,,,32,,,,,3201704,Conceição do Castelo,0,,20130501000000,Implantação,20130501000000,Implantação
3118,,,,32,,,,,3201803,Divino de São Lourenço,0,,20130501000000,Implantação,20130501000000,Implantação
3119,,,,32,,,,,3201902,Domingos Martins,0,,20130501000000,Implantação,20130501000000,Implantação
3120,,,,32,,,,,3202009,Dores do Rio Preto,0,,20130501000000,Implantação,20130501000000,Implantação
3121,,,,32,,,,,3202108,Ecoporanga,0,,20130501000000,Implantação,20130501000000,Implantação
3122,,,,32,,,,,3202207,Fundão,0,,20130501000000,Implantação,20130501000000,Implantação
3123,,,,32,,,,,3202256,Governador Lindenberg,0,,20130501000000,Implantação,20130501000000,Implantação
3124,,,,32,,,,,3202306,Guaçuí,0,,20130501000000,Implantação,20130501000000,Implantação
3125,,,,32,,,,,3202405,Guarapari,0,,20130501000000,Implantação,20130501000000,Implantação
3126,,,,32,,,,,3202454,Ibatiba,0,,20130501000000,Implantação,20130501000000,Implantação
3127,,,,32,,,,,3202504,Ibiraçu,0,,20130501000000,Implantação,20130501000000,Implantação
3128,,,,32,,,,,3202553,Ibitirama,0,,20130501000000,Implantação,20130501000000,Implantação
3129,,,,32,,,,,3202603,Iconha,0,,20130501000000,Implantação,20130501000000,Implantação
3130,,,,32,,,,,3202652,Irupi,0,,20130501000000,Implantação,20130501000000,Implantação
3131,,,,32,,,,,3202702,Itaguaçu,0,,20130501000000,Implantação,20130501000000,Implantação
3132,,,,32,,,,,3202801,Itapemirim,0,,20130501000000,Implantação,20130501000000,Implantação
3133,,,,32,,,,,3202900,Itarana,0,,20130501000000,Implantação,20130501000000,Implantação
3134,,,,32,,,,,3203007,Iúna,0,,20130501000000,Implantação,20130501000000,Implantação
3135,,,,32,,,,,3203056,Jaguaré,0,,20130501000000,Implantação,20130501000000,Implantação
3136,,,,32,,,,,3203106,Jerônimo Monteiro,0,,20130501000000,Implantação,20130501000000,Implantação
3137,,,,32,,,,,3203130,João Neiva,0,,20130501000000,Implantação,20130501000000,Implantação
3138,,,,32,,,,,3203163,Laranja da Terra,0,,20130501000000,Implantação,20130501000000,Implantação
3139,,,,32,,,,,3203205,Linhares,0,,20130501000000,Implantação,20130501000000,Implantação
3140,,,,32,,,,,3203304,Mantenópolis,0,,20130501000000,Implantação,20130501000000,Implantação
3141,,,,32,,,,,3203320,Marataízes,0,,20130501000000,Implantação,20130501000000,Implantação
3142,,,,32,,,,,3203346,Marechal Floriano,0,,20130501000000,Implantação,20130501000000,Implantação
3143,,,,32,,,,,3203353,Marilândia,0,,20130501000000,Implantação,20130501000000,Implantação
3144,,,,32,,,,,3203403,Mimoso do Sul,0,,20130501000000,Implantação,20130501000000,Implantação
3145,,,,32,,,,,3203502,Montanha,0,,20130501000000,Implantação,20130501000000,Implantação
3146,,,,32,,,,,3203601,Mucurici,0,,20130501000000,Implantação,20130501000000,Implantação
3147,,,,32,,,,,3203700,Muniz Freire,0,,20130501000000,Implantação,20130501000000,Implantação
3148,,,,32,,,,,3203809,Muqui,0,,20130501000000,Implantação,20130501000000,Implantação
3149,,,,32,,,,,3203908,Nova Venécia,0,,20130501000000,Implantação,20130501000000,Implantação
3150,,,,32,,,,,3204005,Pancas,0,,20130501000000,Implantação,20130501000000,Implantação
3151,,,,32,,,,,3204054,Pedro Canário,0,,20130501000000,Implantação,20130501000000,Implantação
3152,,,,32,,,,,3204104,Pinheiros,0,,20130501000000,Implantação,20130501000000,Implantação
3153,,,,32,,,,,3204203,Piúma,0,,20130501000000,Implantação,20130501000000,Implantação
3154,,,,32,,,,,3204252,Ponto Belo,0,,20130501000000,Implantação,20130501000000,Implantação
3155,,,,32,,,,,3204302,Presidente Kennedy,0,,20130501000000,Implantação,20130501000000,Implantação
3156,,,,32,,,,,3204351,Rio Bananal,0,,20130501000000,Implantação,20130501000000,Implantação
3157,,,,32,,,,,3204401,Rio Novo do Sul,0,,20130501000000,Implantação,20130501000000,Implantação
3158,,,,32,,,,,3204500,Santa Leopoldina,0,,20130501000000,Implantação,20130501000000,Implantação
3159,,,,32,,,,,3204559,Santa Maria de Jetibá,0,,20130501000000,Implantação,20130501000000,Implantação
3160,,,,32,,,,,3204609,Santa Teresa,0,,20130501000000,Implantação,20130501000000,Implantação
3161,,,,32,,,,,3204658,São Domingos do Norte,0,,20130501000000,Implantação,20130501000000,Implantação
3162,,,,32,,,,,3204708,São Gabriel da Palha,0,,20130501000000,Implantação,20130501000000,Implantação
3163,,,,32,,,,,3204807,São José do Calçado,0,,20130501000000,Implantação,20130501000000,Implantação
3164,,,,32,,,,,3204906,São Mateus,0,,20130501000000,Implantação,20130501000000,Implantação
3165,,,,32,,,,,3204955,São Roque do Canaã,0,,20130501000000,Implantação,20130501000000,Implantação
3166,,,,32,,,,,3205002,Serra,0,,20130501000000,Implantação,20130501000000,Implantação
3167,,,,32,,,,,3205010,Sooretama,0,,20130501000000,Implantação,20130501000000,Implantação
3168,,,,32,,,,,3205036,Vargem Alta,0,,20130501000000,Implantação,20130501000000,Implantação
3169,,,,32,,,,,3205069,Venda Nova do Imigrante,0,,20130501000000,Implantação,20130501000000,Implantação
3170,,,,32,,,,,3205101,Viana,0,,20130501000000,Implantação,20130501000000,Implantação
3171,,,,32,,,,,3205150,Vila Pavão,0,,20130501000000,Implantação,20130501000000,Implantação
3172,,,,32,,,,,3205176,Vila Valério,0,,20130501000000,Implantação,20130501000000,Implantação
3173,,,,32,,,,,3205200,Vila Velha,0,,20130501000000,Implantação,20130501000000,Implantação
3174,,,,32,,,,,3205309,Vitória,0,,20130501000000,Implantação,20130501000000,Implantação
3175,,,,33,,,,,3300100,Angra dos Reis,0,,20130501000000,Implantação,20130501000000,Implantação
3176,,,,33,,,,,3300159,Aperibé,0,,20130501000000,Implantação,20130501000000,Implantação
3177,,,,33,,,,,3300209,Araruama,0,,20130501000000,Implantação,20130501000000,Implantação
3178,,,,33,,,,,3300225,Areal,0,,20130501000000,Implantação,20130501000000,Implantação
3179,,,,33,,,,,3300233,Armação dos Búzios,0,,20130501000000,Implantação,20130501000000,Implantação
3180,,,,33,,,,,3300258,Arraial do Cabo,0,,20130501000000,Implantação,20130501000000,Implantação
3181,,,,33,,,,,3300308,Barra do Piraí,0,,20130501000000,Implantação,20130501000000,Implantação
3182,,,,33,,,,,3300407,Barra Mansa,0,,20130501000000,Implantação,20130501000000,Implantação
3183,,,,33,,,,,3300456,Belford Roxo,0,,20130501000000,Implantação,20130501000000,Implantação
3184,,,,33,,,,,3300506,Bom Jardim,0,,20130501000000,Implantação,20130501000000,Implantação
3185,,,,33,,,,,3300605,Bom Jesus do Itabapoana,0,,20130501000000,Implantação,20130501000000,Implantação
3186,,,,33,,,,,3300704,Cabo Frio,0,,20130501000000,Implantação,20130501000000,Implantação
3187,,,,33,,,,,3300803,Cachoeiras de Macacu,0,,20130501000000,Implantação,20130501000000,Implantação
3188,,,,33,,,,,3300902,Cambuci,0,,20130501000000,Implantação,20130501000000,Implantação
3189,,,,33,,,,,3300936,Carapebus,0,,20130501000000,Implantação,20130501000000,Implantação
3190,,,,33,,,,,3300951,Comendador Levy Gasparian,0,,20130501000000,Implantação,20130501000000,Implantação
3191,,,,33,,,,,3301009,Campos dos Goytacazes,0,,20130501000000,Implantação,20130501000000,Implantação
3192,,,,33,,,,,3301108,Cantagalo,0,,20130501000000,Implantação,20130501000000,Implantação
3193,,,,33,,,,,3301157,Cardoso Moreira,0,,20130501000000,Implantação,20130501000000,Implantação
3194,,,,33,,,,,3301207,Carmo,0,,20130501000000,Implantação,20130501000000,Implantação
3195,,,,33,,,,,3301306,Casimiro de Abreu,0,,20130501000000,Implantação,20130501000000,Implantação
3196,,,,33,,,,,3301405,Conceição de Macabu,0,,20130501000000,Implantação,20130501000000,Implantação
3197,,,,33,,,,,3301504,Cordeiro,0,,20130501000000,Implantação,20130501000000,Implantação
3198,,,,33,,,,,3301603,Duas Barras,0,,20130501000000,Implantação,20130501000000,Implantação
3199,,,,33,,,,,3301702,Duque de Caxias,0,,20130501000000,Implantação,20130501000000,Implantação
3200,,,,33,,,,,3301801,Engenheiro Paulo de Frontin,0,,20130501000000,Implantação,20130501000000,Implantação
3201,,,,33,,,,,3301850,Guapimirim,0,,20130501000000,Implantação,20130501000000,Implantação
3202,,,,33,,,,,3301876,Iguaba Grande,0,,20130501000000,Implantação,20130501000000,Implantação
3203,,,,33,,,,,3301900,Itaboraí,0,,20130501000000,Implantação,20130501000000,Implantação
3204,,,,33,,,,,3302007,Itaguaí,0,,20130501000000,Implantação,20130501000000,Implantação
3205,,,,33,,,,,3302056,Italva,0,,20130501000000,Implantação,20130501000000,Implantação
3206,,,,33,,,,,3302106,Itaocara,0,,20130501000000,Implantação,20130501000000,Implantação
3207,,,,33,,,,,3302205,Itaperuna,0,,20130501000000,Implantação,20130501000000,Implantação
3208,,,,33,,,,,3302254,Itatiaia,0,,20130501000000,Implantação,20130501000000,Implantação
3209,,,,33,,,,,3302270,Japeri,0,,20130501000000,Implantação,20130501000000,Implantação
3210,,,,33,,,,,3302304,Laje do Muriaé,0,,20130501000000,Implantação,20130501000000,Implantação
3211,,,,33,,,,,3302403,Macaé,0,,20130501000000,Implantação,20130501000000,Implantação
3212,,,,33,,,,,3302452,Macuco,0,,20130501000000,Implantação,20130501000000,Implantação
3213,,,,33,,,,,3302502,Magé,0,,20130501000000,Implantação,20130501000000,Implantação
3214,,,,33,,,,,3302601,Mangaratiba,0,,20130501000000,Implantação,20130501000000,Implantação
3215,,,,33,,,,,3302700,Maricá,0,,20130501000000,Implantação,20130501000000,Implantação
3216,,,,33,,,,,3302809,Mendes,0,,20130501000000,Implantação,20130501000000,Implantação
3217,,,,33,,,,,3302858,Mesquita,0,,20130501000000,Implantação,20130501000000,Implantação
3218,,,,33,,,,,3302908,Miguel Pereira,0,,20130501000000,Implantação,20130501000000,Implantação
3219,,,,33,,,,,3303005,Miracema,0,,20130501000000,Implantação,20130501000000,Implantação
3220,,,,33,,,,,3303104,Natividade,0,,20130501000000,Implantação,20130501000000,Implantação
3221,,,,33,,,,,3303203,Nilópolis,0,,20130501000000,Implantação,20130501000000,Implantação
3222,,,,33,,,,,3303302,Niterói,0,,20130501000000,Implantação,20130501000000,Implantação
3223,,,,33,,,,,3303401,Nova Friburgo,0,,20130501000000,Implantação,20130501000000,Implantação
3224,,,,33,,,,,3303500,Nova Iguaçu,0,,20130501000000,Implantação,20130501000000,Implantação
3225,,,,33,,,,,3303609,Paracambi,0,,20130501000000,Implantação,20130501000000,Implantação
3226,,,,33,,,,,3303708,Paraíba do Sul,0,,20130501000000,Implantação,20130501000000,Implantação
3227,,,,33,,,,,3303807,Paraty,0,,20130501000000,Implantação,20130501000000,Implantação
3228,,,,33,,,,,3303856,Paty do Alferes,0,,20130501000000,Implantação,20130501000000,Implantação
3229,,,,33,,,,,3303906,Petrópolis,0,,20130501000000,Implantação,20130501000000,Implantação
3230,,,,33,,,,,3303955,Pinheiral,0,,20130501000000,Implantação,20130501000000,Implantação
3231,,,,33,,,,,3304003,Piraí,0,,20130501000000,Implantação,20130501000000,Implantação
3232,,,,33,,,,,3304102,Porciúncula,0,,20130501000000,Implantação,20130501000000,Implantação
3233,,,,33,,,,,3304110,Porto Real,0,,20130501000000,Implantação,20130501000000,Implantação
3234,,,,33,,,,,3304128,Quatis,0,,20130501000000,Implantação,20130501000000,Implantação
3235,,,,33,,,,,3304144,Queimados,0,,20130501000000,Implantação,20130501000000,Implantação
3236,,,,33,,,,,3304151,Quissamã,0,,20130501000000,Implantação,20130501000000,Implantação
3237,,,,33,,,,,3304201,Resende,0,,20130501000000,Implantação,20130501000000,Implantação
3238,,,,33,,,,,3304300,Rio Bonito,0,,20130501000000,Implantação,20130501000000,Implantação
3239,,,,33,,,,,3304409,Rio Claro,0,,20130501000000,Implantação,20130501000000,Implantação
3240,,,,33,,,,,3304508,Rio das Flores,0,,20130501000000,Implantação,20130501000000,Implantação
3241,,,,33,,,,,3304524,Rio das Ostras,0,,20130501000000,Implantação,20130501000000,Implantação
3242,,,,33,,,,,3304557,Rio de Janeiro,0,,20130501000000,Implantação,20130501000000,Implantação
3243,,,,33,,,,,3304607,Santa Maria Madalena,0,,20130501000000,Implantação,20130501000000,Implantação
3244,,,,33,,,,,3304706,Santo Antônio de Pádua,0,,20130501000000,Implantação,20130501000000,Implantação
3245,,,,33,,,,,3304755,São Francisco de Itabapoana,0,,20130501000000,Implantação,20130501000000,Implantação
3246,,,,33,,,,,3304805,São Fidélis,0,,20130501000000,Implantação,20130501000000,Implantação
3247,,,,33,,,,,3304904,São Gonçalo,0,,20130501000000,Implantação,20130501000000,Implantação
3248,,,,33,,,,,3305000,São João da Barra,0,,20130501000000,Implantação,20130501000000,Implantação
3249,,,,33,,,,,3305109,São João de Meriti,0,,20130501000000,Implantação,20130501000000,Implantação
3250,,,,33,,,,,3305133,São José de Ubá,0,,20130501000000,Implantação,20130501000000,Implantação
3251,,,,33,,,,,3305158,São José do Vale do Rio Preto,0,,20130501000000,Implantação,20130501000000,Implantação
3252,,,,33,,,,,3305208,São Pedro da Aldeia,0,,20130501000000,Implantação,20130501000000,Implantação
3253,,,,33,,,,,3305307,São Sebastião do Alto,0,,20130501000000,Implantação,20130501000000,Implantação
3254,,,,33,,,,,3305406,Sapucaia,0,,20130501000000,Implantação,20130501000000,Implantação
3255,,,,33,,,,,3305505,Saquarema,0,,20130501000000,Implantação,20130501000000,Implantação
3256,,,,33,,,,,3305554,Seropédica,0,,20130501000000,Implantação,20130501000000,Implantação
3257,,,,33,,,,,3305604,Silva Jardim,0,,20130501000000,Implantação,20130501000000,Implantação
3258,,,,33,,,,,3305703,Sumidouro,0,,20130501000000,Implantação,20130501000000,Implantação
3259,,,,33,,,,,3305752,Tanguá,0,,20130501000000,Implantação,20130501000000,Implantação
3260,,,,33,,,,,3305802,Teresópolis,0,,20130501000000,Implantação,20130501000000,Implantação
3261,,,,33,,,,,3305901,Trajano de Moraes,0,,20130501000000,Implantação,20130501000000,Implantação
3262,,,,33,,,,,3306008,Três Rios,0,,20130501000000,Implantação,20130501000000,Implantação
3263,,,,33,,,,,3306107,Valença,0,,20130501000000,Implantação,20130501000000,Implantação
3264,,,,33,,,,,3306156,Varre-Sai,0,,20130501000000,Implantação,20130501000000,Implantação
3265,,,,33,,,,,3306206,Vassouras,0,,20130501000000,Implantação,20130501000000,Implantação
3266,,,,33,,,,,3306305,Volta Redonda,0,,20130501000000,Implantação,20130501000000,Implantação
3267,,,,35,,,,,3500105,Adamantina,0,,20130501000000,Implantação,20130501000000,Implantação
3268,,,,35,,,,,3500204,Adolfo,0,,20130501000000,Implantação,20130501000000,Implantação
3269,,,,35,,,,,3500303,Aguaí,0,,20130501000000,Implantação,20130501000000,Implantação
3270,,,,35,,,,,3500402,Águas da Prata,0,,20130501000000,Implantação,20130501000000,Implantação
3271,,,,35,,,,,3500501,Águas de Lindóia,0,,20130501000000,Implantação,20130501000000,Implantação
3272,,,,35,,,,,3500550,Águas de Santa Bárbara,0,,20130501000000,Implantação,20130501000000,Implantação
3273,,,,35,,,,,3500600,Águas de São Pedro,0,,20130501000000,Implantação,20130501000000,Implantação
3274,,,,35,,,,,3500709,Agudos,0,,20130501000000,Implantação,20130501000000,Implantação
3275,,,,35,,,,,3500758,Alambari,0,,20130501000000,Implantação,20130501000000,Implantação
3276,,,,35,,,,,3500808,Alfredo Marcondes,0,,20130501000000,Implantação,20130501000000,Implantação
3277,,,,35,,,,,3500907,Altair,0,,20130501000000,Implantação,20130501000000,Implantação
3278,,,,35,,,,,3501004,Altinópolis,0,,20130501000000,Implantação,20130501000000,Implantação
3279,,,,35,,,,,3501103,Alto Alegre,0,,20130501000000,Implantação,20130501000000,Implantação
3280,,,,35,,,,,3501152,Alumínio,0,,20130501000000,Implantação,20130501000000,Implantação
3281,,,,35,,,,,3501202,Álvares Florence,0,,20130501000000,Implantação,20130501000000,Implantação
3282,,,,35,,,,,3501301,Álvares Machado,0,,20130501000000,Implantação,20130501000000,Implantação
3283,,,,35,,,,,3501400,Álvaro de Carvalho,0,,20130501000000,Implantação,20130501000000,Implantação
3284,,,,35,,,,,3501509,Alvinlândia,0,,20130501000000,Implantação,20130501000000,Implantação
3285,,,,35,,,,,3501608,Americana,0,,20130501000000,Implantação,20130501000000,Implantação
3286,,,,35,,,,,3501707,Américo Brasiliense,0,,20130501000000,Implantação,20130501000000,Implantação
3287,,,,35,,,,,3501806,Américo de Campos,0,,20130501000000,Implantação,20130501000000,Implantação
3288,,,,35,,,,,3501905,Amparo,0,,20130501000000,Implantação,20130501000000,Implantação
3289,,,,35,,,,,3502002,Analândia,0,,20130501000000,Implantação,20130501000000,Implantação
3290,,,,35,,,,,3502101,Andradina,0,,20130501000000,Implantação,20130501000000,Implantação
3291,,,,35,,,,,3502200,Angatuba,0,,20130501000000,Implantação,20130501000000,Implantação
3292,,,,35,,,,,3502309,Anhembi,0,,20130501000000,Implantação,20130501000000,Implantação
3293,,,,35,,,,,3502408,Anhumas,0,,20130501000000,Implantação,20130501000000,Implantação
3294,,,,35,,,,,3502507,Aparecida,0,,20130501000000,Implantação,20130501000000,Implantação
3295,,,,35,,,,,3502606,Aparecida d'Oeste,0,,20130501000000,Implantação,20130501000000,Implantação
3296,,,,35,,,,,3502705,Apiaí,0,,20130501000000,Implantação,20130501000000,Implantação
3297,,,,35,,,,,3502754,Araçariguama,0,,20130501000000,Implantação,20130501000000,Implantação
3298,,,,35,,,,,3502804,Araçatuba,0,,20130501000000,Implantação,20130501000000,Implantação
3299,,,,35,,,,,3502903,Araçoiaba da Serra,0,,20130501000000,Implantação,20130501000000,Implantação
3300,,,,35,,,,,3503000,Aramina,0,,20130501000000,Implantação,20130501000000,Implantação
3301,,,,35,,,,,3503109,Arandu,0,,20130501000000,Implantação,20130501000000,Implantação
3302,,,,35,,,,,3503158,Arapeí,0,,20130501000000,Implantação,20130501000000,Implantação
3303,,,,35,,,,,3503208,Araraquara,0,,20130501000000,Implantação,20130501000000,Implantação
3304,,,,35,,,,,3503307,Araras,0,,20130501000000,Implantação,20130501000000,Implantação
3305,,,,35,,,,,3503356,Arco-Íris,0,,20130501000000,Implantação,20130501000000,Implantação
3306,,,,35,,,,,3503406,Arealva,0,,20130501000000,Implantação,20130501000000,Implantação
3307,,,,35,,,,,3503505,Areias,0,,20130501000000,Implantação,20130501000000,Implantação
3308,,,,35,,,,,3503604,Areiópolis,0,,20130501000000,Implantação,20130501000000,Implantação
3309,,,,35,,,,,3503703,Ariranha,0,,20130501000000,Implantação,20130501000000,Implantação
3310,,,,35,,,,,3503802,Artur Nogueira,0,,20130501000000,Implantação,20130501000000,Implantação
3311,,,,35,,,,,3503901,Arujá,0,,20130501000000,Implantação,20130501000000,Implantação
3312,,,,35,,,,,3503950,Aspásia,0,,20130501000000,Implantação,20130501000000,Implantação
3313,,,,35,,,,,3504008,Assis,0,,20130501000000,Implantação,20130501000000,Implantação
3314,,,,35,,,,,3504107,Atibaia,0,,20130501000000,Implantação,20130501000000,Implantação
3315,,,,35,,,,,3504206,Auriflama,0,,20130501000000,Implantação,20130501000000,Implantação
3316,,,,35,,,,,3504305,Avaí,0,,20130501000000,Implantação,20130501000000,Implantação
3317,,,,35,,,,,3504404,Avanhandava,0,,20130501000000,Implantação,20130501000000,Implantação
3318,,,,35,,,,,3504503,Avaré,0,,20130501000000,Implantação,20130501000000,Implantação
3319,,,,35,,,,,3504602,Bady Bassitt,0,,20130501000000,Implantação,20130501000000,Implantação
3320,,,,35,,,,,3504701,Balbinos,0,,20130501000000,Implantação,20130501000000,Implantação
3321,,,,35,,,,,3504800,Bálsamo,0,,20130501000000,Implantação,20130501000000,Implantação
3322,,,,35,,,,,3504909,Bananal,0,,20130501000000,Implantação,20130501000000,Implantação
3323,,,,35,,,,,3505005,Barão de Antonina,0,,20130501000000,Implantação,20130501000000,Implantação
3324,,,,35,,,,,3505104,Barbosa,0,,20130501000000,Implantação,20130501000000,Implantação
3325,,,,35,,,,,3505203,Bariri,0,,20130501000000,Implantação,20130501000000,Implantação
3326,,,,35,,,,,3505302,Barra Bonita,0,,20130501000000,Implantação,20130501000000,Implantação
3327,,,,35,,,,,3505351,Barra do Chapéu,0,,20130501000000,Implantação,20130501000000,Implantação
3328,,,,35,,,,,3505401,Barra do Turvo,0,,20130501000000,Implantação,20130501000000,Implantação
3329,,,,35,,,,,3505500,Barretos,0,,20130501000000,Implantação,20130501000000,Implantação
3330,,,,35,,,,,3505609,Barrinha,0,,20130501000000,Implantação,20130501000000,Implantação
3331,,,,35,,,,,3505708,Barueri,0,,20130501000000,Implantação,20130501000000,Implantação
3332,,,,35,,,,,3505807,Bastos,0,,20130501000000,Implantação,20130501000000,Implantação
3333,,,,35,,,,,3505906,Batatais,0,,20130501000000,Implantação,20130501000000,Implantação
3334,,,,35,,,,,3506003,Bauru,0,,20130501000000,Implantação,20130501000000,Implantação
3335,,,,35,,,,,3506102,Bebedouro,0,,20130501000000,Implantação,20130501000000,Implantação
3336,,,,35,,,,,3506201,Bento de Abreu,0,,20130501000000,Implantação,20130501000000,Implantação
3337,,,,35,,,,,3506300,Bernardino de Campos,0,,20130501000000,Implantação,20130501000000,Implantação
3338,,,,35,,,,,3506359,Bertioga,0,,20130501000000,Implantação,20130501000000,Implantação
3339,,,,35,,,,,3506409,Bilac,0,,20130501000000,Implantação,20130501000000,Implantação
3340,,,,35,,,,,3506508,Birigui,0,,20130501000000,Implantação,20130501000000,Implantação
3341,,,,35,,,,,3506607,Biritiba-Mirim,0,,20130501000000,Implantação,20130501000000,Implantação
3342,,,,35,,,,,3506706,Boa Esperança do Sul,0,,20130501000000,Implantação,20130501000000,Implantação
3343,,,,35,,,,,3506805,Bocaina,0,,20130501000000,Implantação,20130501000000,Implantação
3344,,,,35,,,,,3506904,Bofete,0,,20130501000000,Implantação,20130501000000,Implantação
3345,,,,35,,,,,3507001,Boituva,0,,20130501000000,Implantação,20130501000000,Implantação
3346,,,,35,,,,,3507100,Bom Jesus dos Perdões,0,,20130501000000,Implantação,20130501000000,Implantação
3347,,,,35,,,,,3507159,Bom Sucesso de Itararé,0,,20130501000000,Implantação,20130501000000,Implantação
3348,,,,35,,,,,3507209,Borá,0,,20130501000000,Implantação,20130501000000,Implantação
3349,,,,35,,,,,3507308,Boracéia,0,,20130501000000,Implantação,20130501000000,Implantação
3350,,,,35,,,,,3507407,Borborema,0,,20130501000000,Implantação,20130501000000,Implantação
3351,,,,35,,,,,3507456,Borebi,0,,20130501000000,Implantação,20130501000000,Implantação
3352,,,,35,,,,,3507506,Botucatu,0,,20130501000000,Implantação,20130501000000,Implantação
3353,,,,35,,,,,3507605,Bragança Paulista,0,,20130501000000,Implantação,20130501000000,Implantação
3354,,,,35,,,,,3507704,Braúna,0,,20130501000000,Implantação,20130501000000,Implantação
3355,,,,35,,,,,3507753,Brejo Alegre,0,,20130501000000,Implantação,20130501000000,Implantação
3356,,,,35,,,,,3507803,Brodowski,0,,20130501000000,Implantação,20130501000000,Implantação
3357,,,,35,,,,,3507902,Brotas,0,,20130501000000,Implantação,20130501000000,Implantação
3358,,,,35,,,,,3508009,Buri,0,,20130501000000,Implantação,20130501000000,Implantação
3359,,,,35,,,,,3508108,Buritama,0,,20130501000000,Implantação,20130501000000,Implantação
3360,,,,35,,,,,3508207,Buritizal,0,,20130501000000,Implantação,20130501000000,Implantação
3361,,,,35,,,,,3508306,Cabrália Paulista,0,,20130501000000,Implantação,20130501000000,Implantação
3362,,,,35,,,,,3508405,Cabreúva,0,,20130501000000,Implantação,20130501000000,Implantação
3363,,,,35,,,,,3508504,Caçapava,0,,20130501000000,Implantação,20130501000000,Implantação
3364,,,,35,,,,,3508603,Cachoeira Paulista,0,,20130501000000,Implantação,20130501000000,Implantação
3365,,,,35,,,,,3508702,Caconde,0,,20130501000000,Implantação,20130501000000,Implantação
3366,,,,35,,,,,3508801,Cafelândia,0,,20130501000000,Implantação,20130501000000,Implantação
3367,,,,35,,,,,3508900,Caiabu,0,,20130501000000,Implantação,20130501000000,Implantação
3368,,,,35,,,,,3509007,Caieiras,0,,20130501000000,Implantação,20130501000000,Implantação
3369,,,,35,,,,,3509106,Caiuá,0,,20130501000000,Implantação,20130501000000,Implantação
3370,,,,35,,,,,3509205,Cajamar,0,,20130501000000,Implantação,20130501000000,Implantação
3371,,,,35,,,,,3509254,Cajati,0,,20130501000000,Implantação,20130501000000,Implantação
3372,,,,35,,,,,3509304,Cajobi,0,,20130501000000,Implantação,20130501000000,Implantação
3373,,,,35,,,,,3509403,Cajuru,0,,20130501000000,Implantação,20130501000000,Implantação
3374,,,,35,,,,,3509452,Campina do Monte Alegre,0,,20130501000000,Implantação,20130501000000,Implantação
3375,,,,35,,,,,3509502,Campinas,0,,20130501000000,Implantação,20130501000000,Implantação
3376,,,,35,,,,,3509601,Campo Limpo Paulista,0,,20130501000000,Implantação,20130501000000,Implantação
3377,,,,35,,,,,3509700,Campos do Jordão,0,,20130501000000,Implantação,20130501000000,Implantação
3378,,,,35,,,,,3509809,Campos Novos Paulista,0,,20130501000000,Implantação,20130501000000,Implantação
3379,,,,35,,,,,3509908,Cananéia,0,,20130501000000,Implantação,20130501000000,Implantação
3380,,,,35,,,,,3509957,Canas,0,,20130501000000,Implantação,20130501000000,Implantação
3381,,,,35,,,,,3510005,Cândido Mota,0,,20130501000000,Implantação,20130501000000,Implantação
3382,,,,35,,,,,3510104,Cândido Rodrigues,0,,20130501000000,Implantação,20130501000000,Implantação
3383,,,,35,,,,,3510153,Canitar,0,,20130501000000,Implantação,20130501000000,Implantação
3384,,,,35,,,,,3510203,Capão Bonito,0,,20130501000000,Implantação,20130501000000,Implantação
3385,,,,35,,,,,3510302,Capela do Alto,0,,20130501000000,Implantação,20130501000000,Implantação
3386,,,,35,,,,,3510401,Capivari,0,,20130501000000,Implantação,20130501000000,Implantação
3387,,,,35,,,,,3510500,Caraguatatuba,0,,20130501000000,Implantação,20130501000000,Implantação
3388,,,,35,,,,,3510609,Carapicuíba,0,,20130501000000,Implantação,20130501000000,Implantação
3389,,,,35,,,,,3510708,Cardoso,0,,20130501000000,Implantação,20130501000000,Implantação
3390,,,,35,,,,,3510807,Casa Branca,0,,20130501000000,Implantação,20130501000000,Implantação
3391,,,,35,,,,,3510906,Cássia dos Coqueiros,0,,20130501000000,Implantação,20130501000000,Implantação
3392,,,,35,,,,,3511003,Castilho,0,,20130501000000,Implantação,20130501000000,Implantação
3393,,,,35,,,,,3511102,Catanduva,0,,20130501000000,Implantação,20130501000000,Implantação
3394,,,,35,,,,,3511201,Catiguá,0,,20130501000000,Implantação,20130501000000,Implantação
3395,,,,35,,,,,3511300,Cedral,0,,20130501000000,Implantação,20130501000000,Implantação
3396,,,,35,,,,,3511409,Cerqueira César,0,,20130501000000,Implantação,20130501000000,Implantação
3397,,,,35,,,,,3511508,Cerquilho,0,,20130501000000,Implantação,20130501000000,Implantação
3398,,,,35,,,,,3511607,Cesário Lange,0,,20130501000000,Implantação,20130501000000,Implantação
3399,,,,35,,,,,3511706,Charqueada,0,,20130501000000,Implantação,20130501000000,Implantação
3400,,,,35,,,,,3511904,Clementina,0,,20130501000000,Implantação,20130501000000,Implantação
3401,,,,35,,,,,3512001,Colina,0,,20130501000000,Implantação,20130501000000,Implantação
3402,,,,35,,,,,3512100,Colômbia,0,,20130501000000,Implantação,20130501000000,Implantação
3403,,,,35,,,,,3512209,Conchal,0,,20130501000000,Implantação,20130501000000,Implantação
3404,,,,35,,,,,3512308,Conchas,0,,20130501000000,Implantação,20130501000000,Implantação
3405,,,,35,,,,,3512407,Cordeirópolis,0,,20130501000000,Implantação,20130501000000,Implantação
3406,,,,35,,,,,3512506,Coroados,0,,20130501000000,Implantação,20130501000000,Implantação
3407,,,,35,,,,,3512605,Coronel Macedo,0,,20130501000000,Implantação,20130501000000,Implantação
3408,,,,35,,,,,3512704,Corumbataí,0,,20130501000000,Implantação,20130501000000,Implantação
3409,,,,35,,,,,3512803,Cosmópolis,0,,20130501000000,Implantação,20130501000000,Implantação
3410,,,,35,,,,,3512902,Cosmorama,0,,20130501000000,Implantação,20130501000000,Implantação
3411,,,,35,,,,,3513009,Cotia,0,,20130501000000,Implantação,20130501000000,Implantação
3412,,,,35,,,,,3513108,Cravinhos,0,,20130501000000,Implantação,20130501000000,Implantação
3413,,,,35,,,,,3513207,Cristais Paulista,0,,20130501000000,Implantação,20130501000000,Implantação
3414,,,,35,,,,,3513306,Cruzália,0,,20130501000000,Implantação,20130501000000,Implantação
3415,,,,35,,,,,3513405,Cruzeiro,0,,20130501000000,Implantação,20130501000000,Implantação
3416,,,,35,,,,,3513504,Cubatão,0,,20130501000000,Implantação,20130501000000,Implantação
3417,,,,35,,,,,3513603,Cunha,0,,20130501000000,Implantação,20130501000000,Implantação
3418,,,,35,,,,,3513702,Descalvado,0,,20130501000000,Implantação,20130501000000,Implantação
3419,,,,35,,,,,3513801,Diadema,0,,20130501000000,Implantação,20130501000000,Implantação
3420,,,,35,,,,,3513850,Dirce Reis,0,,20130501000000,Implantação,20130501000000,Implantação
3421,,,,35,,,,,3513900,Divinolândia,0,,20130501000000,Implantação,20130501000000,Implantação
3422,,,,35,,,,,3514007,Dobrada,0,,20130501000000,Implantação,20130501000000,Implantação
3423,,,,35,,,,,3514106,Dois Córregos,0,,20130501000000,Implantação,20130501000000,Implantação
3424,,,,35,,,,,3514205,Dolcinópolis,0,,20130501000000,Implantação,20130501000000,Implantação
3425,,,,35,,,,,3514304,Dourado,0,,20130501000000,Implantação,20130501000000,Implantação
3426,,,,35,,,,,3514403,Dracena,0,,20130501000000,Implantação,20130501000000,Implantação
3427,,,,35,,,,,3514502,Duartina,0,,20130501000000,Implantação,20130501000000,Implantação
3428,,,,35,,,,,3514601,Dumont,0,,20130501000000,Implantação,20130501000000,Implantação
3429,,,,35,,,,,3514700,Echaporã,0,,20130501000000,Implantação,20130501000000,Implantação
3430,,,,35,,,,,3514809,Eldorado,0,,20130501000000,Implantação,20130501000000,Implantação
3431,,,,35,,,,,3514908,Elias Fausto,0,,20130501000000,Implantação,20130501000000,Implantação
3432,,,,35,,,,,3514924,Elisiário,0,,20130501000000,Implantação,20130501000000,Implantação
3433,,,,35,,,,,3514957,Embaúba,0,,20130501000000,Implantação,20130501000000,Implantação
3434,,,,35,,,,,3515004,Embu das Artes,0,,20130501000000,Implantação,20130501000000,Implantação
3435,,,,35,,,,,3515103,Embu-Guaçu,0,,20130501000000,Implantação,20130501000000,Implantação
3436,,,,35,,,,,3515129,Emilianópolis,0,,20130501000000,Implantação,20130501000000,Implantação
3437,,,,35,,,,,3515152,Engenheiro Coelho,0,,20130501000000,Implantação,20130501000000,Implantação
3438,,,,35,,,,,3515186,Espírito Santo do Pinhal,0,,20130501000000,Implantação,20130501000000,Implantação
3439,,,,35,,,,,3515194,Espírito Santo do Turvo,0,,20130501000000,Implantação,20130501000000,Implantação
3440,,,,35,,,,,3515202,Estrela d'Oeste,0,,20130501000000,Implantação,20130501000000,Implantação
3441,,,,35,,,,,3515301,Estrela do Norte,0,,20130501000000,Implantação,20130501000000,Implantação
3442,,,,35,,,,,3515350,Euclides da Cunha Paulista,0,,20130501000000,Implantação,20130501000000,Implantação
3443,,,,35,,,,,3515400,Fartura,0,,20130501000000,Implantação,20130501000000,Implantação
3444,,,,35,,,,,3515509,Fernandópolis,0,,20130501000000,Implantação,20130501000000,Implantação
3445,,,,35,,,,,3515608,Fernando Prestes,0,,20130501000000,Implantação,20130501000000,Implantação
3446,,,,35,,,,,3515657,Fernão,0,,20130501000000,Implantação,20130501000000,Implantação
3447,,,,35,,,,,3515707,Ferraz de Vasconcelos,0,,20130501000000,Implantação,20130501000000,Implantação
3448,,,,35,,,,,3515806,Flora Rica,0,,20130501000000,Implantação,20130501000000,Implantação
3449,,,,35,,,,,3515905,Floreal,0,,20130501000000,Implantação,20130501000000,Implantação
3450,,,,35,,,,,3516002,Flórida Paulista,0,,20130501000000,Implantação,20130501000000,Implantação
3451,,,,35,,,,,3516101,Florínia,0,,20130501000000,Implantação,20130501000000,Implantação
3452,,,,35,,,,,3516200,Franca,0,,20130501000000,Implantação,20130501000000,Implantação
3453,,,,35,,,,,3516309,Francisco Morato,0,,20130501000000,Implantação,20130501000000,Implantação
3454,,,,35,,,,,3516408,Franco da Rocha,0,,20130501000000,Implantação,20130501000000,Implantação
3455,,,,35,,,,,3516507,Gabriel Monteiro,0,,20130501000000,Implantação,20130501000000,Implantação
3456,,,,35,,,,,3516606,Gália,0,,20130501000000,Implantação,20130501000000,Implantação
3457,,,,35,,,,,3516705,Garça,0,,20130501000000,Implantação,20130501000000,Implantação
3458,,,,35,,,,,3516804,Gastão Vidigal,0,,20130501000000,Implantação,20130501000000,Implantação
3459,,,,35,,,,,3516853,Gavião Peixoto,0,,20130501000000,Implantação,20130501000000,Implantação
3460,,,,35,,,,,3516903,General Salgado,0,,20130501000000,Implantação,20130501000000,Implantação
3461,,,,35,,,,,3517000,Getulina,0,,20130501000000,Implantação,20130501000000,Implantação
3462,,,,35,,,,,3517109,Glicério,0,,20130501000000,Implantação,20130501000000,Implantação
3463,,,,35,,,,,3517208,Guaiçara,0,,20130501000000,Implantação,20130501000000,Implantação
3464,,,,35,,,,,3517307,Guaimbê,0,,20130501000000,Implantação,20130501000000,Implantação
3465,,,,35,,,,,3517406,Guaíra,0,,20130501000000,Implantação,20130501000000,Implantação
3466,,,,35,,,,,3517505,Guapiaçu,0,,20130501000000,Implantação,20130501000000,Implantação
3467,,,,35,,,,,3517604,Guapiara,0,,20130501000000,Implantação,20130501000000,Implantação
3468,,,,35,,,,,3517703,Guará,0,,20130501000000,Implantação,20130501000000,Implantação
3469,,,,35,,,,,3517802,Guaraçaí,0,,20130501000000,Implantação,20130501000000,Implantação
3470,,,,35,,,,,3517901,Guaraci,0,,20130501000000,Implantação,20130501000000,Implantação
3471,,,,35,,,,,3518008,Guarani d'Oeste,0,,20130501000000,Implantação,20130501000000,Implantação
3472,,,,35,,,,,3518107,Guarantã,0,,20130501000000,Implantação,20130501000000,Implantação
3473,,,,35,,,,,3518206,Guararapes,0,,20130501000000,Implantação,20130501000000,Implantação
3474,,,,35,,,,,3518305,Guararema,0,,20130501000000,Implantação,20130501000000,Implantação
3475,,,,35,,,,,3518404,Guaratinguetá,0,,20130501000000,Implantação,20130501000000,Implantação
3476,,,,35,,,,,3518503,Guareí,0,,20130501000000,Implantação,20130501000000,Implantação
3477,,,,35,,,,,3518602,Guariba,0,,20130501000000,Implantação,20130501000000,Implantação
3478,,,,35,,,,,3518701,Guarujá,0,,20130501000000,Implantação,20130501000000,Implantação
3479,,,,35,,,,,3518800,Guarulhos,0,,20130501000000,Implantação,20130501000000,Implantação
3480,,,,35,,,,,3518859,Guatapará,0,,20130501000000,Implantação,20130501000000,Implantação
3481,,,,35,,,,,3518909,Guzolândia,0,,20130501000000,Implantação,20130501000000,Implantação
3482,,,,35,,,,,3519006,Herculândia,0,,20130501000000,Implantação,20130501000000,Implantação
3483,,,,35,,,,,3519055,Holambra,0,,20130501000000,Implantação,20130501000000,Implantação
3484,,,,35,,,,,3519071,Hortolândia,0,,20130501000000,Implantação,20130501000000,Implantação
3485,,,,35,,,,,3519105,Iacanga,0,,20130501000000,Implantação,20130501000000,Implantação
3486,,,,35,,,,,3519204,Iacri,0,,20130501000000,Implantação,20130501000000,Implantação
3487,,,,35,,,,,3519253,Iaras,0,,20130501000000,Implantação,20130501000000,Implantação
3488,,,,35,,,,,3519303,Ibaté,0,,20130501000000,Implantação,20130501000000,Implantação
3489,,,,35,,,,,3519402,Ibirá,0,,20130501000000,Implantação,20130501000000,Implantação
3490,,,,35,,,,,3519501,Ibirarema,0,,20130501000000,Implantação,20130501000000,Implantação
3491,,,,35,,,,,3519600,Ibitinga,0,,20130501000000,Implantação,20130501000000,Implantação
3492,,,,35,,,,,3519709,Ibiúna,0,,20130501000000,Implantação,20130501000000,Implantação
3493,,,,35,,,,,3519808,Icém,0,,20130501000000,Implantação,20130501000000,Implantação
3494,,,,35,,,,,3519907,Iepê,0,,20130501000000,Implantação,20130501000000,Implantação
3495,,,,35,,,,,3520004,Igaraçu do Tietê,0,,20130501000000,Implantação,20130501000000,Implantação
3496,,,,35,,,,,3520103,Igarapava,0,,20130501000000,Implantação,20130501000000,Implantação
3497,,,,35,,,,,3520202,Igaratá,0,,20130501000000,Implantação,20130501000000,Implantação
3498,,,,35,,,,,3520301,Iguape,0,,20130501000000,Implantação,20130501000000,Implantação
3499,,,,35,,,,,3520400,Ilhabela,0,,20130501000000,Implantação,20130501000000,Implantação
3500,,,,35,,,,,3520426,Ilha Comprida,0,,20130501000000,Implantação,20130501000000,Implantação
3501,,,,35,,,,,3520442,Ilha Solteira,0,,20130501000000,Implantação,20130501000000,Implantação
3502,,,,35,,,,,3520509,Indaiatuba,0,,20130501000000,Implantação,20130501000000,Implantação
3503,,,,35,,,,,3520608,Indiana,0,,20130501000000,Implantação,20130501000000,Implantação
3504,,,,35,,,,,3520707,Indiaporã,0,,20130501000000,Implantação,20130501000000,Implantação
3505,,,,35,,,,,3520806,Inúbia Paulista,0,,20130501000000,Implantação,20130501000000,Implantação
3506,,,,35,,,,,3520905,Ipaussu,0,,20130501000000,Implantação,20130501000000,Implantação
3507,,,,35,,,,,3521002,Iperó,0,,20130501000000,Implantação,20130501000000,Implantação
3508,,,,35,,,,,3521101,Ipeúna,0,,20130501000000,Implantação,20130501000000,Implantação
3509,,,,35,,,,,3521150,Ipiguá,0,,20130501000000,Implantação,20130501000000,Implantação
3510,,,,35,,,,,3521200,Iporanga,0,,20130501000000,Implantação,20130501000000,Implantação
3511,,,,35,,,,,3521309,Ipuã,0,,20130501000000,Implantação,20130501000000,Implantação
3512,,,,35,,,,,3521408,Iracemápolis,0,,20130501000000,Implantação,20130501000000,Implantação
3513,,,,35,,,,,3521507,Irapuã,0,,20130501000000,Implantação,20130501000000,Implantação
3514,,,,35,,,,,3521606,Irapuru,0,,20130501000000,Implantação,20130501000000,Implantação
3515,,,,35,,,,,3521705,Itaberá,0,,20130501000000,Implantação,20130501000000,Implantação
3516,,,,35,,,,,3521804,Itaí,0,,20130501000000,Implantação,20130501000000,Implantação
3517,,,,35,,,,,3521903,Itajobi,0,,20130501000000,Implantação,20130501000000,Implantação
3518,,,,35,,,,,3522000,Itaju,0,,20130501000000,Implantação,20130501000000,Implantação
3519,,,,35,,,,,3522109,Itanhaém,0,,20130501000000,Implantação,20130501000000,Implantação
3520,,,,35,,,,,3522158,Itaóca,0,,20130501000000,Implantação,20130501000000,Implantação
3521,,,,35,,,,,3522208,Itapecerica da Serra,0,,20130501000000,Implantação,20130501000000,Implantação
3522,,,,35,,,,,3522307,Itapetininga,0,,20130501000000,Implantação,20130501000000,Implantação
3523,,,,35,,,,,3522406,Itapeva,0,,20130501000000,Implantação,20130501000000,Implantação
3524,,,,35,,,,,3522505,Itapevi,0,,20130501000000,Implantação,20130501000000,Implantação
3525,,,,35,,,,,3522604,Itapira,0,,20130501000000,Implantação,20130501000000,Implantação
3526,,,,35,,,,,3522653,Itapirapuã Paulista,0,,20130501000000,Implantação,20130501000000,Implantação
3527,,,,35,,,,,3522703,Itápolis,0,,20130501000000,Implantação,20130501000000,Implantação
3528,,,,35,,,,,3522802,Itaporanga,0,,20130501000000,Implantação,20130501000000,Implantação
3529,,,,35,,,,,3522901,Itapuí,0,,20130501000000,Implantação,20130501000000,Implantação
3530,,,,35,,,,,3523008,Itapura,0,,20130501000000,Implantação,20130501000000,Implantação
3531,,,,35,,,,,3523107,Itaquaquecetuba,0,,20130501000000,Implantação,20130501000000,Implantação
3532,,,,35,,,,,3523206,Itararé,0,,20130501000000,Implantação,20130501000000,Implantação
3533,,,,35,,,,,3523305,Itariri,0,,20130501000000,Implantação,20130501000000,Implantação
3534,,,,35,,,,,3523404,Itatiba,0,,20130501000000,Implantação,20130501000000,Implantação
3535,,,,35,,,,,3523503,Itatinga,0,,20130501000000,Implantação,20130501000000,Implantação
3536,,,,35,,,,,3523602,Itirapina,0,,20130501000000,Implantação,20130501000000,Implantação
3537,,,,35,,,,,3523701,Itirapuã,0,,20130501000000,Implantação,20130501000000,Implantação
3538,,,,35,,,,,3523800,Itobi,0,,20130501000000,Implantação,20130501000000,Implantação
3539,,,,35,,,,,3523909,Itu,0,,20130501000000,Implantação,20130501000000,Implantação
3540,,,,35,,,,,3524006,Itupeva,0,,20130501000000,Implantação,20130501000000,Implantação
3541,,,,35,,,,,3524105,Ituverava,0,,20130501000000,Implantação,20130501000000,Implantação
3542,,,,35,,,,,3524204,Jaborandi,0,,20130501000000,Implantação,20130501000000,Implantação
3543,,,,35,,,,,3524303,Jaboticabal,0,,20130501000000,Implantação,20130501000000,Implantação
3544,,,,35,,,,,3524402,Jacareí,0,,20130501000000,Implantação,20130501000000,Implantação
3545,,,,35,,,,,3524501,Jaci,0,,20130501000000,Implantação,20130501000000,Implantação
3546,,,,35,,,,,3524600,Jacupiranga,0,,20130501000000,Implantação,20130501000000,Implantação
3547,,,,35,,,,,3524709,Jaguariúna,0,,20130501000000,Implantação,20130501000000,Implantação
3548,,,,35,,,,,3524808,Jales,0,,20130501000000,Implantação,20130501000000,Implantação
3549,,,,35,,,,,3524907,Jambeiro,0,,20130501000000,Implantação,20130501000000,Implantação
3550,,,,35,,,,,3525003,Jandira,0,,20130501000000,Implantação,20130501000000,Implantação
3551,,,,35,,,,,3525102,Jardinópolis,0,,20130501000000,Implantação,20130501000000,Implantação
3552,,,,35,,,,,3525201,Jarinu,0,,20130501000000,Implantação,20130501000000,Implantação
3553,,,,35,,,,,3525300,Jaú,0,,20130501000000,Implantação,20130501000000,Implantação
3554,,,,35,,,,,3525409,Jeriquara,0,,20130501000000,Implantação,20130501000000,Implantação
3555,,,,35,,,,,3525508,Joanópolis,0,,20130501000000,Implantação,20130501000000,Implantação
3556,,,,35,,,,,3525607,João Ramalho,0,,20130501000000,Implantação,20130501000000,Implantação
3557,,,,35,,,,,3525706,José Bonifácio,0,,20130501000000,Implantação,20130501000000,Implantação
3558,,,,35,,,,,3525805,Júlio Mesquita,0,,20130501000000,Implantação,20130501000000,Implantação
3559,,,,35,,,,,3525854,Jumirim,0,,20130501000000,Implantação,20130501000000,Implantação
3560,,,,35,,,,,3525904,Jundiaí,0,,20130501000000,Implantação,20130501000000,Implantação
3561,,,,35,,,,,3526001,Junqueirópolis,0,,20130501000000,Implantação,20130501000000,Implantação
3562,,,,35,,,,,3526100,Juquiá,0,,20130501000000,Implantação,20130501000000,Implantação
3563,,,,35,,,,,3526209,Juquitiba,0,,20130501000000,Implantação,20130501000000,Implantação
3564,,,,35,,,,,3526308,Lagoinha,0,,20130501000000,Implantação,20130501000000,Implantação
3565,,,,35,,,,,3526407,Laranjal Paulista,0,,20130501000000,Implantação,20130501000000,Implantação
3566,,,,35,,,,,3526506,Lavínia,0,,20130501000000,Implantação,20130501000000,Implantação
3567,,,,35,,,,,3526605,Lavrinhas,0,,20130501000000,Implantação,20130501000000,Implantação
3568,,,,35,,,,,3526704,Leme,0,,20130501000000,Implantação,20130501000000,Implantação
3569,,,,35,,,,,3526803,Lençóis Paulista,0,,20130501000000,Implantação,20130501000000,Implantação
3570,,,,35,,,,,3526902,Limeira,0,,20130501000000,Implantação,20130501000000,Implantação
3571,,,,35,,,,,3527009,Lindóia,0,,20130501000000,Implantação,20130501000000,Implantação
3572,,,,35,,,,,3527108,Lins,0,,20130501000000,Implantação,20130501000000,Implantação
3573,,,,35,,,,,3527207,Lorena,0,,20130501000000,Implantação,20130501000000,Implantação
3574,,,,35,,,,,3527256,Lourdes,0,,20130501000000,Implantação,20130501000000,Implantação
3575,,,,35,,,,,3527306,Louveira,0,,20130501000000,Implantação,20130501000000,Implantação
3576,,,,35,,,,,3527405,Lucélia,0,,20130501000000,Implantação,20130501000000,Implantação
3577,,,,35,,,,,3527504,Lucianópolis,0,,20130501000000,Implantação,20130501000000,Implantação
3578,,,,35,,,,,3527603,Luís Antônio,0,,20130501000000,Implantação,20130501000000,Implantação
3579,,,,35,,,,,3527702,Luiziânia,0,,20130501000000,Implantação,20130501000000,Implantação
3580,,,,35,,,,,3527801,Lupércio,0,,20130501000000,Implantação,20130501000000,Implantação
3581,,,,35,,,,,3527900,Lutécia,0,,20130501000000,Implantação,20130501000000,Implantação
3582,,,,35,,,,,3528007,Macatuba,0,,20130501000000,Implantação,20130501000000,Implantação
3583,,,,35,,,,,3528106,Macaubal,0,,20130501000000,Implantação,20130501000000,Implantação
3584,,,,35,,,,,3528205,Macedônia,0,,20130501000000,Implantação,20130501000000,Implantação
3585,,,,35,,,,,3528304,Magda,0,,20130501000000,Implantação,20130501000000,Implantação
3586,,,,35,,,,,3528403,Mairinque,0,,20130501000000,Implantação,20130501000000,Implantação
3587,,,,35,,,,,3528502,Mairiporã,0,,20130501000000,Implantação,20130501000000,Implantação
3588,,,,35,,,,,3528601,Manduri,0,,20130501000000,Implantação,20130501000000,Implantação
3589,,,,35,,,,,3528700,Marabá Paulista,0,,20130501000000,Implantação,20130501000000,Implantação
3590,,,,35,,,,,3528809,Maracaí,0,,20130501000000,Implantação,20130501000000,Implantação
3591,,,,35,,,,,3528858,Marapoama,0,,20130501000000,Implantação,20130501000000,Implantação
3592,,,,35,,,,,3528908,Mariápolis,0,,20130501000000,Implantação,20130501000000,Implantação
3593,,,,35,,,,,3529005,Marília,0,,20130501000000,Implantação,20130501000000,Implantação
3594,,,,35,,,,,3529104,Marinópolis,0,,20130501000000,Implantação,20130501000000,Implantação
3595,,,,35,,,,,3529203,Martinópolis,0,,20130501000000,Implantação,20130501000000,Implantação
3596,,,,35,,,,,3529302,Matão,0,,20130501000000,Implantação,20130501000000,Implantação
3597,,,,35,,,,,3529401,Mauá,0,,20130501000000,Implantação,20130501000000,Implantação
3598,,,,35,,,,,3529500,Mendonça,0,,20130501000000,Implantação,20130501000000,Implantação
3599,,,,35,,,,,3529609,Meridiano,0,,20130501000000,Implantação,20130501000000,Implantação
3600,,,,35,,,,,3529658,Mesópolis,0,,20130501000000,Implantação,20130501000000,Implantação
3601,,,,35,,,,,3529708,Miguelópolis,0,,20130501000000,Implantação,20130501000000,Implantação
3602,,,,35,,,,,3529807,Mineiros do Tietê,0,,20130501000000,Implantação,20130501000000,Implantação
3603,,,,35,,,,,3529906,Miracatu,0,,20130501000000,Implantação,20130501000000,Implantação
3604,,,,35,,,,,3530003,Mira Estrela,0,,20130501000000,Implantação,20130501000000,Implantação
3605,,,,35,,,,,3530102,Mirandópolis,0,,20130501000000,Implantação,20130501000000,Implantação
3606,,,,35,,,,,3530201,Mirante do Paranapanema,0,,20130501000000,Implantação,20130501000000,Implantação
3607,,,,35,,,,,3530300,Mirassol,0,,20130501000000,Implantação,20130501000000,Implantação
3608,,,,35,,,,,3530409,Mirassolândia,0,,20130501000000,Implantação,20130501000000,Implantação
3609,,,,35,,,,,3530508,Mococa,0,,20130501000000,Implantação,20130501000000,Implantação
3610,,,,35,,,,,3530607,Mogi das Cruzes,0,,20130501000000,Implantação,20130501000000,Implantação
3611,,,,35,,,,,3530706,Mogi Guaçu,0,,20130501000000,Implantação,20130501000000,Implantação
3612,,,,35,,,,,3530805,Moji Mirim,0,,20130501000000,Implantação,20130501000000,Implantação
3613,,,,35,,,,,3530904,Mombuca,0,,20130501000000,Implantação,20130501000000,Implantação
3614,,,,35,,,,,3531001,Monções,0,,20130501000000,Implantação,20130501000000,Implantação
3615,,,,35,,,,,3531100,Mongaguá,0,,20130501000000,Implantação,20130501000000,Implantação
3616,,,,35,,,,,3531209,Monte Alegre do Sul,0,,20130501000000,Implantação,20130501000000,Implantação
3617,,,,35,,,,,3531308,Monte Alto,0,,20130501000000,Implantação,20130501000000,Implantação
3618,,,,35,,,,,3531407,Monte Aprazível,0,,20130501000000,Implantação,20130501000000,Implantação
3619,,,,35,,,,,3531506,Monte Azul Paulista,0,,20130501000000,Implantação,20130501000000,Implantação
3620,,,,35,,,,,3531605,Monte Castelo,0,,20130501000000,Implantação,20130501000000,Implantação
3621,,,,35,,,,,3531704,Monteiro Lobato,0,,20130501000000,Implantação,20130501000000,Implantação
3622,,,,35,,,,,3531803,Monte Mor,0,,20130501000000,Implantação,20130501000000,Implantação
3623,,,,35,,,,,3531902,Morro Agudo,0,,20130501000000,Implantação,20130501000000,Implantação
3624,,,,35,,,,,3532009,Morungaba,0,,20130501000000,Implantação,20130501000000,Implantação
3625,,,,35,,,,,3532058,Motuca,0,,20130501000000,Implantação,20130501000000,Implantação
3626,,,,35,,,,,3532108,Murutinga do Sul,0,,20130501000000,Implantação,20130501000000,Implantação
3627,,,,35,,,,,3532157,Nantes,0,,20130501000000,Implantação,20130501000000,Implantação
3628,,,,35,,,,,3532207,Narandiba,0,,20130501000000,Implantação,20130501000000,Implantação
3629,,,,35,,,,,3532306,Natividade da Serra,0,,20130501000000,Implantação,20130501000000,Implantação
3630,,,,35,,,,,3532405,Nazaré Paulista,0,,20130501000000,Implantação,20130501000000,Implantação
3631,,,,35,,,,,3532504,Neves Paulista,0,,20130501000000,Implantação,20130501000000,Implantação
3632,,,,35,,,,,3532603,Nhandeara,0,,20130501000000,Implantação,20130501000000,Implantação
3633,,,,35,,,,,3532702,Nipoã,0,,20130501000000,Implantação,20130501000000,Implantação
3634,,,,35,,,,,3532801,Nova Aliança,0,,20130501000000,Implantação,20130501000000,Implantação
3635,,,,35,,,,,3532827,Nova Campina,0,,20130501000000,Implantação,20130501000000,Implantação
3636,,,,35,,,,,3532843,Nova Canaã Paulista,0,,20130501000000,Implantação,20130501000000,Implantação
3637,,,,35,,,,,3532868,Nova Castilho,0,,20130501000000,Implantação,20130501000000,Implantação
3638,,,,35,,,,,3532900,Nova Europa,0,,20130501000000,Implantação,20130501000000,Implantação
3639,,,,35,,,,,3533007,Nova Granada,0,,20130501000000,Implantação,20130501000000,Implantação
3640,,,,35,,,,,3533106,Nova Guataporanga,0,,20130501000000,Implantação,20130501000000,Implantação
3641,,,,35,,,,,3533205,Nova Independência,0,,20130501000000,Implantação,20130501000000,Implantação
3642,,,,35,,,,,3533254,Novais,0,,20130501000000,Implantação,20130501000000,Implantação
3643,,,,35,,,,,3533304,Nova Luzitânia,0,,20130501000000,Implantação,20130501000000,Implantação
3644,,,,35,,,,,3533403,Nova Odessa,0,,20130501000000,Implantação,20130501000000,Implantação
3645,,,,35,,,,,3533502,Novo Horizonte,0,,20130501000000,Implantação,20130501000000,Implantação
3646,,,,35,,,,,3533601,Nuporanga,0,,20130501000000,Implantação,20130501000000,Implantação
3647,,,,35,,,,,3533700,Ocauçu,0,,20130501000000,Implantação,20130501000000,Implantação
3648,,,,35,,,,,3533809,Óleo,0,,20130501000000,Implantação,20130501000000,Implantação
3649,,,,35,,,,,3533908,Olímpia,0,,20130501000000,Implantação,20130501000000,Implantação
3650,,,,35,,,,,3534005,Onda Verde,0,,20130501000000,Implantação,20130501000000,Implantação
3651,,,,35,,,,,3534104,Oriente,0,,20130501000000,Implantação,20130501000000,Implantação
3652,,,,35,,,,,3534203,Orindiúva,0,,20130501000000,Implantação,20130501000000,Implantação
3653,,,,35,,,,,3534302,Orlândia,0,,20130501000000,Implantação,20130501000000,Implantação
3654,,,,35,,,,,3534401,Osasco,0,,20130501000000,Implantação,20130501000000,Implantação
3655,,,,35,,,,,3534500,Oscar Bressane,0,,20130501000000,Implantação,20130501000000,Implantação
3656,,,,35,,,,,3534609,Osvaldo Cruz,0,,20130501000000,Implantação,20130501000000,Implantação
3657,,,,35,,,,,3534708,Ourinhos,0,,20130501000000,Implantação,20130501000000,Implantação
3658,,,,35,,,,,3534757,Ouroeste,0,,20130501000000,Implantação,20130501000000,Implantação
3659,,,,35,,,,,3534807,Ouro Verde,0,,20130501000000,Implantação,20130501000000,Implantação
3660,,,,35,,,,,3534906,Pacaembu,0,,20130501000000,Implantação,20130501000000,Implantação
3661,,,,35,,,,,3535002,Palestina,0,,20130501000000,Implantação,20130501000000,Implantação
3662,,,,35,,,,,3535101,Palmares Paulista,0,,20130501000000,Implantação,20130501000000,Implantação
3663,,,,35,,,,,3535200,Palmeira d'Oeste,0,,20130501000000,Implantação,20130501000000,Implantação
3664,,,,35,,,,,3535309,Palmital,0,,20130501000000,Implantação,20130501000000,Implantação
3665,,,,35,,,,,3535408,Panorama,0,,20130501000000,Implantação,20130501000000,Implantação
3666,,,,35,,,,,3535507,Paraguaçu Paulista,0,,20130501000000,Implantação,20130501000000,Implantação
3667,,,,35,,,,,3535606,Paraibuna,0,,20130501000000,Implantação,20130501000000,Implantação
3668,,,,35,,,,,3535705,Paraíso,0,,20130501000000,Implantação,20130501000000,Implantação
3669,,,,35,,,,,3535804,Paranapanema,0,,20130501000000,Implantação,20130501000000,Implantação
3670,,,,35,,,,,3535903,Paranapuã,0,,20130501000000,Implantação,20130501000000,Implantação
3671,,,,35,,,,,3536000,Parapuã,0,,20130501000000,Implantação,20130501000000,Implantação
3672,,,,35,,,,,3536109,Pardinho,0,,20130501000000,Implantação,20130501000000,Implantação
3673,,,,35,,,,,3536208,Pariquera-Açu,0,,20130501000000,Implantação,20130501000000,Implantação
3674,,,,35,,,,,3536257,Parisi,0,,20130501000000,Implantação,20130501000000,Implantação
3675,,,,35,,,,,3536307,Patrocínio Paulista,0,,20130501000000,Implantação,20130501000000,Implantação
3676,,,,35,,,,,3536406,Paulicéia,0,,20130501000000,Implantação,20130501000000,Implantação
3677,,,,35,,,,,3536505,Paulínia,0,,20130501000000,Implantação,20130501000000,Implantação
3678,,,,35,,,,,3536570,Paulistânia,0,,20130501000000,Implantação,20130501000000,Implantação
3679,,,,35,,,,,3536604,Paulo de Faria,0,,20130501000000,Implantação,20130501000000,Implantação
3680,,,,35,,,,,3536703,Pederneiras,0,,20130501000000,Implantação,20130501000000,Implantação
3681,,,,35,,,,,3536802,Pedra Bela,0,,20130501000000,Implantação,20130501000000,Implantação
3682,,,,35,,,,,3536901,Pedranópolis,0,,20130501000000,Implantação,20130501000000,Implantação
3683,,,,35,,,,,3537008,Pedregulho,0,,20130501000000,Implantação,20130501000000,Implantação
3684,,,,35,,,,,3537107,Pedreira,0,,20130501000000,Implantação,20130501000000,Implantação
3685,,,,35,,,,,3537156,Pedrinhas Paulista,0,,20130501000000,Implantação,20130501000000,Implantação
3686,,,,35,,,,,3537206,Pedro de Toledo,0,,20130501000000,Implantação,20130501000000,Implantação
3687,,,,35,,,,,3537305,Penápolis,0,,20130501000000,Implantação,20130501000000,Implantação
3688,,,,35,,,,,3537404,Pereira Barreto,0,,20130501000000,Implantação,20130501000000,Implantação
3689,,,,35,,,,,3537503,Pereiras,0,,20130501000000,Implantação,20130501000000,Implantação
3690,,,,35,,,,,3537602,Peruíbe,0,,20130501000000,Implantação,20130501000000,Implantação
3691,,,,35,,,,,3537701,Piacatu,0,,20130501000000,Implantação,20130501000000,Implantação
3692,,,,35,,,,,3537800,Piedade,0,,20130501000000,Implantação,20130501000000,Implantação
3693,,,,35,,,,,3537909,Pilar do Sul,0,,20130501000000,Implantação,20130501000000,Implantação
3694,,,,35,,,,,3538006,Pindamonhangaba,0,,20130501000000,Implantação,20130501000000,Implantação
3695,,,,35,,,,,3538105,Pindorama,0,,20130501000000,Implantação,20130501000000,Implantação
3696,,,,35,,,,,3538204,Pinhalzinho,0,,20130501000000,Implantação,20130501000000,Implantação
3697,,,,35,,,,,3538303,Piquerobi,0,,20130501000000,Implantação,20130501000000,Implantação
3698,,,,35,,,,,3538501,Piquete,0,,20130501000000,Implantação,20130501000000,Implantação
3699,,,,35,,,,,3538600,Piracaia,0,,20130501000000,Implantação,20130501000000,Implantação
3700,,,,35,,,,,3538709,Piracicaba,0,,20130501000000,Implantação,20130501000000,Implantação
3701,,,,35,,,,,3538808,Piraju,0,,20130501000000,Implantação,20130501000000,Implantação
3702,,,,35,,,,,3538907,Pirajuí,0,,20130501000000,Implantação,20130501000000,Implantação
3703,,,,35,,,,,3539004,Pirangi,0,,20130501000000,Implantação,20130501000000,Implantação
3704,,,,35,,,,,3539103,Pirapora do Bom Jesus,0,,20130501000000,Implantação,20130501000000,Implantação
3705,,,,35,,,,,3539202,Pirapozinho,0,,20130501000000,Implantação,20130501000000,Implantação
3706,,,,35,,,,,3539301,Pirassununga,0,,20130501000000,Implantação,20130501000000,Implantação
3707,,,,35,,,,,3539400,Piratininga,0,,20130501000000,Implantação,20130501000000,Implantação
3708,,,,35,,,,,3539509,Pitangueiras,0,,20130501000000,Implantação,20130501000000,Implantação
3709,,,,35,,,,,3539608,Planalto,0,,20130501000000,Implantação,20130501000000,Implantação
3710,,,,35,,,,,3539707,Platina,0,,20130501000000,Implantação,20130501000000,Implantação
3711,,,,35,,,,,3539806,Poá,0,,20130501000000,Implantação,20130501000000,Implantação
3712,,,,35,,,,,3539905,Poloni,0,,20130501000000,Implantação,20130501000000,Implantação
3713,,,,35,,,,,3540002,Pompéia,0,,20130501000000,Implantação,20130501000000,Implantação
3714,,,,35,,,,,3540101,Pongaí,0,,20130501000000,Implantação,20130501000000,Implantação
3715,,,,35,,,,,3540200,Pontal,0,,20130501000000,Implantação,20130501000000,Implantação
3716,,,,35,,,,,3540259,Pontalinda,0,,20130501000000,Implantação,20130501000000,Implantação
3717,,,,35,,,,,3540309,Pontes Gestal,0,,20130501000000,Implantação,20130501000000,Implantação
3718,,,,35,,,,,3540408,Populina,0,,20130501000000,Implantação,20130501000000,Implantação
3719,,,,35,,,,,3540507,Porangaba,0,,20130501000000,Implantação,20130501000000,Implantação
3720,,,,35,,,,,3540606,Porto Feliz,0,,20130501000000,Implantação,20130501000000,Implantação
3721,,,,35,,,,,3540705,Porto Ferreira,0,,20130501000000,Implantação,20130501000000,Implantação
3722,,,,35,,,,,3540754,Potim,0,,20130501000000,Implantação,20130501000000,Implantação
3723,,,,35,,,,,3540804,Potirendaba,0,,20130501000000,Implantação,20130501000000,Implantação
3724,,,,35,,,,,3540853,Pracinha,0,,20130501000000,Implantação,20130501000000,Implantação
3725,,,,35,,,,,3540903,Pradópolis,0,,20130501000000,Implantação,20130501000000,Implantação
3726,,,,35,,,,,3541000,Praia Grande,0,,20130501000000,Implantação,20130501000000,Implantação
3727,,,,35,,,,,3541059,Pratânia,0,,20130501000000,Implantação,20130501000000,Implantação
3728,,,,35,,,,,3541109,Presidente Alves,0,,20130501000000,Implantação,20130501000000,Implantação
3729,,,,35,,,,,3541208,Presidente Bernardes,0,,20130501000000,Implantação,20130501000000,Implantação
3730,,,,35,,,,,3541307,Presidente Epitácio,0,,20130501000000,Implantação,20130501000000,Implantação
3731,,,,35,,,,,3541406,Presidente Prudente,0,,20130501000000,Implantação,20130501000000,Implantação
3732,,,,35,,,,,3541505,Presidente Venceslau,0,,20130501000000,Implantação,20130501000000,Implantação
3733,,,,35,,,,,3541604,Promissão,0,,20130501000000,Implantação,20130501000000,Implantação
3734,,,,35,,,,,3541653,Quadra,0,,20130501000000,Implantação,20130501000000,Implantação
3735,,,,35,,,,,3541703,Quatá,0,,20130501000000,Implantação,20130501000000,Implantação
3736,,,,35,,,,,3541802,Queiroz,0,,20130501000000,Implantação,20130501000000,Implantação
3737,,,,35,,,,,3541901,Queluz,0,,20130501000000,Implantação,20130501000000,Implantação
3738,,,,35,,,,,3542008,Quintana,0,,20130501000000,Implantação,20130501000000,Implantação
3739,,,,35,,,,,3542107,Rafard,0,,20130501000000,Implantação,20130501000000,Implantação
3740,,,,35,,,,,3542206,Rancharia,0,,20130501000000,Implantação,20130501000000,Implantação
3741,,,,35,,,,,3542305,Redenção da Serra,0,,20130501000000,Implantação,20130501000000,Implantação
3742,,,,35,,,,,3542404,Regente Feijó,0,,20130501000000,Implantação,20130501000000,Implantação
3743,,,,35,,,,,3542503,Reginópolis,0,,20130501000000,Implantação,20130501000000,Implantação
3744,,,,35,,,,,3542602,Registro,0,,20130501000000,Implantação,20130501000000,Implantação
3745,,,,35,,,,,3542701,Restinga,0,,20130501000000,Implantação,20130501000000,Implantação
3746,,,,35,,,,,3542800,Ribeira,0,,20130501000000,Implantação,20130501000000,Implantação
3747,,,,35,,,,,3542909,Ribeirão Bonito,0,,20130501000000,Implantação,20130501000000,Implantação
3748,,,,35,,,,,3543006,Ribeirão Branco,0,,20130501000000,Implantação,20130501000000,Implantação
3749,,,,35,,,,,3543105,Ribeirão Corrente,0,,20130501000000,Implantação,20130501000000,Implantação
3750,,,,35,,,,,3543204,Ribeirão do Sul,0,,20130501000000,Implantação,20130501000000,Implantação
3751,,,,35,,,,,3543238,Ribeirão dos Índios,0,,20130501000000,Implantação,20130501000000,Implantação
3752,,,,35,,,,,3543253,Ribeirão Grande,0,,20130501000000,Implantação,20130501000000,Implantação
3753,,,,35,,,,,3543303,Ribeirão Pires,0,,20130501000000,Implantação,20130501000000,Implantação
3754,,,,35,,,,,3543402,Ribeirão Preto,0,,20130501000000,Implantação,20130501000000,Implantação
3755,,,,35,,,,,3543501,Riversul,0,,20130501000000,Implantação,20130501000000,Implantação
3756,,,,35,,,,,3543600,Rifaina,0,,20130501000000,Implantação,20130501000000,Implantação
3757,,,,35,,,,,3543709,Rincão,0,,20130501000000,Implantação,20130501000000,Implantação
3758,,,,35,,,,,3543808,Rinópolis,0,,20130501000000,Implantação,20130501000000,Implantação
3759,,,,35,,,,,3543907,Rio Claro,0,,20130501000000,Implantação,20130501000000,Implantação
3760,,,,35,,,,,3544004,Rio das Pedras,0,,20130501000000,Implantação,20130501000000,Implantação
3761,,,,35,,,,,3544103,Rio Grande da Serra,0,,20130501000000,Implantação,20130501000000,Implantação
3762,,,,35,,,,,3544202,Riolândia,0,,20130501000000,Implantação,20130501000000,Implantação
3763,,,,35,,,,,3544251,Rosana,0,,20130501000000,Implantação,20130501000000,Implantação
3764,,,,35,,,,,3544301,Roseira,0,,20130501000000,Implantação,20130501000000,Implantação
3765,,,,35,,,,,3544400,Rubiácea,0,,20130501000000,Implantação,20130501000000,Implantação
3766,,,,35,,,,,3544509,Rubinéia,0,,20130501000000,Implantação,20130501000000,Implantação
3767,,,,35,,,,,3544608,Sabino,0,,20130501000000,Implantação,20130501000000,Implantação
3768,,,,35,,,,,3544707,Sagres,0,,20130501000000,Implantação,20130501000000,Implantação
3769,,,,35,,,,,3544806,Sales,0,,20130501000000,Implantação,20130501000000,Implantação
3770,,,,35,,,,,3544905,Sales Oliveira,0,,20130501000000,Implantação,20130501000000,Implantação
3771,,,,35,,,,,3545001,Salesópolis,0,,20130501000000,Implantação,20130501000000,Implantação
3772,,,,35,,,,,3545100,Salmourão,0,,20130501000000,Implantação,20130501000000,Implantação
3773,,,,35,,,,,3545159,Saltinho,0,,20130501000000,Implantação,20130501000000,Implantação
3774,,,,35,,,,,3545209,Salto,0,,20130501000000,Implantação,20130501000000,Implantação
3775,,,,35,,,,,3545308,Salto de Pirapora,0,,20130501000000,Implantação,20130501000000,Implantação
3776,,,,35,,,,,3545407,Salto Grande,0,,20130501000000,Implantação,20130501000000,Implantação
3777,,,,35,,,,,3545506,Sandovalina,0,,20130501000000,Implantação,20130501000000,Implantação
3778,,,,35,,,,,3545605,Santa Adélia,0,,20130501000000,Implantação,20130501000000,Implantação
3779,,,,35,,,,,3545704,Santa Albertina,0,,20130501000000,Implantação,20130501000000,Implantação
3780,,,,35,,,,,3545803,Santa Bárbara d'Oeste,0,,20130501000000,Implantação,20130501000000,Implantação
3781,,,,35,,,,,3546009,Santa Branca,0,,20130501000000,Implantação,20130501000000,Implantação
3782,,,,35,,,,,3546108,Santa Clara d'Oeste,0,,20130501000000,Implantação,20130501000000,Implantação
3783,,,,35,,,,,3546207,Santa Cruz da Conceição,0,,20130501000000,Implantação,20130501000000,Implantação
3784,,,,35,,,,,3546256,Santa Cruz da Esperança,0,,20130501000000,Implantação,20130501000000,Implantação
3785,,,,35,,,,,3546306,Santa Cruz das Palmeiras,0,,20130501000000,Implantação,20130501000000,Implantação
3786,,,,35,,,,,3546405,Santa Cruz do Rio Pardo,0,,20130501000000,Implantação,20130501000000,Implantação
3787,,,,35,,,,,3546504,Santa Ernestina,0,,20130501000000,Implantação,20130501000000,Implantação
3788,,,,35,,,,,3546603,Santa Fé do Sul,0,,20130501000000,Implantação,20130501000000,Implantação
3789,,,,35,,,,,3546702,Santa Gertrudes,0,,20130501000000,Implantação,20130501000000,Implantação
3790,,,,35,,,,,3546801,Santa Isabel,0,,20130501000000,Implantação,20130501000000,Implantação
3791,,,,35,,,,,3546900,Santa Lúcia,0,,20130501000000,Implantação,20130501000000,Implantação
3792,,,,35,,,,,3547007,Santa Maria da Serra,0,,20130501000000,Implantação,20130501000000,Implantação
3793,,,,35,,,,,3547106,Santa Mercedes,0,,20130501000000,Implantação,20130501000000,Implantação
3794,,,,35,,,,,3547205,Santana da Ponte Pensa,0,,20130501000000,Implantação,20130501000000,Implantação
3795,,,,35,,,,,3547304,Santana de Parnaíba,0,,20130501000000,Implantação,20130501000000,Implantação
3796,,,,35,,,,,3547403,Santa Rita d'Oeste,0,,20130501000000,Implantação,20130501000000,Implantação
3797,,,,35,,,,,3547502,Santa Rita do Passa Quatro,0,,20130501000000,Implantação,20130501000000,Implantação
3798,,,,35,,,,,3547601,Santa Rosa de Viterbo,0,,20130501000000,Implantação,20130501000000,Implantação
3799,,,,35,,,,,3547650,Santa Salete,0,,20130501000000,Implantação,20130501000000,Implantação
3800,,,,35,,,,,3547700,Santo Anastácio,0,,20130501000000,Implantação,20130501000000,Implantação
3801,,,,35,,,,,3547809,Santo André,0,,20130501000000,Implantação,20130501000000,Implantação
3802,,,,35,,,,,3547908,Santo Antônio da Alegria,0,,20130501000000,Implantação,20130501000000,Implantação
3803,,,,35,,,,,3548005,Santo Antônio de Posse,0,,20130501000000,Implantação,20130501000000,Implantação
3804,,,,35,,,,,3548054,Santo Antônio do Aracanguá,0,,20130501000000,Implantação,20130501000000,Implantação
3805,,,,35,,,,,3548104,Santo Antônio do Jardim,0,,20130501000000,Implantação,20130501000000,Implantação
3806,,,,35,,,,,3548203,Santo Antônio do Pinhal,0,,20130501000000,Implantação,20130501000000,Implantação
3807,,,,35,,,,,3548302,Santo Expedito,0,,20130501000000,Implantação,20130501000000,Implantação
3808,,,,35,,,,,3548401,Santópolis do Aguapeí,0,,20130501000000,Implantação,20130501000000,Implantação
3809,,,,35,,,,,3548500,Santos,0,,20130501000000,Implantação,20130501000000,Implantação
3810,,,,35,,,,,3548609,São Bento do Sapucaí,0,,20130501000000,Implantação,20130501000000,Implantação
3811,,,,35,,,,,3548708,São Bernardo do Campo,0,,20130501000000,Implantação,20130501000000,Implantação
3812,,,,35,,,,,3548807,São Caetano do Sul,0,,20130501000000,Implantação,20130501000000,Implantação
3813,,,,35,,,,,3548906,São Carlos,0,,20130501000000,Implantação,20130501000000,Implantação
3814,,,,35,,,,,3549003,São Francisco,0,,20130501000000,Implantação,20130501000000,Implantação
3815,,,,35,,,,,3549102,São João da Boa Vista,0,,20130501000000,Implantação,20130501000000,Implantação
3816,,,,35,,,,,3549201,São João das Duas Pontes,0,,20130501000000,Implantação,20130501000000,Implantação
3817,,,,35,,,,,3549250,São João de Iracema,0,,20130501000000,Implantação,20130501000000,Implantação
3818,,,,35,,,,,3549300,São João do Pau d'Alho,0,,20130501000000,Implantação,20130501000000,Implantação
3819,,,,35,,,,,3549409,São Joaquim da Barra,0,,20130501000000,Implantação,20130501000000,Implantação
3820,,,,35,,,,,3549508,São José da Bela Vista,0,,20130501000000,Implantação,20130501000000,Implantação
3821,,,,35,,,,,3549607,São José do Barreiro,0,,20130501000000,Implantação,20130501000000,Implantação
3822,,,,35,,,,,3549706,São José do Rio Pardo,0,,20130501000000,Implantação,20130501000000,Implantação
3823,,,,35,,,,,3549805,São José do Rio Preto,0,,20130501000000,Implantação,20130501000000,Implantação
3824,,,,35,,,,,3549904,São José dos Campos,0,,20130501000000,Implantação,20130501000000,Implantação
3825,,,,35,,,,,3549953,São Lourenço da Serra,0,,20130501000000,Implantação,20130501000000,Implantação
3826,,,,35,,,,,3550001,São Luís do Paraitinga,0,,20130501000000,Implantação,20130501000000,Implantação
3827,,,,35,,,,,3550100,São Manuel,0,,20130501000000,Implantação,20130501000000,Implantação
3828,,,,35,,,,,3550209,São Miguel Arcanjo,0,,20130501000000,Implantação,20130501000000,Implantação
3829,,,,35,,,,,3550308,São Paulo,0,,20130501000000,Implantação,20130501000000,Implantação
3830,,,,35,,,,,3550407,São Pedro,0,,20130501000000,Implantação,20130501000000,Implantação
3831,,,,35,,,,,3550506,São Pedro do Turvo,0,,20130501000000,Implantação,20130501000000,Implantação
3832,,,,35,,,,,3550605,São Roque,0,,20130501000000,Implantação,20130501000000,Implantação
3833,,,,35,,,,,3550704,São Sebastião,0,,20130501000000,Implantação,20130501000000,Implantação
3834,,,,35,,,,,3550803,São Sebastião da Grama,0,,20130501000000,Implantação,20130501000000,Implantação
3835,,,,35,,,,,3550902,São Simão,0,,20130501000000,Implantação,20130501000000,Implantação
3836,,,,35,,,,,3551009,São Vicente,0,,20130501000000,Implantação,20130501000000,Implantação
3837,,,,35,,,,,3551108,Sarapuí,0,,20130501000000,Implantação,20130501000000,Implantação
3838,,,,35,,,,,3551207,Sarutaiá,0,,20130501000000,Implantação,20130501000000,Implantação
3839,,,,35,,,,,3551306,Sebastianópolis do Sul,0,,20130501000000,Implantação,20130501000000,Implantação
3840,,,,35,,,,,3551405,Serra Azul,0,,20130501000000,Implantação,20130501000000,Implantação
3841,,,,35,,,,,3551504,Serrana,0,,20130501000000,Implantação,20130501000000,Implantação
3842,,,,35,,,,,3551603,Serra Negra,0,,20130501000000,Implantação,20130501000000,Implantação
3843,,,,35,,,,,3551702,Sertãozinho,0,,20130501000000,Implantação,20130501000000,Implantação
3844,,,,35,,,,,3551801,Sete Barras,0,,20130501000000,Implantação,20130501000000,Implantação
3845,,,,35,,,,,3551900,Severínia,0,,20130501000000,Implantação,20130501000000,Implantação
3846,,,,35,,,,,3552007,Silveiras,0,,20130501000000,Implantação,20130501000000,Implantação
3847,,,,35,,,,,3552106,Socorro,0,,20130501000000,Implantação,20130501000000,Implantação
3848,,,,35,,,,,3552205,Sorocaba,0,,20130501000000,Implantação,20130501000000,Implantação
3849,,,,35,,,,,3552304,Sud Mennucci,0,,20130501000000,Implantação,20130501000000,Implantação
3850,,,,35,,,,,3552403,Sumaré,0,,20130501000000,Implantação,20130501000000,Implantação
3851,,,,35,,,,,3552502,Suzano,0,,20130501000000,Implantação,20130501000000,Implantação
3852,,,,35,,,,,3552551,Suzanápolis,0,,20130501000000,Implantação,20130501000000,Implantação
3853,,,,35,,,,,3552601,Tabapuã,0,,20130501000000,Implantação,20130501000000,Implantação
3854,,,,35,,,,,3552700,Tabatinga,0,,20130501000000,Implantação,20130501000000,Implantação
3855,,,,35,,,,,3552809,Taboão da Serra,0,,20130501000000,Implantação,20130501000000,Implantação
3856,,,,35,,,,,3552908,Taciba,0,,20130501000000,Implantação,20130501000000,Implantação
3857,,,,35,,,,,3553005,Taguaí,0,,20130501000000,Implantação,20130501000000,Implantação
3858,,,,35,,,,,3553104,Taiaçu,0,,20130501000000,Implantação,20130501000000,Implantação
3859,,,,35,,,,,3553203,Taiúva,0,,20130501000000,Implantação,20130501000000,Implantação
3860,,,,35,,,,,3553302,Tambaú,0,,20130501000000,Implantação,20130501000000,Implantação
3861,,,,35,,,,,3553401,Tanabi,0,,20130501000000,Implantação,20130501000000,Implantação
3862,,,,35,,,,,3553500,Tapiraí,0,,20130501000000,Implantação,20130501000000,Implantação
3863,,,,35,,,,,3553609,Tapiratiba,0,,20130501000000,Implantação,20130501000000,Implantação
3864,,,,35,,,,,3553658,Taquaral,0,,20130501000000,Implantação,20130501000000,Implantação
3865,,,,35,,,,,3553708,Taquaritinga,0,,20130501000000,Implantação,20130501000000,Implantação
3866,,,,35,,,,,3553807,Taquarituba,0,,20130501000000,Implantação,20130501000000,Implantação
3867,,,,35,,,,,3553856,Taquarivaí,0,,20130501000000,Implantação,20130501000000,Implantação
3868,,,,35,,,,,3553906,Tarabai,0,,20130501000000,Implantação,20130501000000,Implantação
3869,,,,35,,,,,3553955,Tarumã,0,,20130501000000,Implantação,20130501000000,Implantação
3870,,,,35,,,,,3554003,Tatuí,0,,20130501000000,Implantação,20130501000000,Implantação
3871,,,,35,,,,,3554102,Taubaté,0,,20130501000000,Implantação,20130501000000,Implantação
3872,,,,35,,,,,3554201,Tejupá,0,,20130501000000,Implantação,20130501000000,Implantação
3873,,,,35,,,,,3554300,Teodoro Sampaio,0,,20130501000000,Implantação,20130501000000,Implantação
3874,,,,35,,,,,3554409,Terra Roxa,0,,20130501000000,Implantação,20130501000000,Implantação
3875,,,,35,,,,,3554508,Tietê,0,,20130501000000,Implantação,20130501000000,Implantação
3876,,,,35,,,,,3554607,Timburi,0,,20130501000000,Implantação,20130501000000,Implantação
3877,,,,35,,,,,3554656,Torre de Pedra,0,,20130501000000,Implantação,20130501000000,Implantação
3878,,,,35,,,,,3554706,Torrinha,0,,20130501000000,Implantação,20130501000000,Implantação
3879,,,,35,,,,,3554755,Trabiju,0,,20130501000000,Implantação,20130501000000,Implantação
3880,,,,35,,,,,3554805,Tremembé,0,,20130501000000,Implantação,20130501000000,Implantação
3881,,,,35,,,,,3554904,Três Fronteiras,0,,20130501000000,Implantação,20130501000000,Implantação
3882,,,,35,,,,,3554953,Tuiuti,0,,20130501000000,Implantação,20130501000000,Implantação
3883,,,,35,,,,,3555000,Tupã,0,,20130501000000,Implantação,20130501000000,Implantação
3884,,,,35,,,,,3555109,Tupi Paulista,0,,20130501000000,Implantação,20130501000000,Implantação
3885,,,,35,,,,,3555208,Turiúba,0,,20130501000000,Implantação,20130501000000,Implantação
3886,,,,35,,,,,3555307,Turmalina,0,,20130501000000,Implantação,20130501000000,Implantação
3887,,,,35,,,,,3555356,Ubarana,0,,20130501000000,Implantação,20130501000000,Implantação
3888,,,,35,,,,,3555406,Ubatuba,0,,20130501000000,Implantação,20130501000000,Implantação
3889,,,,35,,,,,3555505,Ubirajara,0,,20130501000000,Implantação,20130501000000,Implantação
3890,,,,35,,,,,3555604,Uchoa,0,,20130501000000,Implantação,20130501000000,Implantação
3891,,,,35,,,,,3555703,União Paulista,0,,20130501000000,Implantação,20130501000000,Implantação
3892,,,,35,,,,,3555802,Urânia,0,,20130501000000,Implantação,20130501000000,Implantação
3893,,,,35,,,,,3555901,Uru,0,,20130501000000,Implantação,20130501000000,Implantação
3894,,,,35,,,,,3556008,Urupês,0,,20130501000000,Implantação,20130501000000,Implantação
3895,,,,35,,,,,3556107,Valentim Gentil,0,,20130501000000,Implantação,20130501000000,Implantação
3896,,,,35,,,,,3556206,Valinhos,0,,20130501000000,Implantação,20130501000000,Implantação
3897,,,,35,,,,,3556305,Valparaíso,0,,20130501000000,Implantação,20130501000000,Implantação
3898,,,,35,,,,,3556354,Vargem,0,,20130501000000,Implantação,20130501000000,Implantação
3899,,,,35,,,,,3556404,Vargem Grande do Sul,0,,20130501000000,Implantação,20130501000000,Implantação
3900,,,,35,,,,,3556453,Vargem Grande Paulista,0,,20130501000000,Implantação,20130501000000,Implantação
3901,,,,35,,,,,3556503,Várzea Paulista,0,,20130501000000,Implantação,20130501000000,Implantação
3902,,,,35,,,,,3556602,Vera Cruz,0,,20130501000000,Implantação,20130501000000,Implantação
3903,,,,35,,,,,3556701,Vinhedo,0,,20130501000000,Implantação,20130501000000,Implantação
3904,,,,35,,,,,3556800,Viradouro,0,,20130501000000,Implantação,20130501000000,Implantação
3905,,,,35,,,,,3556909,Vista Alegre do Alto,0,,20130501000000,Implantação,20130501000000,Implantação
3906,,,,35,,,,,3556958,Vitória Brasil,0,,20130501000000,Implantação,20130501000000,Implantação
3907,,,,35,,,,,3557006,Votorantim,0,,20130501000000,Implantação,20130501000000,Implantação
3908,,,,35,,,,,3557105,Votuporanga,0,,20130501000000,Implantação,20130501000000,Implantação
3909,,,,35,,,,,3557154,Zacarias,0,,20130501000000,Implantação,20130501000000,Implantação
3910,,,,35,,,,,3557204,Chavantes,0,,20130501000000,Implantação,20130501000000,Implantação
3911,,,,35,,,,,3557303,Estiva Gerbi,0,,20130501000000,Implantação,20130501000000,Implantação
3912,,,,41,,,,,4100103,Abatiá,0,,20130501000000,Implantação,20130501000000,Implantação
3913,,,,41,,,,,4100202,Adrianópolis,0,,20130501000000,Implantação,20130501000000,Implantação
3914,,,,41,,,,,4100301,Agudos do Sul,0,,20130501000000,Implantação,20130501000000,Implantação
3915,,,,41,,,,,4100400,Almirante Tamandaré,0,,20130501000000,Implantação,20130501000000,Implantação
3916,,,,41,,,,,4100459,Altamira do Paraná,0,,20130501000000,Implantação,20130501000000,Implantação
3917,,,,41,,,,,4100509,Altônia,0,,20130501000000,Implantação,20130501000000,Implantação
3918,,,,41,,,,,4100608,Alto Paraná,0,,20130501000000,Implantação,20130501000000,Implantação
3919,,,,41,,,,,4100707,Alto Piquiri,0,,20130501000000,Implantação,20130501000000,Implantação
3920,,,,41,,,,,4100806,Alvorada do Sul,0,,20130501000000,Implantação,20130501000000,Implantação
3921,,,,41,,,,,4100905,Amaporã,0,,20130501000000,Implantação,20130501000000,Implantação
3922,,,,41,,,,,4101002,Ampére,0,,20130501000000,Implantação,20130501000000,Implantação
3923,,,,41,,,,,4101051,Anahy,0,,20130501000000,Implantação,20130501000000,Implantação
3924,,,,41,,,,,4101101,Andirá,0,,20130501000000,Implantação,20130501000000,Implantação
3925,,,,41,,,,,4101150,Ângulo,0,,20130501000000,Implantação,20130501000000,Implantação
3926,,,,41,,,,,4101200,Antonina,0,,20130501000000,Implantação,20130501000000,Implantação
3927,,,,41,,,,,4101309,Antônio Olinto,0,,20130501000000,Implantação,20130501000000,Implantação
3928,,,,41,,,,,4101408,Apucarana,0,,20130501000000,Implantação,20130501000000,Implantação
3929,,,,41,,,,,4101507,Arapongas,0,,20130501000000,Implantação,20130501000000,Implantação
3930,,,,41,,,,,4101606,Arapoti,0,,20130501000000,Implantação,20130501000000,Implantação
3931,,,,41,,,,,4101655,Arapuã,0,,20130501000000,Implantação,20130501000000,Implantação
3932,,,,41,,,,,4101705,Araruna,0,,20130501000000,Implantação,20130501000000,Implantação
3933,,,,41,,,,,4101804,Araucária,0,,20130501000000,Implantação,20130501000000,Implantação
3934,,,,41,,,,,4101853,Ariranha do Ivaí,0,,20130501000000,Implantação,20130501000000,Implantação
3935,,,,41,,,,,4101903,Assaí,0,,20130501000000,Implantação,20130501000000,Implantação
3936,,,,41,,,,,4102000,Assis Chateaubriand,0,,20130501000000,Implantação,20130501000000,Implantação
3937,,,,41,,,,,4102109,Astorga,0,,20130501000000,Implantação,20130501000000,Implantação
3938,,,,41,,,,,4102208,Atalaia,0,,20130501000000,Implantação,20130501000000,Implantação
3939,,,,41,,,,,4102307,Balsa Nova,0,,20130501000000,Implantação,20130501000000,Implantação
3940,,,,41,,,,,4102406,Bandeirantes,0,,20130501000000,Implantação,20130501000000,Implantação
3941,,,,41,,,,,4102505,Barbosa Ferraz,0,,20130501000000,Implantação,20130501000000,Implantação
3942,,,,41,,,,,4102604,Barracão,0,,20130501000000,Implantação,20130501000000,Implantação
3943,,,,41,,,,,4102703,Barra do Jacaré,0,,20130501000000,Implantação,20130501000000,Implantação
3944,,,,41,,,,,4102752,Bela Vista da Caroba,0,,20130501000000,Implantação,20130501000000,Implantação
3945,,,,41,,,,,4102802,Bela Vista do Paraíso,0,,20130501000000,Implantação,20130501000000,Implantação
3946,,,,41,,,,,4102901,Bituruna,0,,20130501000000,Implantação,20130501000000,Implantação
3947,,,,41,,,,,4103008,Boa Esperança,0,,20130501000000,Implantação,20130501000000,Implantação
3948,,,,41,,,,,4103024,Boa Esperança do Iguaçu,0,,20130501000000,Implantação,20130501000000,Implantação
3949,,,,41,,,,,4103040,Boa Ventura de São Roque,0,,20130501000000,Implantação,20130501000000,Implantação
3950,,,,41,,,,,4103057,Boa Vista da Aparecida,0,,20130501000000,Implantação,20130501000000,Implantação
3951,,,,41,,,,,4103107,Bocaiúva do Sul,0,,20130501000000,Implantação,20130501000000,Implantação
3952,,,,41,,,,,4103156,Bom Jesus do Sul,0,,20130501000000,Implantação,20130501000000,Implantação
3953,,,,41,,,,,4103206,Bom Sucesso,0,,20130501000000,Implantação,20130501000000,Implantação
3954,,,,41,,,,,4103222,Bom Sucesso do Sul,0,,20130501000000,Implantação,20130501000000,Implantação
3955,,,,41,,,,,4103305,Borrazópolis,0,,20130501000000,Implantação,20130501000000,Implantação
3956,,,,41,,,,,4103354,Braganey,0,,20130501000000,Implantação,20130501000000,Implantação
3957,,,,41,,,,,4103370,Brasilândia do Sul,0,,20130501000000,Implantação,20130501000000,Implantação
3958,,,,41,,,,,4103404,Cafeara,0,,20130501000000,Implantação,20130501000000,Implantação
3959,,,,41,,,,,4103453,Cafelândia,0,,20130501000000,Implantação,20130501000000,Implantação
3960,,,,41,,,,,4103479,Cafezal do Sul,0,,20130501000000,Implantação,20130501000000,Implantação
3961,,,,41,,,,,4103503,Califórnia,0,,20130501000000,Implantação,20130501000000,Implantação
3962,,,,41,,,,,4103602,Cambará,0,,20130501000000,Implantação,20130501000000,Implantação
3963,,,,41,,,,,4103701,Cambé,0,,20130501000000,Implantação,20130501000000,Implantação
3964,,,,41,,,,,4103800,Cambira,0,,20130501000000,Implantação,20130501000000,Implantação
3965,,,,41,,,,,4103909,Campina da Lagoa,0,,20130501000000,Implantação,20130501000000,Implantação
3966,,,,41,,,,,4103958,Campina do Simão,0,,20130501000000,Implantação,20130501000000,Implantação
3967,,,,41,,,,,4104006,Campina Grande do Sul,0,,20130501000000,Implantação,20130501000000,Implantação
3968,,,,41,,,,,4104055,Campo Bonito,0,,20130501000000,Implantação,20130501000000,Implantação
3969,,,,41,,,,,4104105,Campo do Tenente,0,,20130501000000,Implantação,20130501000000,Implantação
3970,,,,41,,,,,4104204,Campo Largo,0,,20130501000000,Implantação,20130501000000,Implantação
3971,,,,41,,,,,4104253,Campo Magro,0,,20130501000000,Implantação,20130501000000,Implantação
3972,,,,41,,,,,4104303,Campo Mourão,0,,20130501000000,Implantação,20130501000000,Implantação
3973,,,,41,,,,,4104402,Cândido de Abreu,0,,20130501000000,Implantação,20130501000000,Implantação
3974,,,,41,,,,,4104428,Candói,0,,20130501000000,Implantação,20130501000000,Implantação
3975,,,,41,,,,,4104451,Cantagalo,0,,20130501000000,Implantação,20130501000000,Implantação
3976,,,,41,,,,,4104501,Capanema,0,,20130501000000,Implantação,20130501000000,Implantação
3977,,,,41,,,,,4104600,Capitão Leônidas Marques,0,,20130501000000,Implantação,20130501000000,Implantação
3978,,,,41,,,,,4104659,Carambeí,0,,20130501000000,Implantação,20130501000000,Implantação
3979,,,,41,,,,,4104709,Carlópolis,0,,20130501000000,Implantação,20130501000000,Implantação
3980,,,,41,,,,,4104808,Cascavel,0,,20130501000000,Implantação,20130501000000,Implantação
3981,,,,41,,,,,4104907,Castro,0,,20130501000000,Implantação,20130501000000,Implantação
3982,,,,41,,,,,4105003,Catanduvas,0,,20130501000000,Implantação,20130501000000,Implantação
3983,,,,41,,,,,4105102,Centenário do Sul,0,,20130501000000,Implantação,20130501000000,Implantação
3984,,,,41,,,,,4105201,Cerro Azul,0,,20130501000000,Implantação,20130501000000,Implantação
3985,,,,41,,,,,4105300,Céu Azul,0,,20130501000000,Implantação,20130501000000,Implantação
3986,,,,41,,,,,4105409,Chopinzinho,0,,20130501000000,Implantação,20130501000000,Implantação
3987,,,,41,,,,,4105508,Cianorte,0,,20130501000000,Implantação,20130501000000,Implantação
3988,,,,41,,,,,4105607,Cidade Gaúcha,0,,20130501000000,Implantação,20130501000000,Implantação
3989,,,,41,,,,,4105706,Clevelândia,0,,20130501000000,Implantação,20130501000000,Implantação
3990,,,,41,,,,,4105805,Colombo,0,,20130501000000,Implantação,20130501000000,Implantação
3991,,,,41,,,,,4105904,Colorado,0,,20130501000000,Implantação,20130501000000,Implantação
3992,,,,41,,,,,4106001,Congonhinhas,0,,20130501000000,Implantação,20130501000000,Implantação
3993,,,,41,,,,,4106100,Conselheiro Mairinck,0,,20130501000000,Implantação,20130501000000,Implantação
3994,,,,41,,,,,4106209,Contenda,0,,20130501000000,Implantação,20130501000000,Implantação
3995,,,,41,,,,,4106308,Corbélia,0,,20130501000000,Implantação,20130501000000,Implantação
3996,,,,41,,,,,4106407,Cornélio Procópio,0,,20130501000000,Implantação,20130501000000,Implantação
3997,,,,41,,,,,4106456,Coronel Domingos Soares,0,,20130501000000,Implantação,20130501000000,Implantação
3998,,,,41,,,,,4106506,Coronel Vivida,0,,20130501000000,Implantação,20130501000000,Implantação
3999,,,,41,,,,,4106555,Corumbataí do Sul,0,,20130501000000,Implantação,20130501000000,Implantação
4000,,,,41,,,,,4106571,Cruzeiro do Iguaçu,0,,20130501000000,Implantação,20130501000000,Implantação
4001,,,,41,,,,,4106605,Cruzeiro do Oeste,0,,20130501000000,Implantação,20130501000000,Implantação
4002,,,,41,,,,,4106704,Cruzeiro do Sul,0,,20130501000000,Implantação,20130501000000,Implantação
4003,,,,41,,,,,4106803,Cruz Machado,0,,20130501000000,Implantação,20130501000000,Implantação
4004,,,,41,,,,,4106852,Cruzmaltina,0,,20130501000000,Implantação,20130501000000,Implantação
4005,,,,41,,,,,4106902,Curitiba,0,,20130501000000,Implantação,20130501000000,Implantação
4006,,,,41,,,,,4107009,Curiúva,0,,20130501000000,Implantação,20130501000000,Implantação
4007,,,,41,,,,,4107108,Diamante do Norte,0,,20130501000000,Implantação,20130501000000,Implantação
4008,,,,41,,,,,4107124,Diamante do Sul,0,,20130501000000,Implantação,20130501000000,Implantação
4009,,,,41,,,,,4107157,Diamante D'Oeste,0,,20130501000000,Implantação,20130501000000,Implantação
4010,,,,41,,,,,4107207,Dois Vizinhos,0,,20130501000000,Implantação,20130501000000,Implantação
4011,,,,41,,,,,4107256,Douradina,0,,20130501000000,Implantação,20130501000000,Implantação
4012,,,,41,,,,,4107306,Doutor Camargo,0,,20130501000000,Implantação,20130501000000,Implantação
4013,,,,41,,,,,4107405,Enéas Marques,0,,20130501000000,Implantação,20130501000000,Implantação
4014,,,,41,,,,,4107504,Engenheiro Beltrão,0,,20130501000000,Implantação,20130501000000,Implantação
4015,,,,41,,,,,4107520,Esperança Nova,0,,20130501000000,Implantação,20130501000000,Implantação
4016,,,,41,,,,,4107538,Entre Rios do Oeste,0,,20130501000000,Implantação,20130501000000,Implantação
4017,,,,41,,,,,4107546,Espigão Alto do Iguaçu,0,,20130501000000,Implantação,20130501000000,Implantação
4018,,,,41,,,,,4107553,Farol,0,,20130501000000,Implantação,20130501000000,Implantação
4019,,,,41,,,,,4107603,Faxinal,0,,20130501000000,Implantação,20130501000000,Implantação
4020,,,,41,,,,,4107652,Fazenda Rio Grande,0,,20130501000000,Implantação,20130501000000,Implantação
4021,,,,41,,,,,4107702,Fênix,0,,20130501000000,Implantação,20130501000000,Implantação
4022,,,,41,,,,,4107736,Fernandes Pinheiro,0,,20130501000000,Implantação,20130501000000,Implantação
4023,,,,41,,,,,4107751,Figueira,0,,20130501000000,Implantação,20130501000000,Implantação
4024,,,,41,,,,,4107801,Floraí,0,,20130501000000,Implantação,20130501000000,Implantação
4025,,,,41,,,,,4107850,Flor da Serra do Sul,0,,20130501000000,Implantação,20130501000000,Implantação
4026,,,,41,,,,,4107900,Floresta,0,,20130501000000,Implantação,20130501000000,Implantação
4027,,,,41,,,,,4108007,Florestópolis,0,,20130501000000,Implantação,20130501000000,Implantação
4028,,,,41,,,,,4108106,Flórida,0,,20130501000000,Implantação,20130501000000,Implantação
4029,,,,41,,,,,4108205,Formosa do Oeste,0,,20130501000000,Implantação,20130501000000,Implantação
4030,,,,41,,,,,4108304,Foz do Iguaçu,0,,20130501000000,Implantação,20130501000000,Implantação
4031,,,,41,,,,,4108320,Francisco Alves,0,,20130501000000,Implantação,20130501000000,Implantação
4032,,,,41,,,,,4108403,Francisco Beltrão,0,,20130501000000,Implantação,20130501000000,Implantação
4033,,,,41,,,,,4108452,Foz do Jordão,0,,20130501000000,Implantação,20130501000000,Implantação
4034,,,,41,,,,,4108502,General Carneiro,0,,20130501000000,Implantação,20130501000000,Implantação
4035,,,,41,,,,,4108551,Godoy Moreira,0,,20130501000000,Implantação,20130501000000,Implantação
4036,,,,41,,,,,4108601,Goioerê,0,,20130501000000,Implantação,20130501000000,Implantação
4037,,,,41,,,,,4108650,Goioxim,0,,20130501000000,Implantação,20130501000000,Implantação
4038,,,,41,,,,,4108700,Grandes Rios,0,,20130501000000,Implantação,20130501000000,Implantação
4039,,,,41,,,,,4108809,Guaíra,0,,20130501000000,Implantação,20130501000000,Implantação
4040,,,,41,,,,,4108908,Guairaçá,0,,20130501000000,Implantação,20130501000000,Implantação
4041,,,,41,,,,,4108957,Guamiranga,0,,20130501000000,Implantação,20130501000000,Implantação
4042,,,,41,,,,,4109005,Guapirama,0,,20130501000000,Implantação,20130501000000,Implantação
4043,,,,41,,,,,4109104,Guaporema,0,,20130501000000,Implantação,20130501000000,Implantação
4044,,,,41,,,,,4109203,Guaraci,0,,20130501000000,Implantação,20130501000000,Implantação
4045,,,,41,,,,,4109302,Guaraniaçu,0,,20130501000000,Implantação,20130501000000,Implantação
4046,,,,41,,,,,4109401,Guarapuava,0,,20130501000000,Implantação,20130501000000,Implantação
4047,,,,41,,,,,4109500,Guaraqueçaba,0,,20130501000000,Implantação,20130501000000,Implantação
4048,,,,41,,,,,4109609,Guaratuba,0,,20130501000000,Implantação,20130501000000,Implantação
4049,,,,41,,,,,4109658,Honório Serpa,0,,20130501000000,Implantação,20130501000000,Implantação
4050,,,,41,,,,,4109708,Ibaiti,0,,20130501000000,Implantação,20130501000000,Implantação
4051,,,,41,,,,,4109757,Ibema,0,,20130501000000,Implantação,20130501000000,Implantação
4052,,,,41,,,,,4109807,Ibiporã,0,,20130501000000,Implantação,20130501000000,Implantação
4053,,,,41,,,,,4109906,Icaraíma,0,,20130501000000,Implantação,20130501000000,Implantação
4054,,,,41,,,,,4110003,Iguaraçu,0,,20130501000000,Implantação,20130501000000,Implantação
4055,,,,41,,,,,4110052,Iguatu,0,,20130501000000,Implantação,20130501000000,Implantação
4056,,,,41,,,,,4110078,Imbaú,0,,20130501000000,Implantação,20130501000000,Implantação
4057,,,,41,,,,,4110102,Imbituva,0,,20130501000000,Implantação,20130501000000,Implantação
4058,,,,41,,,,,4110201,Inácio Martins,0,,20130501000000,Implantação,20130501000000,Implantação
4059,,,,41,,,,,4110300,Inajá,0,,20130501000000,Implantação,20130501000000,Implantação
4060,,,,41,,,,,4110409,Indianópolis,0,,20130501000000,Implantação,20130501000000,Implantação
4061,,,,41,,,,,4110508,Ipiranga,0,,20130501000000,Implantação,20130501000000,Implantação
4062,,,,41,,,,,4110607,Iporã,0,,20130501000000,Implantação,20130501000000,Implantação
4063,,,,41,,,,,4110656,Iracema do Oeste,0,,20130501000000,Implantação,20130501000000,Implantação
4064,,,,41,,,,,4110706,Irati,0,,20130501000000,Implantação,20130501000000,Implantação
4065,,,,41,,,,,4110805,Iretama,0,,20130501000000,Implantação,20130501000000,Implantação
4066,,,,41,,,,,4110904,Itaguajé,0,,20130501000000,Implantação,20130501000000,Implantação
4067,,,,41,,,,,4110953,Itaipulândia,0,,20130501000000,Implantação,20130501000000,Implantação
4068,,,,41,,,,,4111001,Itambaracá,0,,20130501000000,Implantação,20130501000000,Implantação
4069,,,,41,,,,,4111100,Itambé,0,,20130501000000,Implantação,20130501000000,Implantação
4070,,,,41,,,,,4111209,Itapejara d'Oeste,0,,20130501000000,Implantação,20130501000000,Implantação
4071,,,,41,,,,,4111258,Itaperuçu,0,,20130501000000,Implantação,20130501000000,Implantação
4072,,,,41,,,,,4111308,Itaúna do Sul,0,,20130501000000,Implantação,20130501000000,Implantação
4073,,,,41,,,,,4111407,Ivaí,0,,20130501000000,Implantação,20130501000000,Implantação
4074,,,,41,,,,,4111506,Ivaiporã,0,,20130501000000,Implantação,20130501000000,Implantação
4075,,,,41,,,,,4111555,Ivaté,0,,20130501000000,Implantação,20130501000000,Implantação
4076,,,,41,,,,,4111605,Ivatuba,0,,20130501000000,Implantação,20130501000000,Implantação
4077,,,,41,,,,,4111704,Jaboti,0,,20130501000000,Implantação,20130501000000,Implantação
4078,,,,41,,,,,4111803,Jacarezinho,0,,20130501000000,Implantação,20130501000000,Implantação
4079,,,,41,,,,,4111902,Jaguapitã,0,,20130501000000,Implantação,20130501000000,Implantação
4080,,,,41,,,,,4112009,Jaguariaíva,0,,20130501000000,Implantação,20130501000000,Implantação
4081,,,,41,,,,,4112108,Jandaia do Sul,0,,20130501000000,Implantação,20130501000000,Implantação
4082,,,,41,,,,,4112207,Janiópolis,0,,20130501000000,Implantação,20130501000000,Implantação
4083,,,,41,,,,,4112306,Japira,0,,20130501000000,Implantação,20130501000000,Implantação
4084,,,,41,,,,,4112405,Japurá,0,,20130501000000,Implantação,20130501000000,Implantação
4085,,,,41,,,,,4112504,Jardim Alegre,0,,20130501000000,Implantação,20130501000000,Implantação
4086,,,,41,,,,,4112603,Jardim Olinda,0,,20130501000000,Implantação,20130501000000,Implantação
4087,,,,41,,,,,4112702,Jataizinho,0,,20130501000000,Implantação,20130501000000,Implantação
4088,,,,41,,,,,4112751,Jesuítas,0,,20130501000000,Implantação,20130501000000,Implantação
4089,,,,41,,,,,4112801,Joaquim Távora,0,,20130501000000,Implantação,20130501000000,Implantação
4090,,,,41,,,,,4112900,Jundiaí do Sul,0,,20130501000000,Implantação,20130501000000,Implantação
4091,,,,41,,,,,4112959,Juranda,0,,20130501000000,Implantação,20130501000000,Implantação
4092,,,,41,,,,,4113007,Jussara,0,,20130501000000,Implantação,20130501000000,Implantação
4093,,,,41,,,,,4113106,Kaloré,0,,20130501000000,Implantação,20130501000000,Implantação
4094,,,,41,,,,,4113205,Lapa,0,,20130501000000,Implantação,20130501000000,Implantação
4095,,,,41,,,,,4113254,Laranjal,0,,20130501000000,Implantação,20130501000000,Implantação
4096,,,,41,,,,,4113304,Laranjeiras do Sul,0,,20130501000000,Implantação,20130501000000,Implantação
4097,,,,41,,,,,4113403,Leópolis,0,,20130501000000,Implantação,20130501000000,Implantação
4098,,,,41,,,,,4113429,Lidianópolis,0,,20130501000000,Implantação,20130501000000,Implantação
4099,,,,41,,,,,4113452,Lindoeste,0,,20130501000000,Implantação,20130501000000,Implantação
4100,,,,41,,,,,4113502,Loanda,0,,20130501000000,Implantação,20130501000000,Implantação
4101,,,,41,,,,,4113601,Lobato,0,,20130501000000,Implantação,20130501000000,Implantação
4102,,,,41,,,,,4113700,Londrina,0,,20130501000000,Implantação,20130501000000,Implantação
4103,,,,41,,,,,4113734,Luiziana,0,,20130501000000,Implantação,20130501000000,Implantação
4104,,,,41,,,,,4113759,Lunardelli,0,,20130501000000,Implantação,20130501000000,Implantação
4105,,,,41,,,,,4113809,Lupionópolis,0,,20130501000000,Implantação,20130501000000,Implantação
4106,,,,41,,,,,4113908,Mallet,0,,20130501000000,Implantação,20130501000000,Implantação
4107,,,,41,,,,,4114005,Mamborê,0,,20130501000000,Implantação,20130501000000,Implantação
4108,,,,41,,,,,4114104,Mandaguaçu,0,,20130501000000,Implantação,20130501000000,Implantação
4109,,,,41,,,,,4114203,Mandaguari,0,,20130501000000,Implantação,20130501000000,Implantação
4110,,,,41,,,,,4114302,Mandirituba,0,,20130501000000,Implantação,20130501000000,Implantação
4111,,,,41,,,,,4114351,Manfrinópolis,0,,20130501000000,Implantação,20130501000000,Implantação
4112,,,,41,,,,,4114401,Mangueirinha,0,,20130501000000,Implantação,20130501000000,Implantação
4113,,,,41,,,,,4114500,Manoel Ribas,0,,20130501000000,Implantação,20130501000000,Implantação
4114,,,,41,,,,,4114609,Marechal Cândido Rondon,0,,20130501000000,Implantação,20130501000000,Implantação
4115,,,,41,,,,,4114708,Maria Helena,0,,20130501000000,Implantação,20130501000000,Implantação
4116,,,,41,,,,,4114807,Marialva,0,,20130501000000,Implantação,20130501000000,Implantação
4117,,,,41,,,,,4114906,Marilândia do Sul,0,,20130501000000,Implantação,20130501000000,Implantação
4118,,,,41,,,,,4115002,Marilena,0,,20130501000000,Implantação,20130501000000,Implantação
4119,,,,41,,,,,4115101,Mariluz,0,,20130501000000,Implantação,20130501000000,Implantação
4120,,,,41,,,,,4115200,Maringá,0,,20130501000000,Implantação,20130501000000,Implantação
4121,,,,41,,,,,4115309,Mariópolis,0,,20130501000000,Implantação,20130501000000,Implantação
4122,,,,41,,,,,4115358,Maripá,0,,20130501000000,Implantação,20130501000000,Implantação
4123,,,,41,,,,,4115408,Marmeleiro,0,,20130501000000,Implantação,20130501000000,Implantação
4124,,,,41,,,,,4115457,Marquinho,0,,20130501000000,Implantação,20130501000000,Implantação
4125,,,,41,,,,,4115507,Marumbi,0,,20130501000000,Implantação,20130501000000,Implantação
4126,,,,41,,,,,4115606,Matelândia,0,,20130501000000,Implantação,20130501000000,Implantação
4127,,,,41,,,,,4115705,Matinhos,0,,20130501000000,Implantação,20130501000000,Implantação
4128,,,,41,,,,,4115739,Mato Rico,0,,20130501000000,Implantação,20130501000000,Implantação
4129,,,,41,,,,,4115754,Mauá da Serra,0,,20130501000000,Implantação,20130501000000,Implantação
4130,,,,41,,,,,4115804,Medianeira,0,,20130501000000,Implantação,20130501000000,Implantação
4131,,,,41,,,,,4115853,Mercedes,0,,20130501000000,Implantação,20130501000000,Implantação
4132,,,,41,,,,,4115903,Mirador,0,,20130501000000,Implantação,20130501000000,Implantação
4133,,,,41,,,,,4116000,Miraselva,0,,20130501000000,Implantação,20130501000000,Implantação
4134,,,,41,,,,,4116059,Missal,0,,20130501000000,Implantação,20130501000000,Implantação
4135,,,,41,,,,,4116109,Moreira Sales,0,,20130501000000,Implantação,20130501000000,Implantação
4136,,,,41,,,,,4116208,Morretes,0,,20130501000000,Implantação,20130501000000,Implantação
4137,,,,41,,,,,4116307,Munhoz de Melo,0,,20130501000000,Implantação,20130501000000,Implantação
4138,,,,41,,,,,4116406,Nossa Senhora das Graças,0,,20130501000000,Implantação,20130501000000,Implantação
4139,,,,41,,,,,4116505,Nova Aliança do Ivaí,0,,20130501000000,Implantação,20130501000000,Implantação
4140,,,,41,,,,,4116604,Nova América da Colina,0,,20130501000000,Implantação,20130501000000,Implantação
4141,,,,41,,,,,4116703,Nova Aurora,0,,20130501000000,Implantação,20130501000000,Implantação
4142,,,,41,,,,,4116802,Nova Cantu,0,,20130501000000,Implantação,20130501000000,Implantação
4143,,,,41,,,,,4116901,Nova Esperança,0,,20130501000000,Implantação,20130501000000,Implantação
4144,,,,41,,,,,4116950,Nova Esperança do Sudoeste,0,,20130501000000,Implantação,20130501000000,Implantação
4145,,,,41,,,,,4117008,Nova Fátima,0,,20130501000000,Implantação,20130501000000,Implantação
4146,,,,41,,,,,4117057,Nova Laranjeiras,0,,20130501000000,Implantação,20130501000000,Implantação
4147,,,,41,,,,,4117107,Nova Londrina,0,,20130501000000,Implantação,20130501000000,Implantação
4148,,,,41,,,,,4117206,Nova Olímpia,0,,20130501000000,Implantação,20130501000000,Implantação
4149,,,,41,,,,,4117214,Nova Santa Bárbara,0,,20130501000000,Implantação,20130501000000,Implantação
4150,,,,41,,,,,4117222,Nova Santa Rosa,0,,20130501000000,Implantação,20130501000000,Implantação
4151,,,,41,,,,,4117255,Nova Prata do Iguaçu,0,,20130501000000,Implantação,20130501000000,Implantação
4152,,,,41,,,,,4117271,Nova Tebas,0,,20130501000000,Implantação,20130501000000,Implantação
4153,,,,41,,,,,4117297,Novo Itacolomi,0,,20130501000000,Implantação,20130501000000,Implantação
4154,,,,41,,,,,4117305,Ortigueira,0,,20130501000000,Implantação,20130501000000,Implantação
4155,,,,41,,,,,4117404,Ourizona,0,,20130501000000,Implantação,20130501000000,Implantação
4156,,,,41,,,,,4117453,Ouro Verde do Oeste,0,,20130501000000,Implantação,20130501000000,Implantação
4157,,,,41,,,,,4117503,Paiçandu,0,,20130501000000,Implantação,20130501000000,Implantação
4158,,,,41,,,,,4117602,Palmas,0,,20130501000000,Implantação,20130501000000,Implantação
4159,,,,41,,,,,4117701,Palmeira,0,,20130501000000,Implantação,20130501000000,Implantação
4160,,,,41,,,,,4117800,Palmital,0,,20130501000000,Implantação,20130501000000,Implantação
4161,,,,41,,,,,4117909,Palotina,0,,20130501000000,Implantação,20130501000000,Implantação
4162,,,,41,,,,,4118006,Paraíso do Norte,0,,20130501000000,Implantação,20130501000000,Implantação
4163,,,,41,,,,,4118105,Paranacity,0,,20130501000000,Implantação,20130501000000,Implantação
4164,,,,41,,,,,4118204,Paranaguá,0,,20130501000000,Implantação,20130501000000,Implantação
4165,,,,41,,,,,4118303,Paranapoema,0,,20130501000000,Implantação,20130501000000,Implantação
4166,,,,41,,,,,4118402,Paranavaí,0,,20130501000000,Implantação,20130501000000,Implantação
4167,,,,41,,,,,4118451,Pato Bragado,0,,20130501000000,Implantação,20130501000000,Implantação
4168,,,,41,,,,,4118501,Pato Branco,0,,20130501000000,Implantação,20130501000000,Implantação
4169,,,,41,,,,,4118600,Paula Freitas,0,,20130501000000,Implantação,20130501000000,Implantação
4170,,,,41,,,,,4118709,Paulo Frontin,0,,20130501000000,Implantação,20130501000000,Implantação
4171,,,,41,,,,,4118808,Peabiru,0,,20130501000000,Implantação,20130501000000,Implantação
4172,,,,41,,,,,4118857,Perobal,0,,20130501000000,Implantação,20130501000000,Implantação
4173,,,,41,,,,,4118907,Pérola,0,,20130501000000,Implantação,20130501000000,Implantação
4174,,,,41,,,,,4119004,Pérola d'Oeste,0,,20130501000000,Implantação,20130501000000,Implantação
4175,,,,41,,,,,4119103,Piên,0,,20130501000000,Implantação,20130501000000,Implantação
4176,,,,41,,,,,4119152,Pinhais,0,,20130501000000,Implantação,20130501000000,Implantação
4177,,,,41,,,,,4119202,Pinhalão,0,,20130501000000,Implantação,20130501000000,Implantação
4178,,,,41,,,,,4119251,Pinhal de São Bento,0,,20130501000000,Implantação,20130501000000,Implantação
4179,,,,41,,,,,4119301,Pinhão,0,,20130501000000,Implantação,20130501000000,Implantação
4180,,,,41,,,,,4119400,Piraí do Sul,0,,20130501000000,Implantação,20130501000000,Implantação
4181,,,,41,,,,,4119509,Piraquara,0,,20130501000000,Implantação,20130501000000,Implantação
4182,,,,41,,,,,4119608,Pitanga,0,,20130501000000,Implantação,20130501000000,Implantação
4183,,,,41,,,,,4119657,Pitangueiras,0,,20130501000000,Implantação,20130501000000,Implantação
4184,,,,41,,,,,4119707,Planaltina do Paraná,0,,20130501000000,Implantação,20130501000000,Implantação
4185,,,,41,,,,,4119806,Planalto,0,,20130501000000,Implantação,20130501000000,Implantação
4186,,,,41,,,,,4119905,Ponta Grossa,0,,20130501000000,Implantação,20130501000000,Implantação
4187,,,,41,,,,,4119954,Pontal do Paraná,0,,20130501000000,Implantação,20130501000000,Implantação
4188,,,,41,,,,,4120002,Porecatu,0,,20130501000000,Implantação,20130501000000,Implantação
4189,,,,41,,,,,4120101,Porto Amazonas,0,,20130501000000,Implantação,20130501000000,Implantação
4190,,,,41,,,,,4120150,Porto Barreiro,0,,20130501000000,Implantação,20130501000000,Implantação
4191,,,,41,,,,,4120200,Porto Rico,0,,20130501000000,Implantação,20130501000000,Implantação
4192,,,,41,,,,,4120309,Porto Vitória,0,,20130501000000,Implantação,20130501000000,Implantação
4193,,,,41,,,,,4120333,Prado Ferreira,0,,20130501000000,Implantação,20130501000000,Implantação
4194,,,,41,,,,,4120358,Pranchita,0,,20130501000000,Implantação,20130501000000,Implantação
4195,,,,41,,,,,4120408,Presidente Castelo Branco,0,,20130501000000,Implantação,20130501000000,Implantação
4196,,,,41,,,,,4120507,Primeiro de Maio,0,,20130501000000,Implantação,20130501000000,Implantação
4197,,,,41,,,,,4120606,Prudentópolis,0,,20130501000000,Implantação,20130501000000,Implantação
4198,,,,41,,,,,4120655,Quarto Centenário,0,,20130501000000,Implantação,20130501000000,Implantação
4199,,,,41,,,,,4120705,Quatiguá,0,,20130501000000,Implantação,20130501000000,Implantação
4200,,,,41,,,,,4120804,Quatro Barras,0,,20130501000000,Implantação,20130501000000,Implantação
4201,,,,41,,,,,4120853,Quatro Pontes,0,,20130501000000,Implantação,20130501000000,Implantação
4202,,,,41,,,,,4120903,Quedas do Iguaçu,0,,20130501000000,Implantação,20130501000000,Implantação
4203,,,,41,,,,,4121000,Querência do Norte,0,,20130501000000,Implantação,20130501000000,Implantação
4204,,,,41,,,,,4121109,Quinta do Sol,0,,20130501000000,Implantação,20130501000000,Implantação
4205,,,,41,,,,,4121208,Quitandinha,0,,20130501000000,Implantação,20130501000000,Implantação
4206,,,,41,,,,,4121257,Ramilândia,0,,20130501000000,Implantação,20130501000000,Implantação
4207,,,,41,,,,,4121307,Rancho Alegre,0,,20130501000000,Implantação,20130501000000,Implantação
4208,,,,41,,,,,4121356,Rancho Alegre D'Oeste,0,,20130501000000,Implantação,20130501000000,Implantação
4209,,,,41,,,,,4121406,Realeza,0,,20130501000000,Implantação,20130501000000,Implantação
4210,,,,41,,,,,4121505,Rebouças,0,,20130501000000,Implantação,20130501000000,Implantação
4211,,,,41,,,,,4121604,Renascença,0,,20130501000000,Implantação,20130501000000,Implantação
4212,,,,41,,,,,4121703,Reserva,0,,20130501000000,Implantação,20130501000000,Implantação
4213,,,,41,,,,,4121752,Reserva do Iguaçu,0,,20130501000000,Implantação,20130501000000,Implantação
4214,,,,41,,,,,4121802,Ribeirão Claro,0,,20130501000000,Implantação,20130501000000,Implantação
4215,,,,41,,,,,4121901,Ribeirão do Pinhal,0,,20130501000000,Implantação,20130501000000,Implantação
4216,,,,41,,,,,4122008,Rio Azul,0,,20130501000000,Implantação,20130501000000,Implantação
4217,,,,41,,,,,4122107,Rio Bom,0,,20130501000000,Implantação,20130501000000,Implantação
4218,,,,41,,,,,4122156,Rio Bonito do Iguaçu,0,,20130501000000,Implantação,20130501000000,Implantação
4219,,,,41,,,,,4122172,Rio Branco do Ivaí,0,,20130501000000,Implantação,20130501000000,Implantação
4220,,,,41,,,,,4122206,Rio Branco do Sul,0,,20130501000000,Implantação,20130501000000,Implantação
4221,,,,41,,,,,4122305,Rio Negro,0,,20130501000000,Implantação,20130501000000,Implantação
4222,,,,41,,,,,4122404,Rolândia,0,,20130501000000,Implantação,20130501000000,Implantação
4223,,,,41,,,,,4122503,Roncador,0,,20130501000000,Implantação,20130501000000,Implantação
4224,,,,41,,,,,4122602,Rondon,0,,20130501000000,Implantação,20130501000000,Implantação
4225,,,,41,,,,,4122651,Rosário do Ivaí,0,,20130501000000,Implantação,20130501000000,Implantação
4226,,,,41,,,,,4122701,Sabáudia,0,,20130501000000,Implantação,20130501000000,Implantação
4227,,,,41,,,,,4122800,Salgado Filho,0,,20130501000000,Implantação,20130501000000,Implantação
4228,,,,41,,,,,4122909,Salto do Itararé,0,,20130501000000,Implantação,20130501000000,Implantação
4229,,,,41,,,,,4123006,Salto do Lontra,0,,20130501000000,Implantação,20130501000000,Implantação
4230,,,,41,,,,,4123105,Santa Amélia,0,,20130501000000,Implantação,20130501000000,Implantação
4231,,,,41,,,,,4123204,Santa Cecília do Pavão,0,,20130501000000,Implantação,20130501000000,Implantação
4232,,,,41,,,,,4123303,Santa Cruz de Monte Castelo,0,,20130501000000,Implantação,20130501000000,Implantação
4233,,,,41,,,,,4123402,Santa Fé,0,,20130501000000,Implantação,20130501000000,Implantação
4234,,,,41,,,,,4123501,Santa Helena,0,,20130501000000,Implantação,20130501000000,Implantação
4235,,,,41,,,,,4123600,Santa Inês,0,,20130501000000,Implantação,20130501000000,Implantação
4236,,,,41,,,,,4123709,Santa Isabel do Ivaí,0,,20130501000000,Implantação,20130501000000,Implantação
4237,,,,41,,,,,4123808,Santa Izabel do Oeste,0,,20130501000000,Implantação,20130501000000,Implantação
4238,,,,41,,,,,4123824,Santa Lúcia,0,,20130501000000,Implantação,20130501000000,Implantação
4239,,,,41,,,,,4123857,Santa Maria do Oeste,0,,20130501000000,Implantação,20130501000000,Implantação
4240,,,,41,,,,,4123907,Santa Mariana,0,,20130501000000,Implantação,20130501000000,Implantação
4241,,,,41,,,,,4123956,Santa Mônica,0,,20130501000000,Implantação,20130501000000,Implantação
4242,,,,41,,,,,4124004,Santana do Itararé,0,,20130501000000,Implantação,20130501000000,Implantação
4243,,,,41,,,,,4124020,Santa Tereza do Oeste,0,,20130501000000,Implantação,20130501000000,Implantação
4244,,,,41,,,,,4124053,Santa Terezinha de Itaipu,0,,20130501000000,Implantação,20130501000000,Implantação
4245,,,,41,,,,,4124103,Santo Antônio da Platina,0,,20130501000000,Implantação,20130501000000,Implantação
4246,,,,41,,,,,4124202,Santo Antônio do Caiuá,0,,20130501000000,Implantação,20130501000000,Implantação
4247,,,,41,,,,,4124301,Santo Antônio do Paraíso,0,,20130501000000,Implantação,20130501000000,Implantação
4248,,,,41,,,,,4124400,Santo Antônio do Sudoeste,0,,20130501000000,Implantação,20130501000000,Implantação
4249,,,,41,,,,,4124509,Santo Inácio,0,,20130501000000,Implantação,20130501000000,Implantação
4250,,,,41,,,,,4124608,São Carlos do Ivaí,0,,20130501000000,Implantação,20130501000000,Implantação
4251,,,,41,,,,,4124707,São Jerônimo da Serra,0,,20130501000000,Implantação,20130501000000,Implantação
4252,,,,41,,,,,4124806,São João,0,,20130501000000,Implantação,20130501000000,Implantação
4253,,,,41,,,,,4124905,São João do Caiuá,0,,20130501000000,Implantação,20130501000000,Implantação
4254,,,,41,,,,,4125001,São João do Ivaí,0,,20130501000000,Implantação,20130501000000,Implantação
4255,,,,41,,,,,4125100,São João do Triunfo,0,,20130501000000,Implantação,20130501000000,Implantação
4256,,,,41,,,,,4125209,São Jorge d'Oeste,0,,20130501000000,Implantação,20130501000000,Implantação
4257,,,,41,,,,,4125308,São Jorge do Ivaí,0,,20130501000000,Implantação,20130501000000,Implantação
4258,,,,41,,,,,4125357,São Jorge do Patrocínio,0,,20130501000000,Implantação,20130501000000,Implantação
4259,,,,41,,,,,4125407,São José da Boa Vista,0,,20130501000000,Implantação,20130501000000,Implantação
4260,,,,41,,,,,4125456,São José das Palmeiras,0,,20130501000000,Implantação,20130501000000,Implantação
4261,,,,41,,,,,4125506,São José dos Pinhais,0,,20130501000000,Implantação,20130501000000,Implantação
4262,,,,41,,,,,4125555,São Manoel do Paraná,0,,20130501000000,Implantação,20130501000000,Implantação
4263,,,,41,,,,,4125605,São Mateus do Sul,0,,20130501000000,Implantação,20130501000000,Implantação
4264,,,,41,,,,,4125704,São Miguel do Iguaçu,0,,20130501000000,Implantação,20130501000000,Implantação
4265,,,,41,,,,,4125753,São Pedro do Iguaçu,0,,20130501000000,Implantação,20130501000000,Implantação
4266,,,,41,,,,,4125803,São Pedro do Ivaí,0,,20130501000000,Implantação,20130501000000,Implantação
4267,,,,41,,,,,4125902,São Pedro do Paraná,0,,20130501000000,Implantação,20130501000000,Implantação
4268,,,,41,,,,,4126009,São Sebastião da Amoreira,0,,20130501000000,Implantação,20130501000000,Implantação
4269,,,,41,,,,,4126108,São Tomé,0,,20130501000000,Implantação,20130501000000,Implantação
4270,,,,41,,,,,4126207,Sapopema,0,,20130501000000,Implantação,20130501000000,Implantação
4271,,,,41,,,,,4126256,Sarandi,0,,20130501000000,Implantação,20130501000000,Implantação
4272,,,,41,,,,,4126272,Saudade do Iguaçu,0,,20130501000000,Implantação,20130501000000,Implantação
4273,,,,41,,,,,4126306,Sengés,0,,20130501000000,Implantação,20130501000000,Implantação
4274,,,,41,,,,,4126355,Serranópolis do Iguaçu,0,,20130501000000,Implantação,20130501000000,Implantação
4275,,,,41,,,,,4126405,Sertaneja,0,,20130501000000,Implantação,20130501000000,Implantação
4276,,,,41,,,,,4126504,Sertanópolis,0,,20130501000000,Implantação,20130501000000,Implantação
4277,,,,41,,,,,4126603,Siqueira Campos,0,,20130501000000,Implantação,20130501000000,Implantação
4278,,,,41,,,,,4126652,Sulina,0,,20130501000000,Implantação,20130501000000,Implantação
4279,,,,41,,,,,4126678,Tamarana,0,,20130501000000,Implantação,20130501000000,Implantação
4280,,,,41,,,,,4126702,Tamboara,0,,20130501000000,Implantação,20130501000000,Implantação
4281,,,,41,,,,,4126801,Tapejara,0,,20130501000000,Implantação,20130501000000,Implantação
4282,,,,41,,,,,4126900,Tapira,0,,20130501000000,Implantação,20130501000000,Implantação
4283,,,,41,,,,,4127007,Teixeira Soares,0,,20130501000000,Implantação,20130501000000,Implantação
4284,,,,41,,,,,4127106,Telêmaco Borba,0,,20130501000000,Implantação,20130501000000,Implantação
4285,,,,41,,,,,4127205,Terra Boa,0,,20130501000000,Implantação,20130501000000,Implantação
4286,,,,41,,,,,4127304,Terra Rica,0,,20130501000000,Implantação,20130501000000,Implantação
4287,,,,41,,,,,4127403,Terra Roxa,0,,20130501000000,Implantação,20130501000000,Implantação
4288,,,,41,,,,,4127502,Tibagi,0,,20130501000000,Implantação,20130501000000,Implantação
4289,,,,41,,,,,4127601,Tijucas do Sul,0,,20130501000000,Implantação,20130501000000,Implantação
4290,,,,41,,,,,4127700,Toledo,0,,20130501000000,Implantação,20130501000000,Implantação
4291,,,,41,,,,,4127809,Tomazina,0,,20130501000000,Implantação,20130501000000,Implantação
4292,,,,41,,,,,4127858,Três Barras do Paraná,0,,20130501000000,Implantação,20130501000000,Implantação
4293,,,,41,,,,,4127882,Tunas do Paraná,0,,20130501000000,Implantação,20130501000000,Implantação
4294,,,,41,,,,,4127908,Tuneiras do Oeste,0,,20130501000000,Implantação,20130501000000,Implantação
4295,,,,41,,,,,4127957,Tupãssi,0,,20130501000000,Implantação,20130501000000,Implantação
4296,,,,41,,,,,4127965,Turvo,0,,20130501000000,Implantação,20130501000000,Implantação
4297,,,,41,,,,,4128005,Ubiratã,0,,20130501000000,Implantação,20130501000000,Implantação
4298,,,,41,,,,,4128104,Umuarama,0,,20130501000000,Implantação,20130501000000,Implantação
4299,,,,41,,,,,4128203,União da Vitória,0,,20130501000000,Implantação,20130501000000,Implantação
4300,,,,41,,,,,4128302,Uniflor,0,,20130501000000,Implantação,20130501000000,Implantação
4301,,,,41,,,,,4128401,Uraí,0,,20130501000000,Implantação,20130501000000,Implantação
4302,,,,41,,,,,4128500,Wenceslau Braz,0,,20130501000000,Implantação,20130501000000,Implantação
4303,,,,41,,,,,4128534,Ventania,0,,20130501000000,Implantação,20130501000000,Implantação
4304,,,,41,,,,,4128559,Vera Cruz do Oeste,0,,20130501000000,Implantação,20130501000000,Implantação
4305,,,,41,,,,,4128609,Verê,0,,20130501000000,Implantação,20130501000000,Implantação
4306,,,,41,,,,,4128625,Alto Paraíso,0,,20130501000000,Implantação,20130501000000,Implantação
4307,,,,41,,,,,4128633,Doutor Ulysses,0,,20130501000000,Implantação,20130501000000,Implantação
4308,,,,41,,,,,4128658,Virmond,0,,20130501000000,Implantação,20130501000000,Implantação
4309,,,,41,,,,,4128708,Vitorino,0,,20130501000000,Implantação,20130501000000,Implantação
4310,,,,41,,,,,4128807,Xambrê,0,,20130501000000,Implantação,20130501000000,Implantação
4311,,,,42,,,,,4200051,Abdon Batista,0,,20130501000000,Implantação,20130501000000,Implantação
4312,,,,42,,,,,4200101,Abelardo Luz,0,,20130501000000,Implantação,20130501000000,Implantação
4313,,,,42,,,,,4200200,Agrolândia,0,,20130501000000,Implantação,20130501000000,Implantação
4314,,,,42,,,,,4200309,Agronômica,0,,20130501000000,Implantação,20130501000000,Implantação
4315,,,,42,,,,,4200408,Água Doce,0,,20130501000000,Implantação,20130501000000,Implantação
4316,,,,42,,,,,4200507,Águas de Chapecó,0,,20130501000000,Implantação,20130501000000,Implantação
4317,,,,42,,,,,4200556,Águas Frias,0,,20130501000000,Implantação,20130501000000,Implantação
4318,,,,42,,,,,4200606,Águas Mornas,0,,20130501000000,Implantação,20130501000000,Implantação
4319,,,,42,,,,,4200705,Alfredo Wagner,0,,20130501000000,Implantação,20130501000000,Implantação
4320,,,,42,,,,,4200754,Alto Bela Vista,0,,20130501000000,Implantação,20130501000000,Implantação
4321,,,,42,,,,,4200804,Anchieta,0,,20130501000000,Implantação,20130501000000,Implantação
4322,,,,42,,,,,4200903,Angelina,0,,20130501000000,Implantação,20130501000000,Implantação
4323,,,,42,,,,,4201000,Anita Garibaldi,0,,20130501000000,Implantação,20130501000000,Implantação
4324,,,,42,,,,,4201109,Anitápolis,0,,20130501000000,Implantação,20130501000000,Implantação
4325,,,,42,,,,,4201208,Antônio Carlos,0,,20130501000000,Implantação,20130501000000,Implantação
4326,,,,42,,,,,4201257,Apiúna,0,,20130501000000,Implantação,20130501000000,Implantação
4327,,,,42,,,,,4201273,Arabutã,0,,20130501000000,Implantação,20130501000000,Implantação
4328,,,,42,,,,,4201307,Araquari,0,,20130501000000,Implantação,20130501000000,Implantação
4329,,,,42,,,,,4201406,Araranguá,0,,20130501000000,Implantação,20130501000000,Implantação
4330,,,,42,,,,,4201505,Armazém,0,,20130501000000,Implantação,20130501000000,Implantação
4331,,,,42,,,,,4201604,Arroio Trinta,0,,20130501000000,Implantação,20130501000000,Implantação
4332,,,,42,,,,,4201653,Arvoredo,0,,20130501000000,Implantação,20130501000000,Implantação
4333,,,,42,,,,,4201703,Ascurra,0,,20130501000000,Implantação,20130501000000,Implantação
4334,,,,42,,,,,4201802,Atalanta,0,,20130501000000,Implantação,20130501000000,Implantação
4335,,,,42,,,,,4201901,Aurora,0,,20130501000000,Implantação,20130501000000,Implantação
4336,,,,42,,,,,4201950,Balneário Arroio do Silva,0,,20130501000000,Implantação,20130501000000,Implantação
4337,,,,42,,,,,4202008,Balneário Camboriú,0,,20130501000000,Implantação,20130501000000,Implantação
4338,,,,42,,,,,4202057,Balneário Barra do Sul,0,,20130501000000,Implantação,20130501000000,Implantação
4339,,,,42,,,,,4202073,Balneário Gaivota,0,,20130501000000,Implantação,20130501000000,Implantação
4340,,,,42,,,,,4202081,Bandeirante,0,,20130501000000,Implantação,20130501000000,Implantação
4341,,,,42,,,,,4202099,Barra Bonita,0,,20130501000000,Implantação,20130501000000,Implantação
4342,,,,42,,,,,4202107,Barra Velha,0,,20130501000000,Implantação,20130501000000,Implantação
4343,,,,42,,,,,4202131,Bela Vista do Toldo,0,,20130501000000,Implantação,20130501000000,Implantação
4344,,,,42,,,,,4202156,Belmonte,0,,20130501000000,Implantação,20130501000000,Implantação
4345,,,,42,,,,,4202206,Benedito Novo,0,,20130501000000,Implantação,20130501000000,Implantação
4346,,,,42,,,,,4202305,Biguaçu,0,,20130501000000,Implantação,20130501000000,Implantação
4347,,,,42,,,,,4202404,Blumenau,0,,20130501000000,Implantação,20130501000000,Implantação
4348,,,,42,,,,,4202438,Bocaina do Sul,0,,20130501000000,Implantação,20130501000000,Implantação
4349,,,,42,,,,,4202453,Bombinhas,0,,20130501000000,Implantação,20130501000000,Implantação
4350,,,,42,,,,,4202503,Bom Jardim da Serra,0,,20130501000000,Implantação,20130501000000,Implantação
4351,,,,42,,,,,4202537,Bom Jesus,0,,20130501000000,Implantação,20130501000000,Implantação
4352,,,,42,,,,,4202578,Bom Jesus do Oeste,0,,20130501000000,Implantação,20130501000000,Implantação
4353,,,,42,,,,,4202602,Bom Retiro,0,,20130501000000,Implantação,20130501000000,Implantação
4354,,,,42,,,,,4202701,Botuverá,0,,20130501000000,Implantação,20130501000000,Implantação
4355,,,,42,,,,,4202800,Braço do Norte,0,,20130501000000,Implantação,20130501000000,Implantação
4356,,,,42,,,,,4202859,Braço do Trombudo,0,,20130501000000,Implantação,20130501000000,Implantação
4357,,,,42,,,,,4202875,Brunópolis,0,,20130501000000,Implantação,20130501000000,Implantação
4358,,,,42,,,,,4202909,Brusque,0,,20130501000000,Implantação,20130501000000,Implantação
4359,,,,42,,,,,4203006,Caçador,0,,20130501000000,Implantação,20130501000000,Implantação
4360,,,,42,,,,,4203105,Caibi,0,,20130501000000,Implantação,20130501000000,Implantação
4361,,,,42,,,,,4203154,Calmon,0,,20130501000000,Implantação,20130501000000,Implantação
4362,,,,42,,,,,4203204,Camboriú,0,,20130501000000,Implantação,20130501000000,Implantação
4363,,,,42,,,,,4203253,Capão Alto,0,,20130501000000,Implantação,20130501000000,Implantação
4364,,,,42,,,,,4203303,Campo Alegre,0,,20130501000000,Implantação,20130501000000,Implantação
4365,,,,42,,,,,4203402,Campo Belo do Sul,0,,20130501000000,Implantação,20130501000000,Implantação
4366,,,,42,,,,,4203501,Campo Erê,0,,20130501000000,Implantação,20130501000000,Implantação
4367,,,,42,,,,,4203600,Campos Novos,0,,20130501000000,Implantação,20130501000000,Implantação
4368,,,,42,,,,,4203709,Canelinha,0,,20130501000000,Implantação,20130501000000,Implantação
4369,,,,42,,,,,4203808,Canoinhas,0,,20130501000000,Implantação,20130501000000,Implantação
4370,,,,42,,,,,4203907,Capinzal,0,,20130501000000,Implantação,20130501000000,Implantação
4371,,,,42,,,,,4203956,Capivari de Baixo,0,,20130501000000,Implantação,20130501000000,Implantação
4372,,,,42,,,,,4204004,Catanduvas,0,,20130501000000,Implantação,20130501000000,Implantação
4373,,,,42,,,,,4204103,Caxambu do Sul,0,,20130501000000,Implantação,20130501000000,Implantação
4374,,,,42,,,,,4204152,Celso Ramos,0,,20130501000000,Implantação,20130501000000,Implantação
4375,,,,42,,,,,4204178,Cerro Negro,0,,20130501000000,Implantação,20130501000000,Implantação
4376,,,,42,,,,,4204194,Chapadão do Lageado,0,,20130501000000,Implantação,20130501000000,Implantação
4377,,,,42,,,,,4204202,Chapecó,0,,20130501000000,Implantação,20130501000000,Implantação
4378,,,,42,,,,,4204251,Cocal do Sul,0,,20130501000000,Implantação,20130501000000,Implantação
4379,,,,42,,,,,4204301,Concórdia,0,,20130501000000,Implantação,20130501000000,Implantação
4380,,,,42,,,,,4204350,Cordilheira Alta,0,,20130501000000,Implantação,20130501000000,Implantação
4381,,,,42,,,,,4204400,Coronel Freitas,0,,20130501000000,Implantação,20130501000000,Implantação
4382,,,,42,,,,,4204459,Coronel Martins,0,,20130501000000,Implantação,20130501000000,Implantação
4383,,,,42,,,,,4204509,Corupá,0,,20130501000000,Implantação,20130501000000,Implantação
4384,,,,42,,,,,4204558,Correia Pinto,0,,20130501000000,Implantação,20130501000000,Implantação
4385,,,,42,,,,,4204608,Criciúma,0,,20130501000000,Implantação,20130501000000,Implantação
4386,,,,42,,,,,4204707,Cunha Porã,0,,20130501000000,Implantação,20130501000000,Implantação
4387,,,,42,,,,,4204756,Cunhataí,0,,20130501000000,Implantação,20130501000000,Implantação
4388,,,,42,,,,,4204806,Curitibanos,0,,20130501000000,Implantação,20130501000000,Implantação
4389,,,,42,,,,,4204905,Descanso,0,,20130501000000,Implantação,20130501000000,Implantação
4390,,,,42,,,,,4205001,Dionísio Cerqueira,0,,20130501000000,Implantação,20130501000000,Implantação
4391,,,,42,,,,,4205100,Dona Emma,0,,20130501000000,Implantação,20130501000000,Implantação
4392,,,,42,,,,,4205159,Doutor Pedrinho,0,,20130501000000,Implantação,20130501000000,Implantação
4393,,,,42,,,,,4205175,Entre Rios,0,,20130501000000,Implantação,20130501000000,Implantação
4394,,,,42,,,,,4205191,Ermo,0,,20130501000000,Implantação,20130501000000,Implantação
4395,,,,42,,,,,4205209,Erval Velho,0,,20130501000000,Implantação,20130501000000,Implantação
4396,,,,42,,,,,4205308,Faxinal dos Guedes,0,,20130501000000,Implantação,20130501000000,Implantação
4397,,,,42,,,,,4205357,Flor do Sertão,0,,20130501000000,Implantação,20130501000000,Implantação
4398,,,,42,,,,,4205407,Florianópolis,0,,20130501000000,Implantação,20130501000000,Implantação
4399,,,,42,,,,,4205431,Formosa do Sul,0,,20130501000000,Implantação,20130501000000,Implantação
4400,,,,42,,,,,4205456,Forquilhinha,0,,20130501000000,Implantação,20130501000000,Implantação
4401,,,,42,,,,,4205506,Fraiburgo,0,,20130501000000,Implantação,20130501000000,Implantação
4402,,,,42,,,,,4205555,Frei Rogério,0,,20130501000000,Implantação,20130501000000,Implantação
4403,,,,42,,,,,4205605,Galvão,0,,20130501000000,Implantação,20130501000000,Implantação
4404,,,,42,,,,,4205704,Garopaba,0,,20130501000000,Implantação,20130501000000,Implantação
4405,,,,42,,,,,4205803,Garuva,0,,20130501000000,Implantação,20130501000000,Implantação
4406,,,,42,,,,,4205902,Gaspar,0,,20130501000000,Implantação,20130501000000,Implantação
4407,,,,42,,,,,4206009,Governador Celso Ramos,0,,20130501000000,Implantação,20130501000000,Implantação
4408,,,,42,,,,,4206108,Grão Pará,0,,20130501000000,Implantação,20130501000000,Implantação
4409,,,,42,,,,,4206207,Gravatal,0,,20130501000000,Implantação,20130501000000,Implantação
4410,,,,42,,,,,4206306,Guabiruba,0,,20130501000000,Implantação,20130501000000,Implantação
4411,,,,42,,,,,4206405,Guaraciaba,0,,20130501000000,Implantação,20130501000000,Implantação
4412,,,,42,,,,,4206504,Guaramirim,0,,20130501000000,Implantação,20130501000000,Implantação
4413,,,,42,,,,,4206603,Guarujá do Sul,0,,20130501000000,Implantação,20130501000000,Implantação
4414,,,,42,,,,,4206652,Guatambú,0,,20130501000000,Implantação,20130501000000,Implantação
4415,,,,42,,,,,4206702,Herval d'Oeste,0,,20130501000000,Implantação,20130501000000,Implantação
4416,,,,42,,,,,4206751,Ibiam,0,,20130501000000,Implantação,20130501000000,Implantação
4417,,,,42,,,,,4206801,Ibicaré,0,,20130501000000,Implantação,20130501000000,Implantação
4418,,,,42,,,,,4206900,Ibirama,0,,20130501000000,Implantação,20130501000000,Implantação
4419,,,,42,,,,,4207007,Içara,0,,20130501000000,Implantação,20130501000000,Implantação
4420,,,,42,,,,,4207106,Ilhota,0,,20130501000000,Implantação,20130501000000,Implantação
4421,,,,42,,,,,4207205,Imaruí,0,,20130501000000,Implantação,20130501000000,Implantação
4422,,,,42,,,,,4207304,Imbituba,0,,20130501000000,Implantação,20130501000000,Implantação
4423,,,,42,,,,,4207403,Imbuia,0,,20130501000000,Implantação,20130501000000,Implantação
4424,,,,42,,,,,4207502,Indaial,0,,20130501000000,Implantação,20130501000000,Implantação
4425,,,,42,,,,,4207577,Iomerê,0,,20130501000000,Implantação,20130501000000,Implantação
4426,,,,42,,,,,4207601,Ipira,0,,20130501000000,Implantação,20130501000000,Implantação
4427,,,,42,,,,,4207650,Iporã do Oeste,0,,20130501000000,Implantação,20130501000000,Implantação
4428,,,,42,,,,,4207684,Ipuaçu,0,,20130501000000,Implantação,20130501000000,Implantação
4429,,,,42,,,,,4207700,Ipumirim,0,,20130501000000,Implantação,20130501000000,Implantação
4430,,,,42,,,,,4207759,Iraceminha,0,,20130501000000,Implantação,20130501000000,Implantação
4431,,,,42,,,,,4207809,Irani,0,,20130501000000,Implantação,20130501000000,Implantação
4432,,,,42,,,,,4207858,Irati,0,,20130501000000,Implantação,20130501000000,Implantação
4433,,,,42,,,,,4207908,Irineópolis,0,,20130501000000,Implantação,20130501000000,Implantação
4434,,,,42,,,,,4208005,Itá,0,,20130501000000,Implantação,20130501000000,Implantação
4435,,,,42,,,,,4208104,Itaiópolis,0,,20130501000000,Implantação,20130501000000,Implantação
4436,,,,42,,,,,4208203,Itajaí,0,,20130501000000,Implantação,20130501000000,Implantação
4437,,,,42,,,,,4208302,Itapema,0,,20130501000000,Implantação,20130501000000,Implantação
4438,,,,42,,,,,4208401,Itapiranga,0,,20130501000000,Implantação,20130501000000,Implantação
4439,,,,42,,,,,4208450,Itapoá,0,,20130501000000,Implantação,20130501000000,Implantação
4440,,,,42,,,,,4208500,Ituporanga,0,,20130501000000,Implantação,20130501000000,Implantação
4441,,,,42,,,,,4208609,Jaborá,0,,20130501000000,Implantação,20130501000000,Implantação
4442,,,,42,,,,,4208708,Jacinto Machado,0,,20130501000000,Implantação,20130501000000,Implantação
4443,,,,42,,,,,4208807,Jaguaruna,0,,20130501000000,Implantação,20130501000000,Implantação
4444,,,,42,,,,,4208906,Jaraguá do Sul,0,,20130501000000,Implantação,20130501000000,Implantação
4445,,,,42,,,,,4208955,Jardinópolis,0,,20130501000000,Implantação,20130501000000,Implantação
4446,,,,42,,,,,4209003,Joaçaba,0,,20130501000000,Implantação,20130501000000,Implantação
4447,,,,42,,,,,4209102,Joinville,0,,20130501000000,Implantação,20130501000000,Implantação
4448,,,,42,,,,,4209151,José Boiteux,0,,20130501000000,Implantação,20130501000000,Implantação
4449,,,,42,,,,,4209177,Jupiá,0,,20130501000000,Implantação,20130501000000,Implantação
4450,,,,42,,,,,4209201,Lacerdópolis,0,,20130501000000,Implantação,20130501000000,Implantação
4451,,,,42,,,,,4209300,Lages,0,,20130501000000,Implantação,20130501000000,Implantação
4452,,,,42,,,,,4209409,Laguna,0,,20130501000000,Implantação,20130501000000,Implantação
4453,,,,42,,,,,4209458,Lajeado Grande,0,,20130501000000,Implantação,20130501000000,Implantação
4454,,,,42,,,,,4209508,Laurentino,0,,20130501000000,Implantação,20130501000000,Implantação
4455,,,,42,,,,,4209607,Lauro Muller,0,,20130501000000,Implantação,20130501000000,Implantação
4456,,,,42,,,,,4209706,Lebon Régis,0,,20130501000000,Implantação,20130501000000,Implantação
4457,,,,42,,,,,4209805,Leoberto Leal,0,,20130501000000,Implantação,20130501000000,Implantação
4458,,,,42,,,,,4209854,Lindóia do Sul,0,,20130501000000,Implantação,20130501000000,Implantação
4459,,,,42,,,,,4209904,Lontras,0,,20130501000000,Implantação,20130501000000,Implantação
4460,,,,42,,,,,4210001,Luiz Alves,0,,20130501000000,Implantação,20130501000000,Implantação
4461,,,,42,,,,,4210035,Luzerna,0,,20130501000000,Implantação,20130501000000,Implantação
4462,,,,42,,,,,4210050,Macieira,0,,20130501000000,Implantação,20130501000000,Implantação
4463,,,,42,,,,,4210100,Mafra,0,,20130501000000,Implantação,20130501000000,Implantação
4464,,,,42,,,,,4210209,Major Gercino,0,,20130501000000,Implantação,20130501000000,Implantação
4465,,,,42,,,,,4210308,Major Vieira,0,,20130501000000,Implantação,20130501000000,Implantação
4466,,,,42,,,,,4210407,Maracajá,0,,20130501000000,Implantação,20130501000000,Implantação
4467,,,,42,,,,,4210506,Maravilha,0,,20130501000000,Implantação,20130501000000,Implantação
4468,,,,42,,,,,4210555,Marema,0,,20130501000000,Implantação,20130501000000,Implantação
4469,,,,42,,,,,4210605,Massaranduba,0,,20130501000000,Implantação,20130501000000,Implantação
4470,,,,42,,,,,4210704,Matos Costa,0,,20130501000000,Implantação,20130501000000,Implantação
4471,,,,42,,,,,4210803,Meleiro,0,,20130501000000,Implantação,20130501000000,Implantação
4472,,,,42,,,,,4210852,Mirim Doce,0,,20130501000000,Implantação,20130501000000,Implantação
4473,,,,42,,,,,4210902,Modelo,0,,20130501000000,Implantação,20130501000000,Implantação
4474,,,,42,,,,,4211009,Mondaí,0,,20130501000000,Implantação,20130501000000,Implantação
4475,,,,42,,,,,4211058,Monte Carlo,0,,20130501000000,Implantação,20130501000000,Implantação
4476,,,,42,,,,,4211108,Monte Castelo,0,,20130501000000,Implantação,20130501000000,Implantação
4477,,,,42,,,,,4211207,Morro da Fumaça,0,,20130501000000,Implantação,20130501000000,Implantação
4478,,,,42,,,,,4211256,Morro Grande,0,,20130501000000,Implantação,20130501000000,Implantação
4479,,,,42,,,,,4211306,Navegantes,0,,20130501000000,Implantação,20130501000000,Implantação
4480,,,,42,,,,,4211405,Nova Erechim,0,,20130501000000,Implantação,20130501000000,Implantação
4481,,,,42,,,,,4211454,Nova Itaberaba,0,,20130501000000,Implantação,20130501000000,Implantação
4482,,,,42,,,,,4211504,Nova Trento,0,,20130501000000,Implantação,20130501000000,Implantação
4483,,,,42,,,,,4211603,Nova Veneza,0,,20130501000000,Implantação,20130501000000,Implantação
4484,,,,42,,,,,4211652,Novo Horizonte,0,,20130501000000,Implantação,20130501000000,Implantação
4485,,,,42,,,,,4211702,Orleans,0,,20130501000000,Implantação,20130501000000,Implantação
4486,,,,42,,,,,4211751,Otacílio Costa,0,,20130501000000,Implantação,20130501000000,Implantação
4487,,,,42,,,,,4211801,Ouro,0,,20130501000000,Implantação,20130501000000,Implantação
4488,,,,42,,,,,4211850,Ouro Verde,0,,20130501000000,Implantação,20130501000000,Implantação
4489,,,,42,,,,,4211876,Paial,0,,20130501000000,Implantação,20130501000000,Implantação
4490,,,,42,,,,,4211892,Painel,0,,20130501000000,Implantação,20130501000000,Implantação
4491,,,,42,,,,,4211900,Palhoça,0,,20130501000000,Implantação,20130501000000,Implantação
4492,,,,42,,,,,4212007,Palma Sola,0,,20130501000000,Implantação,20130501000000,Implantação
4493,,,,42,,,,,4212056,Palmeira,0,,20130501000000,Implantação,20130501000000,Implantação
4494,,,,42,,,,,4212106,Palmitos,0,,20130501000000,Implantação,20130501000000,Implantação
4495,,,,42,,,,,4212205,Papanduva,0,,20130501000000,Implantação,20130501000000,Implantação
4496,,,,42,,,,,4212239,Paraíso,0,,20130501000000,Implantação,20130501000000,Implantação
4497,,,,42,,,,,4212254,Passo de Torres,0,,20130501000000,Implantação,20130501000000,Implantação
4498,,,,42,,,,,4212270,Passos Maia,0,,20130501000000,Implantação,20130501000000,Implantação
4499,,,,42,,,,,4212304,Paulo Lopes,0,,20130501000000,Implantação,20130501000000,Implantação
4500,,,,42,,,,,4212403,Pedras Grandes,0,,20130501000000,Implantação,20130501000000,Implantação
4501,,,,42,,,,,4212502,Penha,0,,20130501000000,Implantação,20130501000000,Implantação
4502,,,,42,,,,,4212601,Peritiba,0,,20130501000000,Implantação,20130501000000,Implantação
4503,,,,42,,,,,4212700,Petrolândia,0,,20130501000000,Implantação,20130501000000,Implantação
4504,,,,42,,,,,4212809,Balneário Piçarras,0,,20130501000000,Implantação,20130501000000,Implantação
4505,,,,42,,,,,4212908,Pinhalzinho,0,,20130501000000,Implantação,20130501000000,Implantação
4506,,,,42,,,,,4213005,Pinheiro Preto,0,,20130501000000,Implantação,20130501000000,Implantação
4507,,,,42,,,,,4213104,Piratuba,0,,20130501000000,Implantação,20130501000000,Implantação
4508,,,,42,,,,,4213153,Planalto Alegre,0,,20130501000000,Implantação,20130501000000,Implantação
4509,,,,42,,,,,4213203,Pomerode,0,,20130501000000,Implantação,20130501000000,Implantação
4510,,,,42,,,,,4213302,Ponte Alta,0,,20130501000000,Implantação,20130501000000,Implantação
4511,,,,42,,,,,4213351,Ponte Alta do Norte,0,,20130501000000,Implantação,20130501000000,Implantação
4512,,,,42,,,,,4213401,Ponte Serrada,0,,20130501000000,Implantação,20130501000000,Implantação
4513,,,,42,,,,,4213500,Porto Belo,0,,20130501000000,Implantação,20130501000000,Implantação
4514,,,,42,,,,,4213609,Porto União,0,,20130501000000,Implantação,20130501000000,Implantação
4515,,,,42,,,,,4213708,Pouso Redondo,0,,20130501000000,Implantação,20130501000000,Implantação
4516,,,,42,,,,,4213807,Praia Grande,0,,20130501000000,Implantação,20130501000000,Implantação
4517,,,,42,,,,,4213906,Presidente Castello Branco,0,,20130501000000,Implantação,20130501000000,Implantação
4518,,,,42,,,,,4214003,Presidente Getúlio,0,,20130501000000,Implantação,20130501000000,Implantação
4519,,,,42,,,,,4214102,Presidente Nereu,0,,20130501000000,Implantação,20130501000000,Implantação
4520,,,,42,,,,,4214151,Princesa,0,,20130501000000,Implantação,20130501000000,Implantação
4521,,,,42,,,,,4214201,Quilombo,0,,20130501000000,Implantação,20130501000000,Implantação
4522,,,,42,,,,,4214300,Rancho Queimado,0,,20130501000000,Implantação,20130501000000,Implantação
4523,,,,42,,,,,4214409,Rio das Antas,0,,20130501000000,Implantação,20130501000000,Implantação
4524,,,,42,,,,,4214508,Rio do Campo,0,,20130501000000,Implantação,20130501000000,Implantação
4525,,,,42,,,,,4214607,Rio do Oeste,0,,20130501000000,Implantação,20130501000000,Implantação
4526,,,,42,,,,,4214706,Rio dos Cedros,0,,20130501000000,Implantação,20130501000000,Implantação
4527,,,,42,,,,,4214805,Rio do Sul,0,,20130501000000,Implantação,20130501000000,Implantação
4528,,,,42,,,,,4214904,Rio Fortuna,0,,20130501000000,Implantação,20130501000000,Implantação
4529,,,,42,,,,,4215000,Rio Negrinho,0,,20130501000000,Implantação,20130501000000,Implantação
4530,,,,42,,,,,4215059,Rio Rufino,0,,20130501000000,Implantação,20130501000000,Implantação
4531,,,,42,,,,,4215075,Riqueza,0,,20130501000000,Implantação,20130501000000,Implantação
4532,,,,42,,,,,4215109,Rodeio,0,,20130501000000,Implantação,20130501000000,Implantação
4533,,,,42,,,,,4215208,Romelândia,0,,20130501000000,Implantação,20130501000000,Implantação
4534,,,,42,,,,,4215307,Salete,0,,20130501000000,Implantação,20130501000000,Implantação
4535,,,,42,,,,,4215356,Saltinho,0,,20130501000000,Implantação,20130501000000,Implantação
4536,,,,42,,,,,4215406,Salto Veloso,0,,20130501000000,Implantação,20130501000000,Implantação
4537,,,,42,,,,,4215455,Sangão,0,,20130501000000,Implantação,20130501000000,Implantação
4538,,,,42,,,,,4215505,Santa Cecília,0,,20130501000000,Implantação,20130501000000,Implantação
4539,,,,42,,,,,4215554,Santa Helena,0,,20130501000000,Implantação,20130501000000,Implantação
4540,,,,42,,,,,4215604,Santa Rosa de Lima,0,,20130501000000,Implantação,20130501000000,Implantação
4541,,,,42,,,,,4215653,Santa Rosa do Sul,0,,20130501000000,Implantação,20130501000000,Implantação
4542,,,,42,,,,,4215679,Santa Terezinha,0,,20130501000000,Implantação,20130501000000,Implantação
4543,,,,42,,,,,4215687,Santa Terezinha do Progresso,0,,20130501000000,Implantação,20130501000000,Implantação
4544,,,,42,,,,,4215695,Santiago do Sul,0,,20130501000000,Implantação,20130501000000,Implantação
4545,,,,42,,,,,4215703,Santo Amaro da Imperatriz,0,,20130501000000,Implantação,20130501000000,Implantação
4546,,,,42,,,,,4215752,São Bernardino,0,,20130501000000,Implantação,20130501000000,Implantação
4547,,,,42,,,,,4215802,São Bento do Sul,0,,20130501000000,Implantação,20130501000000,Implantação
4548,,,,42,,,,,4215901,São Bonifácio,0,,20130501000000,Implantação,20130501000000,Implantação
4549,,,,42,,,,,4216008,São Carlos,0,,20130501000000,Implantação,20130501000000,Implantação
4550,,,,42,,,,,4216057,São Cristovão do Sul,0,,20130501000000,Implantação,20130501000000,Implantação
4551,,,,42,,,,,4216107,São Domingos,0,,20130501000000,Implantação,20130501000000,Implantação
4552,,,,42,,,,,4216206,São Francisco do Sul,0,,20130501000000,Implantação,20130501000000,Implantação
4553,,,,42,,,,,4216255,São João do Oeste,0,,20130501000000,Implantação,20130501000000,Implantação
4554,,,,42,,,,,4216305,São João Batista,0,,20130501000000,Implantação,20130501000000,Implantação
4555,,,,42,,,,,4216354,São João do Itaperiú,0,,20130501000000,Implantação,20130501000000,Implantação
4556,,,,42,,,,,4216404,São João do Sul,0,,20130501000000,Implantação,20130501000000,Implantação
4557,,,,42,,,,,4216503,São Joaquim,0,,20130501000000,Implantação,20130501000000,Implantação
4558,,,,42,,,,,4216602,São José,0,,20130501000000,Implantação,20130501000000,Implantação
4559,,,,42,,,,,4216701,São José do Cedro,0,,20130501000000,Implantação,20130501000000,Implantação
4560,,,,42,,,,,4216800,São José do Cerrito,0,,20130501000000,Implantação,20130501000000,Implantação
4561,,,,42,,,,,4216909,São Lourenço do Oeste,0,,20130501000000,Implantação,20130501000000,Implantação
4562,,,,42,,,,,4217006,São Ludgero,0,,20130501000000,Implantação,20130501000000,Implantação
4563,,,,42,,,,,4217105,São Martinho,0,,20130501000000,Implantação,20130501000000,Implantação
4564,,,,42,,,,,4217154,São Miguel da Boa Vista,0,,20130501000000,Implantação,20130501000000,Implantação
4565,,,,42,,,,,4217204,São Miguel do Oeste,0,,20130501000000,Implantação,20130501000000,Implantação
4566,,,,42,,,,,4217253,São Pedro de Alcântara,0,,20130501000000,Implantação,20130501000000,Implantação
4567,,,,42,,,,,4217303,Saudades,0,,20130501000000,Implantação,20130501000000,Implantação
4568,,,,42,,,,,4217402,Schroeder,0,,20130501000000,Implantação,20130501000000,Implantação
4569,,,,42,,,,,4217501,Seara,0,,20130501000000,Implantação,20130501000000,Implantação
4570,,,,42,,,,,4217550,Serra Alta,0,,20130501000000,Implantação,20130501000000,Implantação
4571,,,,42,,,,,4217600,Siderópolis,0,,20130501000000,Implantação,20130501000000,Implantação
4572,,,,42,,,,,4217709,Sombrio,0,,20130501000000,Implantação,20130501000000,Implantação
4573,,,,42,,,,,4217758,Sul Brasil,0,,20130501000000,Implantação,20130501000000,Implantação
4574,,,,42,,,,,4217808,Taió,0,,20130501000000,Implantação,20130501000000,Implantação
4575,,,,42,,,,,4217907,Tangará,0,,20130501000000,Implantação,20130501000000,Implantação
4576,,,,42,,,,,4217956,Tigrinhos,0,,20130501000000,Implantação,20130501000000,Implantação
4577,,,,42,,,,,4218004,Tijucas,0,,20130501000000,Implantação,20130501000000,Implantação
4578,,,,42,,,,,4218103,Timbé do Sul,0,,20130501000000,Implantação,20130501000000,Implantação
4579,,,,42,,,,,4218202,Timbó,0,,20130501000000,Implantação,20130501000000,Implantação
4580,,,,42,,,,,4218251,Timbó Grande,0,,20130501000000,Implantação,20130501000000,Implantação
4581,,,,42,,,,,4218301,Três Barras,0,,20130501000000,Implantação,20130501000000,Implantação
4582,,,,42,,,,,4218350,Treviso,0,,20130501000000,Implantação,20130501000000,Implantação
4583,,,,42,,,,,4218400,Treze de Maio,0,,20130501000000,Implantação,20130501000000,Implantação
4584,,,,42,,,,,4218509,Treze Tílias,0,,20130501000000,Implantação,20130501000000,Implantação
4585,,,,42,,,,,4218608,Trombudo Central,0,,20130501000000,Implantação,20130501000000,Implantação
4586,,,,42,,,,,4218707,Tubarão,0,,20130501000000,Implantação,20130501000000,Implantação
4587,,,,42,,,,,4218756,Tunápolis,0,,20130501000000,Implantação,20130501000000,Implantação
4588,,,,42,,,,,4218806,Turvo,0,,20130501000000,Implantação,20130501000000,Implantação
4589,,,,42,,,,,4218855,União do Oeste,0,,20130501000000,Implantação,20130501000000,Implantação
4590,,,,42,,,,,4218905,Urubici,0,,20130501000000,Implantação,20130501000000,Implantação
4591,,,,42,,,,,4218954,Urupema,0,,20130501000000,Implantação,20130501000000,Implantação
4592,,,,42,,,,,4219002,Urussanga,0,,20130501000000,Implantação,20130501000000,Implantação
4593,,,,42,,,,,4219101,Vargeão,0,,20130501000000,Implantação,20130501000000,Implantação
4594,,,,42,,,,,4219150,Vargem,0,,20130501000000,Implantação,20130501000000,Implantação
4595,,,,42,,,,,4219176,Vargem Bonita,0,,20130501000000,Implantação,20130501000000,Implantação
4596,,,,42,,,,,4219200,Vidal Ramos,0,,20130501000000,Implantação,20130501000000,Implantação
4597,,,,42,,,,,4219309,Videira,0,,20130501000000,Implantação,20130501000000,Implantação
4598,,,,42,,,,,4219358,Vitor Meireles,0,,20130501000000,Implantação,20130501000000,Implantação
4599,,,,42,,,,,4219408,Witmarsum,0,,20130501000000,Implantação,20130501000000,Implantação
4600,,,,42,,,,,4219507,Xanxerê,0,,20130501000000,Implantação,20130501000000,Implantação
4601,,,,42,,,,,4219606,Xavantina,0,,20130501000000,Implantação,20130501000000,Implantação
4602,,,,42,,,,,4219705,Xaxim,0,,20130501000000,Implantação,20130501000000,Implantação
4603,,,,42,,,,,4219853,Zortéa,0,,20130501000000,Implantação,20130501000000,Implantação
4604,,,,43,,,,,4300034,Aceguá,0,,20130501000000,Implantação,20130501000000,Implantação
4605,,,,43,,,,,4300059,Água Santa,0,,20130501000000,Implantação,20130501000000,Implantação
4606,,,,43,,,,,4300109,Agudo,0,,20130501000000,Implantação,20130501000000,Implantação
4607,,,,43,,,,,4300208,Ajuricaba,0,,20130501000000,Implantação,20130501000000,Implantação
4608,,,,43,,,,,4300307,Alecrim,0,,20130501000000,Implantação,20130501000000,Implantação
4609,,,,43,,,,,4300406,Alegrete,0,,20130501000000,Implantação,20130501000000,Implantação
4610,,,,43,,,,,4300455,Alegria,0,,20130501000000,Implantação,20130501000000,Implantação
4611,,,,43,,,,,4300471,Almirante Tamandaré do Sul,0,,20130501000000,Implantação,20130501000000,Implantação
4612,,,,43,,,,,4300505,Alpestre,0,,20130501000000,Implantação,20130501000000,Implantação
4613,,,,43,,,,,4300554,Alto Alegre,0,,20130501000000,Implantação,20130501000000,Implantação
4614,,,,43,,,,,4300570,Alto Feliz,0,,20130501000000,Implantação,20130501000000,Implantação
4615,,,,43,,,,,4300604,Alvorada,0,,20130501000000,Implantação,20130501000000,Implantação
4616,,,,43,,,,,4300638,Amaral Ferrador,0,,20130501000000,Implantação,20130501000000,Implantação
4617,,,,43,,,,,4300646,Ametista do Sul,0,,20130501000000,Implantação,20130501000000,Implantação
4618,,,,43,,,,,4300661,André da Rocha,0,,20130501000000,Implantação,20130501000000,Implantação
4619,,,,43,,,,,4300703,Anta Gorda,0,,20130501000000,Implantação,20130501000000,Implantação
4620,,,,43,,,,,4300802,Antônio Prado,0,,20130501000000,Implantação,20130501000000,Implantação
4621,,,,43,,,,,4300851,Arambaré,0,,20130501000000,Implantação,20130501000000,Implantação
4622,,,,43,,,,,4300877,Araricá,0,,20130501000000,Implantação,20130501000000,Implantação
4623,,,,43,,,,,4300901,Aratiba,0,,20130501000000,Implantação,20130501000000,Implantação
4624,,,,43,,,,,4301008,Arroio do Meio,0,,20130501000000,Implantação,20130501000000,Implantação
4625,,,,43,,,,,4301057,Arroio do Sal,0,,20130501000000,Implantação,20130501000000,Implantação
4626,,,,43,,,,,4301073,Arroio do Padre,0,,20130501000000,Implantação,20130501000000,Implantação
4627,,,,43,,,,,4301107,Arroio dos Ratos,0,,20130501000000,Implantação,20130501000000,Implantação
4628,,,,43,,,,,4301206,Arroio do Tigre,0,,20130501000000,Implantação,20130501000000,Implantação
4629,,,,43,,,,,4301305,Arroio Grande,0,,20130501000000,Implantação,20130501000000,Implantação
4630,,,,43,,,,,4301404,Arvorezinha,0,,20130501000000,Implantação,20130501000000,Implantação
4631,,,,43,,,,,4301503,Augusto Pestana,0,,20130501000000,Implantação,20130501000000,Implantação
4632,,,,43,,,,,4301552,Áurea,0,,20130501000000,Implantação,20130501000000,Implantação
4633,,,,43,,,,,4301602,Bagé,0,,20130501000000,Implantação,20130501000000,Implantação
4634,,,,43,,,,,4301636,Balneário Pinhal,0,,20130501000000,Implantação,20130501000000,Implantação
4635,,,,43,,,,,4301651,Barão,0,,20130501000000,Implantação,20130501000000,Implantação
4636,,,,43,,,,,4301701,Barão de Cotegipe,0,,20130501000000,Implantação,20130501000000,Implantação
4637,,,,43,,,,,4301750,Barão do Triunfo,0,,20130501000000,Implantação,20130501000000,Implantação
4638,,,,43,,,,,4301800,Barracão,0,,20130501000000,Implantação,20130501000000,Implantação
4639,,,,43,,,,,4301859,Barra do Guarita,0,,20130501000000,Implantação,20130501000000,Implantação
4640,,,,43,,,,,4301875,Barra do Quaraí,0,,20130501000000,Implantação,20130501000000,Implantação
4641,,,,43,,,,,4301909,Barra do Ribeiro,0,,20130501000000,Implantação,20130501000000,Implantação
4642,,,,43,,,,,4301925,Barra do Rio Azul,0,,20130501000000,Implantação,20130501000000,Implantação
4643,,,,43,,,,,4301958,Barra Funda,0,,20130501000000,Implantação,20130501000000,Implantação
4644,,,,43,,,,,4302006,Barros Cassal,0,,20130501000000,Implantação,20130501000000,Implantação
4645,,,,43,,,,,4302055,Benjamin Constant do Sul,0,,20130501000000,Implantação,20130501000000,Implantação
4646,,,,43,,,,,4302105,Bento Gonçalves,0,,20130501000000,Implantação,20130501000000,Implantação
4647,,,,43,,,,,4302154,Boa Vista das Missões,0,,20130501000000,Implantação,20130501000000,Implantação
4648,,,,43,,,,,4302204,Boa Vista do Buricá,0,,20130501000000,Implantação,20130501000000,Implantação
4649,,,,43,,,,,4302220,Boa Vista do Cadeado,0,,20130501000000,Implantação,20130501000000,Implantação
4650,,,,43,,,,,4302238,Boa Vista do Incra,0,,20130501000000,Implantação,20130501000000,Implantação
4651,,,,43,,,,,4302253,Boa Vista do Sul,0,,20130501000000,Implantação,20130501000000,Implantação
4652,,,,43,,,,,4302303,Bom Jesus,0,,20130501000000,Implantação,20130501000000,Implantação
4653,,,,43,,,,,4302352,Bom Princípio,0,,20130501000000,Implantação,20130501000000,Implantação
4654,,,,43,,,,,4302378,Bom Progresso,0,,20130501000000,Implantação,20130501000000,Implantação
4655,,,,43,,,,,4302402,Bom Retiro do Sul,0,,20130501000000,Implantação,20130501000000,Implantação
4656,,,,43,,,,,4302451,Boqueirão do Leão,0,,20130501000000,Implantação,20130501000000,Implantação
4657,,,,43,,,,,4302501,Bossoroca,0,,20130501000000,Implantação,20130501000000,Implantação
4658,,,,43,,,,,4302584,Bozano,0,,20130501000000,Implantação,20130501000000,Implantação
4659,,,,43,,,,,4302600,Braga,0,,20130501000000,Implantação,20130501000000,Implantação
4660,,,,43,,,,,4302659,Brochier,0,,20130501000000,Implantação,20130501000000,Implantação
4661,,,,43,,,,,4302709,Butiá,0,,20130501000000,Implantação,20130501000000,Implantação
4662,,,,43,,,,,4302808,Caçapava do Sul,0,,20130501000000,Implantação,20130501000000,Implantação
4663,,,,43,,,,,4302907,Cacequi,0,,20130501000000,Implantação,20130501000000,Implantação
4664,,,,43,,,,,4303004,Cachoeira do Sul,0,,20130501000000,Implantação,20130501000000,Implantação
4665,,,,43,,,,,4303103,Cachoeirinha,0,,20130501000000,Implantação,20130501000000,Implantação
4666,,,,43,,,,,4303202,Cacique Doble,0,,20130501000000,Implantação,20130501000000,Implantação
4667,,,,43,,,,,4303301,Caibaté,0,,20130501000000,Implantação,20130501000000,Implantação
4668,,,,43,,,,,4303400,Caiçara,0,,20130501000000,Implantação,20130501000000,Implantação
4669,,,,43,,,,,4303509,Camaquã,0,,20130501000000,Implantação,20130501000000,Implantação
4670,,,,43,,,,,4303558,Camargo,0,,20130501000000,Implantação,20130501000000,Implantação
4671,,,,43,,,,,4303608,Cambará do Sul,0,,20130501000000,Implantação,20130501000000,Implantação
4672,,,,43,,,,,4303673,Campestre da Serra,0,,20130501000000,Implantação,20130501000000,Implantação
4673,,,,43,,,,,4303707,Campina das Missões,0,,20130501000000,Implantação,20130501000000,Implantação
4674,,,,43,,,,,4303806,Campinas do Sul,0,,20130501000000,Implantação,20130501000000,Implantação
4675,,,,43,,,,,4303905,Campo Bom,0,,20130501000000,Implantação,20130501000000,Implantação
4676,,,,43,,,,,4304002,Campo Novo,0,,20130501000000,Implantação,20130501000000,Implantação
4677,,,,43,,,,,4304101,Campos Borges,0,,20130501000000,Implantação,20130501000000,Implantação
4678,,,,43,,,,,4304200,Candelária,0,,20130501000000,Implantação,20130501000000,Implantação
4679,,,,43,,,,,4304309,Cândido Godói,0,,20130501000000,Implantação,20130501000000,Implantação
4680,,,,43,,,,,4304358,Candiota,0,,20130501000000,Implantação,20130501000000,Implantação
4681,,,,43,,,,,4304408,Canela,0,,20130501000000,Implantação,20130501000000,Implantação
4682,,,,43,,,,,4304507,Canguçu,0,,20130501000000,Implantação,20130501000000,Implantação
4683,,,,43,,,,,4304606,Canoas,0,,20130501000000,Implantação,20130501000000,Implantação
4684,,,,43,,,,,4304614,Canudos do Vale,0,,20130501000000,Implantação,20130501000000,Implantação
4685,,,,43,,,,,4304622,Capão Bonito do Sul,0,,20130501000000,Implantação,20130501000000,Implantação
4686,,,,43,,,,,4304630,Capão da Canoa,0,,20130501000000,Implantação,20130501000000,Implantação
4687,,,,43,,,,,4304655,Capão do Cipó,0,,20130501000000,Implantação,20130501000000,Implantação
4688,,,,43,,,,,4304663,Capão do Leão,0,,20130501000000,Implantação,20130501000000,Implantação
4689,,,,43,,,,,4304671,Capivari do Sul,0,,20130501000000,Implantação,20130501000000,Implantação
4690,,,,43,,,,,4304689,Capela de Santana,0,,20130501000000,Implantação,20130501000000,Implantação
4691,,,,43,,,,,4304697,Capitão,0,,20130501000000,Implantação,20130501000000,Implantação
4692,,,,43,,,,,4304705,Carazinho,0,,20130501000000,Implantação,20130501000000,Implantação
4693,,,,43,,,,,4304713,Caraá,0,,20130501000000,Implantação,20130501000000,Implantação
4694,,,,43,,,,,4304804,Carlos Barbosa,0,,20130501000000,Implantação,20130501000000,Implantação
4695,,,,43,,,,,4304853,Carlos Gomes,0,,20130501000000,Implantação,20130501000000,Implantação
4696,,,,43,,,,,4304903,Casca,0,,20130501000000,Implantação,20130501000000,Implantação
4697,,,,43,,,,,4304952,Caseiros,0,,20130501000000,Implantação,20130501000000,Implantação
4698,,,,43,,,,,4305009,Catuípe,0,,20130501000000,Implantação,20130501000000,Implantação
4699,,,,43,,,,,4305108,Caxias do Sul,0,,20130501000000,Implantação,20130501000000,Implantação
4700,,,,43,,,,,4305116,Centenário,0,,20130501000000,Implantação,20130501000000,Implantação
4701,,,,43,,,,,4305124,Cerrito,0,,20130501000000,Implantação,20130501000000,Implantação
4702,,,,43,,,,,4305132,Cerro Branco,0,,20130501000000,Implantação,20130501000000,Implantação
4703,,,,43,,,,,4305157,Cerro Grande,0,,20130501000000,Implantação,20130501000000,Implantação
4704,,,,43,,,,,4305173,Cerro Grande do Sul,0,,20130501000000,Implantação,20130501000000,Implantação
4705,,,,43,,,,,4305207,Cerro Largo,0,,20130501000000,Implantação,20130501000000,Implantação
4706,,,,43,,,,,4305306,Chapada,0,,20130501000000,Implantação,20130501000000,Implantação
4707,,,,43,,,,,4305355,Charqueadas,0,,20130501000000,Implantação,20130501000000,Implantação
4708,,,,43,,,,,4305371,Charrua,0,,20130501000000,Implantação,20130501000000,Implantação
4709,,,,43,,,,,4305405,Chiapetta,0,,20130501000000,Implantação,20130501000000,Implantação
4710,,,,43,,,,,4305439,Chuí,0,,20130501000000,Implantação,20130501000000,Implantação
4711,,,,43,,,,,4305447,Chuvisca,0,,20130501000000,Implantação,20130501000000,Implantação
4712,,,,43,,,,,4305454,Cidreira,0,,20130501000000,Implantação,20130501000000,Implantação
4713,,,,43,,,,,4305504,Ciríaco,0,,20130501000000,Implantação,20130501000000,Implantação
4714,,,,43,,,,,4305587,Colinas,0,,20130501000000,Implantação,20130501000000,Implantação
4715,,,,43,,,,,4305603,Colorado,0,,20130501000000,Implantação,20130501000000,Implantação
4716,,,,43,,,,,4305702,Condor,0,,20130501000000,Implantação,20130501000000,Implantação
4717,,,,43,,,,,4305801,Constantina,0,,20130501000000,Implantação,20130501000000,Implantação
4718,,,,43,,,,,4305835,Coqueiro Baixo,0,,20130501000000,Implantação,20130501000000,Implantação
4719,,,,43,,,,,4305850,Coqueiros do Sul,0,,20130501000000,Implantação,20130501000000,Implantação
4720,,,,43,,,,,4305871,Coronel Barros,0,,20130501000000,Implantação,20130501000000,Implantação
4721,,,,43,,,,,4305900,Coronel Bicaco,0,,20130501000000,Implantação,20130501000000,Implantação
4722,,,,43,,,,,4305934,Coronel Pilar,0,,20130501000000,Implantação,20130501000000,Implantação
4723,,,,43,,,,,4305959,Cotiporã,0,,20130501000000,Implantação,20130501000000,Implantação
4724,,,,43,,,,,4305975,Coxilha,0,,20130501000000,Implantação,20130501000000,Implantação
4725,,,,43,,,,,4306007,Crissiumal,0,,20130501000000,Implantação,20130501000000,Implantação
4726,,,,43,,,,,4306056,Cristal,0,,20130501000000,Implantação,20130501000000,Implantação
4727,,,,43,,,,,4306072,Cristal do Sul,0,,20130501000000,Implantação,20130501000000,Implantação
4728,,,,43,,,,,4306106,Cruz Alta,0,,20130501000000,Implantação,20130501000000,Implantação
4729,,,,43,,,,,4306130,Cruzaltense,0,,20130501000000,Implantação,20130501000000,Implantação
4730,,,,43,,,,,4306205,Cruzeiro do Sul,0,,20130501000000,Implantação,20130501000000,Implantação
4731,,,,43,,,,,4306304,David Canabarro,0,,20130501000000,Implantação,20130501000000,Implantação
4732,,,,43,,,,,4306320,Derrubadas,0,,20130501000000,Implantação,20130501000000,Implantação
4733,,,,43,,,,,4306353,Dezesseis de Novembro,0,,20130501000000,Implantação,20130501000000,Implantação
4734,,,,43,,,,,4306379,Dilermando de Aguiar,0,,20130501000000,Implantação,20130501000000,Implantação
4735,,,,43,,,,,4306403,Dois Irmãos,0,,20130501000000,Implantação,20130501000000,Implantação
4736,,,,43,,,,,4306429,Dois Irmãos das Missões,0,,20130501000000,Implantação,20130501000000,Implantação
4737,,,,43,,,,,4306452,Dois Lajeados,0,,20130501000000,Implantação,20130501000000,Implantação
4738,,,,43,,,,,4306502,Dom Feliciano,0,,20130501000000,Implantação,20130501000000,Implantação
4739,,,,43,,,,,4306551,Dom Pedro de Alcântara,0,,20130501000000,Implantação,20130501000000,Implantação
4740,,,,43,,,,,4306601,Dom Pedrito,0,,20130501000000,Implantação,20130501000000,Implantação
4741,,,,43,,,,,4306700,Dona Francisca,0,,20130501000000,Implantação,20130501000000,Implantação
4742,,,,43,,,,,4306734,Doutor Maurício Cardoso,0,,20130501000000,Implantação,20130501000000,Implantação
4743,,,,43,,,,,4306759,Doutor Ricardo,0,,20130501000000,Implantação,20130501000000,Implantação
4744,,,,43,,,,,4306767,Eldorado do Sul,0,,20130501000000,Implantação,20130501000000,Implantação
4745,,,,43,,,,,4306809,Encantado,0,,20130501000000,Implantação,20130501000000,Implantação
4746,,,,43,,,,,4306908,Encruzilhada do Sul,0,,20130501000000,Implantação,20130501000000,Implantação
4747,,,,43,,,,,4306924,Engenho Velho,0,,20130501000000,Implantação,20130501000000,Implantação
4748,,,,43,,,,,4306932,Entre-Ijuís,0,,20130501000000,Implantação,20130501000000,Implantação
4749,,,,43,,,,,4306957,Entre Rios do Sul,0,,20130501000000,Implantação,20130501000000,Implantação
4750,,,,43,,,,,4306973,Erebango,0,,20130501000000,Implantação,20130501000000,Implantação
4751,,,,43,,,,,4307005,Erechim,0,,20130501000000,Implantação,20130501000000,Implantação
4752,,,,43,,,,,4307054,Ernestina,0,,20130501000000,Implantação,20130501000000,Implantação
4753,,,,43,,,,,4307104,Herval,0,,20130501000000,Implantação,20130501000000,Implantação
4754,,,,43,,,,,4307203,Erval Grande,0,,20130501000000,Implantação,20130501000000,Implantação
4755,,,,43,,,,,4307302,Erval Seco,0,,20130501000000,Implantação,20130501000000,Implantação
4756,,,,43,,,,,4307401,Esmeralda,0,,20130501000000,Implantação,20130501000000,Implantação
4757,,,,43,,,,,4307450,Esperança do Sul,0,,20130501000000,Implantação,20130501000000,Implantação
4758,,,,43,,,,,4307500,Espumoso,0,,20130501000000,Implantação,20130501000000,Implantação
4759,,,,43,,,,,4307559,Estação,0,,20130501000000,Implantação,20130501000000,Implantação
4760,,,,43,,,,,4307609,Estância Velha,0,,20130501000000,Implantação,20130501000000,Implantação
4761,,,,43,,,,,4307708,Esteio,0,,20130501000000,Implantação,20130501000000,Implantação
4762,,,,43,,,,,4307807,Estrela,0,,20130501000000,Implantação,20130501000000,Implantação
4763,,,,43,,,,,4307815,Estrela Velha,0,,20130501000000,Implantação,20130501000000,Implantação
4764,,,,43,,,,,4307831,Eugênio de Castro,0,,20130501000000,Implantação,20130501000000,Implantação
4765,,,,43,,,,,4307864,Fagundes Varela,0,,20130501000000,Implantação,20130501000000,Implantação
4766,,,,43,,,,,4307906,Farroupilha,0,,20130501000000,Implantação,20130501000000,Implantação
4767,,,,43,,,,,4308003,Faxinal do Soturno,0,,20130501000000,Implantação,20130501000000,Implantação
4768,,,,43,,,,,4308052,Faxinalzinho,0,,20130501000000,Implantação,20130501000000,Implantação
4769,,,,43,,,,,4308078,Fazenda Vilanova,0,,20130501000000,Implantação,20130501000000,Implantação
4770,,,,43,,,,,4308102,Feliz,0,,20130501000000,Implantação,20130501000000,Implantação
4771,,,,43,,,,,4308201,Flores da Cunha,0,,20130501000000,Implantação,20130501000000,Implantação
4772,,,,43,,,,,4308250,Floriano Peixoto,0,,20130501000000,Implantação,20130501000000,Implantação
4773,,,,43,,,,,4308300,Fontoura Xavier,0,,20130501000000,Implantação,20130501000000,Implantação
4774,,,,43,,,,,4308409,Formigueiro,0,,20130501000000,Implantação,20130501000000,Implantação
4775,,,,43,,,,,4308433,Forquetinha,0,,20130501000000,Implantação,20130501000000,Implantação
4776,,,,43,,,,,4308458,Fortaleza dos Valos,0,,20130501000000,Implantação,20130501000000,Implantação
4777,,,,43,,,,,4308508,Frederico Westphalen,0,,20130501000000,Implantação,20130501000000,Implantação
4778,,,,43,,,,,4308607,Garibaldi,0,,20130501000000,Implantação,20130501000000,Implantação
4779,,,,43,,,,,4308656,Garruchos,0,,20130501000000,Implantação,20130501000000,Implantação
4780,,,,43,,,,,4308706,Gaurama,0,,20130501000000,Implantação,20130501000000,Implantação
4781,,,,43,,,,,4308805,General Câmara,0,,20130501000000,Implantação,20130501000000,Implantação
4782,,,,43,,,,,4308854,Gentil,0,,20130501000000,Implantação,20130501000000,Implantação
4783,,,,43,,,,,4308904,Getúlio Vargas,0,,20130501000000,Implantação,20130501000000,Implantação
4784,,,,43,,,,,4309001,Giruá,0,,20130501000000,Implantação,20130501000000,Implantação
4785,,,,43,,,,,4309050,Glorinha,0,,20130501000000,Implantação,20130501000000,Implantação
4786,,,,43,,,,,4309100,Gramado,0,,20130501000000,Implantação,20130501000000,Implantação
4787,,,,43,,,,,4309126,Gramado dos Loureiros,0,,20130501000000,Implantação,20130501000000,Implantação
4788,,,,43,,,,,4309159,Gramado Xavier,0,,20130501000000,Implantação,20130501000000,Implantação
4789,,,,43,,,,,4309209,Gravataí,0,,20130501000000,Implantação,20130501000000,Implantação
4790,,,,43,,,,,4309258,Guabiju,0,,20130501000000,Implantação,20130501000000,Implantação
4791,,,,43,,,,,4309308,Guaíba,0,,20130501000000,Implantação,20130501000000,Implantação
4792,,,,43,,,,,4309407,Guaporé,0,,20130501000000,Implantação,20130501000000,Implantação
4793,,,,43,,,,,4309506,Guarani das Missões,0,,20130501000000,Implantação,20130501000000,Implantação
4794,,,,43,,,,,4309555,Harmonia,0,,20130501000000,Implantação,20130501000000,Implantação
4795,,,,43,,,,,4309571,Herveiras,0,,20130501000000,Implantação,20130501000000,Implantação
4796,,,,43,,,,,4309605,Horizontina,0,,20130501000000,Implantação,20130501000000,Implantação
4797,,,,43,,,,,4309654,Hulha Negra,0,,20130501000000,Implantação,20130501000000,Implantação
4798,,,,43,,,,,4309704,Humaitá,0,,20130501000000,Implantação,20130501000000,Implantação
4799,,,,43,,,,,4309753,Ibarama,0,,20130501000000,Implantação,20130501000000,Implantação
4800,,,,43,,,,,4309803,Ibiaçá,0,,20130501000000,Implantação,20130501000000,Implantação
4801,,,,43,,,,,4309902,Ibiraiaras,0,,20130501000000,Implantação,20130501000000,Implantação
4802,,,,43,,,,,4309951,Ibirapuitã,0,,20130501000000,Implantação,20130501000000,Implantação
4803,,,,43,,,,,4310009,Ibirubá,0,,20130501000000,Implantação,20130501000000,Implantação
4804,,,,43,,,,,4310108,Igrejinha,0,,20130501000000,Implantação,20130501000000,Implantação
4805,,,,43,,,,,4310207,Ijuí,0,,20130501000000,Implantação,20130501000000,Implantação
4806,,,,43,,,,,4310306,Ilópolis,0,,20130501000000,Implantação,20130501000000,Implantação
4807,,,,43,,,,,4310330,Imbé,0,,20130501000000,Implantação,20130501000000,Implantação
4808,,,,43,,,,,4310363,Imigrante,0,,20130501000000,Implantação,20130501000000,Implantação
4809,,,,43,,,,,4310405,Independência,0,,20130501000000,Implantação,20130501000000,Implantação
4810,,,,43,,,,,4310413,Inhacorá,0,,20130501000000,Implantação,20130501000000,Implantação
4811,,,,43,,,,,4310439,Ipê,0,,20130501000000,Implantação,20130501000000,Implantação
4812,,,,43,,,,,4310462,Ipiranga do Sul,0,,20130501000000,Implantação,20130501000000,Implantação
4813,,,,43,,,,,4310504,Iraí,0,,20130501000000,Implantação,20130501000000,Implantação
4814,,,,43,,,,,4310538,Itaara,0,,20130501000000,Implantação,20130501000000,Implantação
4815,,,,43,,,,,4310553,Itacurubi,0,,20130501000000,Implantação,20130501000000,Implantação
4816,,,,43,,,,,4310579,Itapuca,0,,20130501000000,Implantação,20130501000000,Implantação
4817,,,,43,,,,,4310603,Itaqui,0,,20130501000000,Implantação,20130501000000,Implantação
4818,,,,43,,,,,4310652,Itati,0,,20130501000000,Implantação,20130501000000,Implantação
4819,,,,43,,,,,4310702,Itatiba do Sul,0,,20130501000000,Implantação,20130501000000,Implantação
4820,,,,43,,,,,4310751,Ivorá,0,,20130501000000,Implantação,20130501000000,Implantação
4821,,,,43,,,,,4310801,Ivoti,0,,20130501000000,Implantação,20130501000000,Implantação
4822,,,,43,,,,,4310850,Jaboticaba,0,,20130501000000,Implantação,20130501000000,Implantação
4823,,,,43,,,,,4310876,Jacuizinho,0,,20130501000000,Implantação,20130501000000,Implantação
4824,,,,43,,,,,4310900,Jacutinga,0,,20130501000000,Implantação,20130501000000,Implantação
4825,,,,43,,,,,4311007,Jaguarão,0,,20130501000000,Implantação,20130501000000,Implantação
4826,,,,43,,,,,4311106,Jaguari,0,,20130501000000,Implantação,20130501000000,Implantação
4827,,,,43,,,,,4311122,Jaquirana,0,,20130501000000,Implantação,20130501000000,Implantação
4828,,,,43,,,,,4311130,Jari,0,,20130501000000,Implantação,20130501000000,Implantação
4829,,,,43,,,,,4311155,Jóia,0,,20130501000000,Implantação,20130501000000,Implantação
4830,,,,43,,,,,4311205,Júlio de Castilhos,0,,20130501000000,Implantação,20130501000000,Implantação
4831,,,,43,,,,,4311239,Lagoa Bonita do Sul,0,,20130501000000,Implantação,20130501000000,Implantação
4832,,,,43,,,,,4311254,Lagoão,0,,20130501000000,Implantação,20130501000000,Implantação
4833,,,,43,,,,,4311270,Lagoa dos Três Cantos,0,,20130501000000,Implantação,20130501000000,Implantação
4834,,,,43,,,,,4311304,Lagoa Vermelha,0,,20130501000000,Implantação,20130501000000,Implantação
4835,,,,43,,,,,4311403,Lajeado,0,,20130501000000,Implantação,20130501000000,Implantação
4836,,,,43,,,,,4311429,Lajeado do Bugre,0,,20130501000000,Implantação,20130501000000,Implantação
4837,,,,43,,,,,4311502,Lavras do Sul,0,,20130501000000,Implantação,20130501000000,Implantação
4838,,,,43,,,,,4311601,Liberato Salzano,0,,20130501000000,Implantação,20130501000000,Implantação
4839,,,,43,,,,,4311627,Lindolfo Collor,0,,20130501000000,Implantação,20130501000000,Implantação
4840,,,,43,,,,,4311643,Linha Nova,0,,20130501000000,Implantação,20130501000000,Implantação
4841,,,,43,,,,,4311700,Machadinho,0,,20130501000000,Implantação,20130501000000,Implantação
4842,,,,43,,,,,4311718,Maçambará,0,,20130501000000,Implantação,20130501000000,Implantação
4843,,,,43,,,,,4311734,Mampituba,0,,20130501000000,Implantação,20130501000000,Implantação
4844,,,,43,,,,,4311759,Manoel Viana,0,,20130501000000,Implantação,20130501000000,Implantação
4845,,,,43,,,,,4311775,Maquiné,0,,20130501000000,Implantação,20130501000000,Implantação
4846,,,,43,,,,,4311791,Maratá,0,,20130501000000,Implantação,20130501000000,Implantação
4847,,,,43,,,,,4311809,Marau,0,,20130501000000,Implantação,20130501000000,Implantação
4848,,,,43,,,,,4311908,Marcelino Ramos,0,,20130501000000,Implantação,20130501000000,Implantação
4849,,,,43,,,,,4311981,Mariana Pimentel,0,,20130501000000,Implantação,20130501000000,Implantação
4850,,,,43,,,,,4312005,Mariano Moro,0,,20130501000000,Implantação,20130501000000,Implantação
4851,,,,43,,,,,4312054,Marques de Souza,0,,20130501000000,Implantação,20130501000000,Implantação
4852,,,,43,,,,,4312104,Mata,0,,20130501000000,Implantação,20130501000000,Implantação
4853,,,,43,,,,,4312138,Mato Castelhano,0,,20130501000000,Implantação,20130501000000,Implantação
4854,,,,43,,,,,4312153,Mato Leitão,0,,20130501000000,Implantação,20130501000000,Implantação
4855,,,,43,,,,,4312179,Mato Queimado,0,,20130501000000,Implantação,20130501000000,Implantação
4856,,,,43,,,,,4312203,Maximiliano de Almeida,0,,20130501000000,Implantação,20130501000000,Implantação
4857,,,,43,,,,,4312252,Minas do Leão,0,,20130501000000,Implantação,20130501000000,Implantação
4858,,,,43,,,,,4312302,Miraguaí,0,,20130501000000,Implantação,20130501000000,Implantação
4859,,,,43,,,,,4312351,Montauri,0,,20130501000000,Implantação,20130501000000,Implantação
4860,,,,43,,,,,4312377,Monte Alegre dos Campos,0,,20130501000000,Implantação,20130501000000,Implantação
4861,,,,43,,,,,4312385,Monte Belo do Sul,0,,20130501000000,Implantação,20130501000000,Implantação
4862,,,,43,,,,,4312401,Montenegro,0,,20130501000000,Implantação,20130501000000,Implantação
4863,,,,43,,,,,4312427,Mormaço,0,,20130501000000,Implantação,20130501000000,Implantação
4864,,,,43,,,,,4312443,Morrinhos do Sul,0,,20130501000000,Implantação,20130501000000,Implantação
4865,,,,43,,,,,4312450,Morro Redondo,0,,20130501000000,Implantação,20130501000000,Implantação
4866,,,,43,,,,,4312476,Morro Reuter,0,,20130501000000,Implantação,20130501000000,Implantação
4867,,,,43,,,,,4312500,Mostardas,0,,20130501000000,Implantação,20130501000000,Implantação
4868,,,,43,,,,,4312609,Muçum,0,,20130501000000,Implantação,20130501000000,Implantação
4869,,,,43,,,,,4312617,Muitos Capões,0,,20130501000000,Implantação,20130501000000,Implantação
4870,,,,43,,,,,4312625,Muliterno,0,,20130501000000,Implantação,20130501000000,Implantação
4871,,,,43,,,,,4312658,Não-Me-Toque,0,,20130501000000,Implantação,20130501000000,Implantação
4872,,,,43,,,,,4312674,Nicolau Vergueiro,0,,20130501000000,Implantação,20130501000000,Implantação
4873,,,,43,,,,,4312708,Nonoai,0,,20130501000000,Implantação,20130501000000,Implantação
4874,,,,43,,,,,4312757,Nova Alvorada,0,,20130501000000,Implantação,20130501000000,Implantação
4875,,,,43,,,,,4312807,Nova Araçá,0,,20130501000000,Implantação,20130501000000,Implantação
4876,,,,43,,,,,4312906,Nova Bassano,0,,20130501000000,Implantação,20130501000000,Implantação
4877,,,,43,,,,,4312955,Nova Boa Vista,0,,20130501000000,Implantação,20130501000000,Implantação
4878,,,,43,,,,,4313003,Nova Bréscia,0,,20130501000000,Implantação,20130501000000,Implantação
4879,,,,43,,,,,4313011,Nova Candelária,0,,20130501000000,Implantação,20130501000000,Implantação
4880,,,,43,,,,,4313037,Nova Esperança do Sul,0,,20130501000000,Implantação,20130501000000,Implantação
4881,,,,43,,,,,4313060,Nova Hartz,0,,20130501000000,Implantação,20130501000000,Implantação
4882,,,,43,,,,,4313086,Nova Pádua,0,,20130501000000,Implantação,20130501000000,Implantação
4883,,,,43,,,,,4313102,Nova Palma,0,,20130501000000,Implantação,20130501000000,Implantação
4884,,,,43,,,,,4313201,Nova Petrópolis,0,,20130501000000,Implantação,20130501000000,Implantação
4885,,,,43,,,,,4313300,Nova Prata,0,,20130501000000,Implantação,20130501000000,Implantação
4886,,,,43,,,,,4313334,Nova Ramada,0,,20130501000000,Implantação,20130501000000,Implantação
4887,,,,43,,,,,4313359,Nova Roma do Sul,0,,20130501000000,Implantação,20130501000000,Implantação
4888,,,,43,,,,,4313375,Nova Santa Rita,0,,20130501000000,Implantação,20130501000000,Implantação
4889,,,,43,,,,,4313391,Novo Cabrais,0,,20130501000000,Implantação,20130501000000,Implantação
4890,,,,43,,,,,4313409,Novo Hamburgo,0,,20130501000000,Implantação,20130501000000,Implantação
4891,,,,43,,,,,4313425,Novo Machado,0,,20130501000000,Implantação,20130501000000,Implantação
4892,,,,43,,,,,4313441,Novo Tiradentes,0,,20130501000000,Implantação,20130501000000,Implantação
4893,,,,43,,,,,4313466,Novo Xingu,0,,20130501000000,Implantação,20130501000000,Implantação
4894,,,,43,,,,,4313490,Novo Barreiro,0,,20130501000000,Implantação,20130501000000,Implantação
4895,,,,43,,,,,4313508,Osório,0,,20130501000000,Implantação,20130501000000,Implantação
4896,,,,43,,,,,4313607,Paim Filho,0,,20130501000000,Implantação,20130501000000,Implantação
4897,,,,43,,,,,4313656,Palmares do Sul,0,,20130501000000,Implantação,20130501000000,Implantação
4898,,,,43,,,,,4313706,Palmeira das Missões,0,,20130501000000,Implantação,20130501000000,Implantação
4899,,,,43,,,,,4313805,Palmitinho,0,,20130501000000,Implantação,20130501000000,Implantação
4900,,,,43,,,,,4313904,Panambi,0,,20130501000000,Implantação,20130501000000,Implantação
4901,,,,43,,,,,4313953,Pantano Grande,0,,20130501000000,Implantação,20130501000000,Implantação
4902,,,,43,,,,,4314001,Paraí,0,,20130501000000,Implantação,20130501000000,Implantação
4903,,,,43,,,,,4314027,Paraíso do Sul,0,,20130501000000,Implantação,20130501000000,Implantação
4904,,,,43,,,,,4314035,Pareci Novo,0,,20130501000000,Implantação,20130501000000,Implantação
4905,,,,43,,,,,4314050,Parobé,0,,20130501000000,Implantação,20130501000000,Implantação
4906,,,,43,,,,,4314068,Passa Sete,0,,20130501000000,Implantação,20130501000000,Implantação
4907,,,,43,,,,,4314076,Passo do Sobrado,0,,20130501000000,Implantação,20130501000000,Implantação
4908,,,,43,,,,,4314100,Passo Fundo,0,,20130501000000,Implantação,20130501000000,Implantação
4909,,,,43,,,,,4314134,Paulo Bento,0,,20130501000000,Implantação,20130501000000,Implantação
4910,,,,43,,,,,4314159,Paverama,0,,20130501000000,Implantação,20130501000000,Implantação
4911,,,,43,,,,,4314175,Pedras Altas,0,,20130501000000,Implantação,20130501000000,Implantação
4912,,,,43,,,,,4314209,Pedro Osório,0,,20130501000000,Implantação,20130501000000,Implantação
4913,,,,43,,,,,4314308,Pejuçara,0,,20130501000000,Implantação,20130501000000,Implantação
4914,,,,43,,,,,4314407,Pelotas,0,,20130501000000,Implantação,20130501000000,Implantação
4915,,,,43,,,,,4314423,Picada Café,0,,20130501000000,Implantação,20130501000000,Implantação
4916,,,,43,,,,,4314456,Pinhal,0,,20130501000000,Implantação,20130501000000,Implantação
4917,,,,43,,,,,4314464,Pinhal da Serra,0,,20130501000000,Implantação,20130501000000,Implantação
4918,,,,43,,,,,4314472,Pinhal Grande,0,,20130501000000,Implantação,20130501000000,Implantação
4919,,,,43,,,,,4314498,Pinheirinho do Vale,0,,20130501000000,Implantação,20130501000000,Implantação
4920,,,,43,,,,,4314506,Pinheiro Machado,0,,20130501000000,Implantação,20130501000000,Implantação
4921,,,,43,,,,,4314555,Pirapó,0,,20130501000000,Implantação,20130501000000,Implantação
4922,,,,43,,,,,4314605,Piratini,0,,20130501000000,Implantação,20130501000000,Implantação
4923,,,,43,,,,,4314704,Planalto,0,,20130501000000,Implantação,20130501000000,Implantação
4924,,,,43,,,,,4314753,Poço das Antas,0,,20130501000000,Implantação,20130501000000,Implantação
4925,,,,43,,,,,4314779,Pontão,0,,20130501000000,Implantação,20130501000000,Implantação
4926,,,,43,,,,,4314787,Ponte Preta,0,,20130501000000,Implantação,20130501000000,Implantação
4927,,,,43,,,,,4314803,Portão,0,,20130501000000,Implantação,20130501000000,Implantação
4928,,,,43,,,,,4314902,Porto Alegre,0,,20130501000000,Implantação,20130501000000,Implantação
4929,,,,43,,,,,4315008,Porto Lucena,0,,20130501000000,Implantação,20130501000000,Implantação
4930,,,,43,,,,,4315057,Porto Mauá,0,,20130501000000,Implantação,20130501000000,Implantação
4931,,,,43,,,,,4315073,Porto Vera Cruz,0,,20130501000000,Implantação,20130501000000,Implantação
4932,,,,43,,,,,4315107,Porto Xavier,0,,20130501000000,Implantação,20130501000000,Implantação
4933,,,,43,,,,,4315131,Pouso Novo,0,,20130501000000,Implantação,20130501000000,Implantação
4934,,,,43,,,,,4315149,Presidente Lucena,0,,20130501000000,Implantação,20130501000000,Implantação
4935,,,,43,,,,,4315156,Progresso,0,,20130501000000,Implantação,20130501000000,Implantação
4936,,,,43,,,,,4315172,Protásio Alves,0,,20130501000000,Implantação,20130501000000,Implantação
4937,,,,43,,,,,4315206,Putinga,0,,20130501000000,Implantação,20130501000000,Implantação
4938,,,,43,,,,,4315305,Quaraí,0,,20130501000000,Implantação,20130501000000,Implantação
4939,,,,43,,,,,4315313,Quatro Irmãos,0,,20130501000000,Implantação,20130501000000,Implantação
4940,,,,43,,,,,4315321,Quevedos,0,,20130501000000,Implantação,20130501000000,Implantação
4941,,,,43,,,,,4315354,Quinze de Novembro,0,,20130501000000,Implantação,20130501000000,Implantação
4942,,,,43,,,,,4315404,Redentora,0,,20130501000000,Implantação,20130501000000,Implantação
4943,,,,43,,,,,4315453,Relvado,0,,20130501000000,Implantação,20130501000000,Implantação
4944,,,,43,,,,,4315503,Restinga Seca,0,,20130501000000,Implantação,20130501000000,Implantação
4945,,,,43,,,,,4315552,Rio dos Índios,0,,20130501000000,Implantação,20130501000000,Implantação
4946,,,,43,,,,,4315602,Rio Grande,0,,20130501000000,Implantação,20130501000000,Implantação
4947,,,,43,,,,,4315701,Rio Pardo,0,,20130501000000,Implantação,20130501000000,Implantação
4948,,,,43,,,,,4315750,Riozinho,0,,20130501000000,Implantação,20130501000000,Implantação
4949,,,,43,,,,,4315800,Roca Sales,0,,20130501000000,Implantação,20130501000000,Implantação
4950,,,,43,,,,,4315909,Rodeio Bonito,0,,20130501000000,Implantação,20130501000000,Implantação
4951,,,,43,,,,,4315958,Rolador,0,,20130501000000,Implantação,20130501000000,Implantação
4952,,,,43,,,,,4316006,Rolante,0,,20130501000000,Implantação,20130501000000,Implantação
4953,,,,43,,,,,4316105,Ronda Alta,0,,20130501000000,Implantação,20130501000000,Implantação
4954,,,,43,,,,,4316204,Rondinha,0,,20130501000000,Implantação,20130501000000,Implantação
4955,,,,43,,,,,4316303,Roque Gonzales,0,,20130501000000,Implantação,20130501000000,Implantação
4956,,,,43,,,,,4316402,Rosário do Sul,0,,20130501000000,Implantação,20130501000000,Implantação
4957,,,,43,,,,,4316428,Sagrada Família,0,,20130501000000,Implantação,20130501000000,Implantação
4958,,,,43,,,,,4316436,Saldanha Marinho,0,,20130501000000,Implantação,20130501000000,Implantação
4959,,,,43,,,,,4316451,Salto do Jacuí,0,,20130501000000,Implantação,20130501000000,Implantação
4960,,,,43,,,,,4316477,Salvador das Missões,0,,20130501000000,Implantação,20130501000000,Implantação
4961,,,,43,,,,,4316501,Salvador do Sul,0,,20130501000000,Implantação,20130501000000,Implantação
4962,,,,43,,,,,4316600,Sananduva,0,,20130501000000,Implantação,20130501000000,Implantação
4963,,,,43,,,,,4316709,Santa Bárbara do Sul,0,,20130501000000,Implantação,20130501000000,Implantação
4964,,,,43,,,,,4316733,Santa Cecília do Sul,0,,20130501000000,Implantação,20130501000000,Implantação
4965,,,,43,,,,,4316758,Santa Clara do Sul,0,,20130501000000,Implantação,20130501000000,Implantação
4966,,,,43,,,,,4316808,Santa Cruz do Sul,0,,20130501000000,Implantação,20130501000000,Implantação
4967,,,,43,,,,,4316907,Santa Maria,0,,20130501000000,Implantação,20130501000000,Implantação
4968,,,,43,,,,,4316956,Santa Maria do Herval,0,,20130501000000,Implantação,20130501000000,Implantação
4969,,,,43,,,,,4316972,Santa Margarida do Sul,0,,20130501000000,Implantação,20130501000000,Implantação
4970,,,,43,,,,,4317004,Santana da Boa Vista,0,,20130501000000,Implantação,20130501000000,Implantação
4971,,,,43,,,,,4317103,Sant'Ana do Livramento,0,,20130501000000,Implantação,20130501000000,Implantação
4972,,,,43,,,,,4317202,Santa Rosa,0,,20130501000000,Implantação,20130501000000,Implantação
4973,,,,43,,,,,4317251,Santa Tereza,0,,20130501000000,Implantação,20130501000000,Implantação
4974,,,,43,,,,,4317301,Santa Vitória do Palmar,0,,20130501000000,Implantação,20130501000000,Implantação
4975,,,,43,,,,,4317400,Santiago,0,,20130501000000,Implantação,20130501000000,Implantação
4976,,,,43,,,,,4317509,Santo Ângelo,0,,20130501000000,Implantação,20130501000000,Implantação
4977,,,,43,,,,,4317558,Santo Antônio do Palma,0,,20130501000000,Implantação,20130501000000,Implantação
4978,,,,43,,,,,4317608,Santo Antônio da Patrulha,0,,20130501000000,Implantação,20130501000000,Implantação
4979,,,,43,,,,,4317707,Santo Antônio das Missões,0,,20130501000000,Implantação,20130501000000,Implantação
4980,,,,43,,,,,4317756,Santo Antônio do Planalto,0,,20130501000000,Implantação,20130501000000,Implantação
4981,,,,43,,,,,4317806,Santo Augusto,0,,20130501000000,Implantação,20130501000000,Implantação
4982,,,,43,,,,,4317905,Santo Cristo,0,,20130501000000,Implantação,20130501000000,Implantação
4983,,,,43,,,,,4317954,Santo Expedito do Sul,0,,20130501000000,Implantação,20130501000000,Implantação
4984,,,,43,,,,,4318002,São Borja,0,,20130501000000,Implantação,20130501000000,Implantação
4985,,,,43,,,,,4318051,São Domingos do Sul,0,,20130501000000,Implantação,20130501000000,Implantação
4986,,,,43,,,,,4318101,São Francisco de Assis,0,,20130501000000,Implantação,20130501000000,Implantação
4987,,,,43,,,,,4318200,São Francisco de Paula,0,,20130501000000,Implantação,20130501000000,Implantação
4988,,,,43,,,,,4318309,São Gabriel,0,,20130501000000,Implantação,20130501000000,Implantação
4989,,,,43,,,,,4318408,São Jerônimo,0,,20130501000000,Implantação,20130501000000,Implantação
4990,,,,43,,,,,4318424,São João da Urtiga,0,,20130501000000,Implantação,20130501000000,Implantação
4991,,,,43,,,,,4318432,São João do Polêsine,0,,20130501000000,Implantação,20130501000000,Implantação
4992,,,,43,,,,,4318440,São Jorge,0,,20130501000000,Implantação,20130501000000,Implantação
4993,,,,43,,,,,4318457,São José das Missões,0,,20130501000000,Implantação,20130501000000,Implantação
4994,,,,43,,,,,4318465,São José do Herval,0,,20130501000000,Implantação,20130501000000,Implantação
4995,,,,43,,,,,4318481,São José do Hortêncio,0,,20130501000000,Implantação,20130501000000,Implantação
4996,,,,43,,,,,4318499,São José do Inhacorá,0,,20130501000000,Implantação,20130501000000,Implantação
4997,,,,43,,,,,4318507,São José do Norte,0,,20130501000000,Implantação,20130501000000,Implantação
4998,,,,43,,,,,4318606,São José do Ouro,0,,20130501000000,Implantação,20130501000000,Implantação
4999,,,,43,,,,,4318614,São José do Sul,0,,20130501000000,Implantação,20130501000000,Implantação
5000,,,,43,,,,,4318622,São José dos Ausentes,0,,20130501000000,Implantação,20130501000000,Implantação
5001,,,,43,,,,,4318705,São Leopoldo,0,,20130501000000,Implantação,20130501000000,Implantação
5002,,,,43,,,,,4318804,São Lourenço do Sul,0,,20130501000000,Implantação,20130501000000,Implantação
5003,,,,43,,,,,4318903,São Luiz Gonzaga,0,,20130501000000,Implantação,20130501000000,Implantação
5004,,,,43,,,,,4319000,São Marcos,0,,20130501000000,Implantação,20130501000000,Implantação
5005,,,,43,,,,,4319109,São Martinho,0,,20130501000000,Implantação,20130501000000,Implantação
5006,,,,43,,,,,4319125,São Martinho da Serra,0,,20130501000000,Implantação,20130501000000,Implantação
5007,,,,43,,,,,4319158,São Miguel das Missões,0,,20130501000000,Implantação,20130501000000,Implantação
5008,,,,43,,,,,4319208,São Nicolau,0,,20130501000000,Implantação,20130501000000,Implantação
5009,,,,43,,,,,4319307,São Paulo das Missões,0,,20130501000000,Implantação,20130501000000,Implantação
5010,,,,43,,,,,4319356,São Pedro da Serra,0,,20130501000000,Implantação,20130501000000,Implantação
5011,,,,43,,,,,4319364,São Pedro das Missões,0,,20130501000000,Implantação,20130501000000,Implantação
5012,,,,43,,,,,4319372,São Pedro do Butiá,0,,20130501000000,Implantação,20130501000000,Implantação
5013,,,,43,,,,,4319406,São Pedro do Sul,0,,20130501000000,Implantação,20130501000000,Implantação
5014,,,,43,,,,,4319505,São Sebastião do Caí,0,,20130501000000,Implantação,20130501000000,Implantação
5015,,,,43,,,,,4319604,São Sepé,0,,20130501000000,Implantação,20130501000000,Implantação
5016,,,,43,,,,,4319703,São Valentim,0,,20130501000000,Implantação,20130501000000,Implantação
5017,,,,43,,,,,4319711,São Valentim do Sul,0,,20130501000000,Implantação,20130501000000,Implantação
5018,,,,43,,,,,4319737,São Valério do Sul,0,,20130501000000,Implantação,20130501000000,Implantação
5019,,,,43,,,,,4319752,São Vendelino,0,,20130501000000,Implantação,20130501000000,Implantação
5020,,,,43,,,,,4319802,São Vicente do Sul,0,,20130501000000,Implantação,20130501000000,Implantação
5021,,,,43,,,,,4319901,Sapiranga,0,,20130501000000,Implantação,20130501000000,Implantação
5022,,,,43,,,,,4320008,Sapucaia do Sul,0,,20130501000000,Implantação,20130501000000,Implantação
5023,,,,43,,,,,4320107,Sarandi,0,,20130501000000,Implantação,20130501000000,Implantação
5024,,,,43,,,,,4320206,Seberi,0,,20130501000000,Implantação,20130501000000,Implantação
5025,,,,43,,,,,4320230,Sede Nova,0,,20130501000000,Implantação,20130501000000,Implantação
5026,,,,43,,,,,4320263,Segredo,0,,20130501000000,Implantação,20130501000000,Implantação
5027,,,,43,,,,,4320305,Selbach,0,,20130501000000,Implantação,20130501000000,Implantação
5028,,,,43,,,,,4320321,Senador Salgado Filho,0,,20130501000000,Implantação,20130501000000,Implantação
5029,,,,43,,,,,4320354,Sentinela do Sul,0,,20130501000000,Implantação,20130501000000,Implantação
5030,,,,43,,,,,4320404,Serafina Corrêa,0,,20130501000000,Implantação,20130501000000,Implantação
5031,,,,43,,,,,4320453,Sério,0,,20130501000000,Implantação,20130501000000,Implantação
5032,,,,43,,,,,4320503,Sertão,0,,20130501000000,Implantação,20130501000000,Implantação
5033,,,,43,,,,,4320552,Sertão Santana,0,,20130501000000,Implantação,20130501000000,Implantação
5034,,,,43,,,,,4320578,Sete de Setembro,0,,20130501000000,Implantação,20130501000000,Implantação
5035,,,,43,,,,,4320602,Severiano de Almeida,0,,20130501000000,Implantação,20130501000000,Implantação
5036,,,,43,,,,,4320651,Silveira Martins,0,,20130501000000,Implantação,20130501000000,Implantação
5037,,,,43,,,,,4320677,Sinimbu,0,,20130501000000,Implantação,20130501000000,Implantação
5038,,,,43,,,,,4320701,Sobradinho,0,,20130501000000,Implantação,20130501000000,Implantação
5039,,,,43,,,,,4320800,Soledade,0,,20130501000000,Implantação,20130501000000,Implantação
5040,,,,43,,,,,4320859,Tabaí,0,,20130501000000,Implantação,20130501000000,Implantação
5041,,,,43,,,,,4320909,Tapejara,0,,20130501000000,Implantação,20130501000000,Implantação
5042,,,,43,,,,,4321006,Tapera,0,,20130501000000,Implantação,20130501000000,Implantação
5043,,,,43,,,,,4321105,Tapes,0,,20130501000000,Implantação,20130501000000,Implantação
5044,,,,43,,,,,4321204,Taquara,0,,20130501000000,Implantação,20130501000000,Implantação
5045,,,,43,,,,,4321303,Taquari,0,,20130501000000,Implantação,20130501000000,Implantação
5046,,,,43,,,,,4321329,Taquaruçu do Sul,0,,20130501000000,Implantação,20130501000000,Implantação
5047,,,,43,,,,,4321352,Tavares,0,,20130501000000,Implantação,20130501000000,Implantação
5048,,,,43,,,,,4321402,Tenente Portela,0,,20130501000000,Implantação,20130501000000,Implantação
5049,,,,43,,,,,4321436,Terra de Areia,0,,20130501000000,Implantação,20130501000000,Implantação
5050,,,,43,,,,,4321451,Teutônia,0,,20130501000000,Implantação,20130501000000,Implantação
5051,,,,43,,,,,4321469,Tio Hugo,0,,20130501000000,Implantação,20130501000000,Implantação
5052,,,,43,,,,,4321477,Tiradentes do Sul,0,,20130501000000,Implantação,20130501000000,Implantação
5053,,,,43,,,,,4321493,Toropi,0,,20130501000000,Implantação,20130501000000,Implantação
5054,,,,43,,,,,4321501,Torres,0,,20130501000000,Implantação,20130501000000,Implantação
5055,,,,43,,,,,4321600,Tramandaí,0,,20130501000000,Implantação,20130501000000,Implantação
5056,,,,43,,,,,4321626,Travesseiro,0,,20130501000000,Implantação,20130501000000,Implantação
5057,,,,43,,,,,4321634,Três Arroios,0,,20130501000000,Implantação,20130501000000,Implantação
5058,,,,43,,,,,4321667,Três Cachoeiras,0,,20130501000000,Implantação,20130501000000,Implantação
5059,,,,43,,,,,4321709,Três Coroas,0,,20130501000000,Implantação,20130501000000,Implantação
5060,,,,43,,,,,4321808,Três de Maio,0,,20130501000000,Implantação,20130501000000,Implantação
5061,,,,43,,,,,4321832,Três Forquilhas,0,,20130501000000,Implantação,20130501000000,Implantação
5062,,,,43,,,,,4321857,Três Palmeiras,0,,20130501000000,Implantação,20130501000000,Implantação
5063,,,,43,,,,,4321907,Três Passos,0,,20130501000000,Implantação,20130501000000,Implantação
5064,,,,43,,,,,4321956,Trindade do Sul,0,,20130501000000,Implantação,20130501000000,Implantação
5065,,,,43,,,,,4322004,Triunfo,0,,20130501000000,Implantação,20130501000000,Implantação
5066,,,,43,,,,,4322103,Tucunduva,0,,20130501000000,Implantação,20130501000000,Implantação
5067,,,,43,,,,,4322152,Tunas,0,,20130501000000,Implantação,20130501000000,Implantação
5068,,,,43,,,,,4322186,Tupanci do Sul,0,,20130501000000,Implantação,20130501000000,Implantação
5069,,,,43,,,,,4322202,Tupanciretã,0,,20130501000000,Implantação,20130501000000,Implantação
5070,,,,43,,,,,4322251,Tupandi,0,,20130501000000,Implantação,20130501000000,Implantação
5071,,,,43,,,,,4322301,Tuparendi,0,,20130501000000,Implantação,20130501000000,Implantação
5072,,,,43,,,,,4322327,Turuçu,0,,20130501000000,Implantação,20130501000000,Implantação
5073,,,,43,,,,,4322343,Ubiretama,0,,20130501000000,Implantação,20130501000000,Implantação
5074,,,,43,,,,,4322350,União da Serra,0,,20130501000000,Implantação,20130501000000,Implantação
5075,,,,43,,,,,4322376,Unistalda,0,,20130501000000,Implantação,20130501000000,Implantação
5076,,,,43,,,,,4322400,Uruguaiana,0,,20130501000000,Implantação,20130501000000,Implantação
5077,,,,43,,,,,4322509,Vacaria,0,,20130501000000,Implantação,20130501000000,Implantação
5078,,,,43,,,,,4322525,Vale Verde,0,,20130501000000,Implantação,20130501000000,Implantação
5079,,,,43,,,,,4322533,Vale do Sol,0,,20130501000000,Implantação,20130501000000,Implantação
5080,,,,43,,,,,4322541,Vale Real,0,,20130501000000,Implantação,20130501000000,Implantação
5081,,,,43,,,,,4322558,Vanini,0,,20130501000000,Implantação,20130501000000,Implantação
5082,,,,43,,,,,4322608,Venâncio Aires,0,,20130501000000,Implantação,20130501000000,Implantação
5083,,,,43,,,,,4322707,Vera Cruz,0,,20130501000000,Implantação,20130501000000,Implantação
5084,,,,43,,,,,4322806,Veranópolis,0,,20130501000000,Implantação,20130501000000,Implantação
5085,,,,43,,,,,4322855,Vespasiano Correa,0,,20130501000000,Implantação,20130501000000,Implantação
5086,,,,43,,,,,4322905,Viadutos,0,,20130501000000,Implantação,20130501000000,Implantação
5087,,,,43,,,,,4323002,Viamão,0,,20130501000000,Implantação,20130501000000,Implantação
5088,,,,43,,,,,4323101,Vicente Dutra,0,,20130501000000,Implantação,20130501000000,Implantação
5089,,,,43,,,,,4323200,Victor Graeff,0,,20130501000000,Implantação,20130501000000,Implantação
5090,,,,43,,,,,4323309,Vila Flores,0,,20130501000000,Implantação,20130501000000,Implantação
5091,,,,43,,,,,4323358,Vila Lângaro,0,,20130501000000,Implantação,20130501000000,Implantação
5092,,,,43,,,,,4323408,Vila Maria,0,,20130501000000,Implantação,20130501000000,Implantação
5093,,,,43,,,,,4323457,Vila Nova do Sul,0,,20130501000000,Implantação,20130501000000,Implantação
5094,,,,43,,,,,4323507,Vista Alegre,0,,20130501000000,Implantação,20130501000000,Implantação
5095,,,,43,,,,,4323606,Vista Alegre do Prata,0,,20130501000000,Implantação,20130501000000,Implantação
5096,,,,43,,,,,4323705,Vista Gaúcha,0,,20130501000000,Implantação,20130501000000,Implantação
5097,,,,43,,,,,4323754,Vitória das Missões,0,,20130501000000,Implantação,20130501000000,Implantação
5098,,,,43,,,,,4323770,Westfalia,0,,20130501000000,Implantação,20130501000000,Implantação
5099,,,,43,,,,,4323804,Xangri-lá,0,,20130501000000,Implantação,20130501000000,Implantação
5100,,,,50,,,,,5000203,Água Clara,0,,20130501000000,Implantação,20130501000000,Implantação
5101,,,,50,,,,,5000252,Alcinópolis,0,,20130501000000,Implantação,20130501000000,Implantação
5102,,,,50,,,,,5000609,Amambai,0,,20130501000000,Implantação,20130501000000,Implantação
5103,,,,50,,,,,5000708,Anastácio,0,,20130501000000,Implantação,20130501000000,Implantação
5104,,,,50,,,,,5000807,Anaurilândia,0,,20130501000000,Implantação,20130501000000,Implantação
5105,,,,50,,,,,5000856,Angélica,0,,20130501000000,Implantação,20130501000000,Implantação
5106,,,,50,,,,,5000906,Antônio João,0,,20130501000000,Implantação,20130501000000,Implantação
5107,,,,50,,,,,5001003,Aparecida do Taboado,0,,20130501000000,Implantação,20130501000000,Implantação
5108,,,,50,,,,,5001102,Aquidauana,0,,20130501000000,Implantação,20130501000000,Implantação
5109,,,,50,,,,,5001243,Aral Moreira,0,,20130501000000,Implantação,20130501000000,Implantação
5110,,,,50,,,,,5001508,Bandeirantes,0,,20130501000000,Implantação,20130501000000,Implantação
5111,,,,50,,,,,5001904,Bataguassu,0,,20130501000000,Implantação,20130501000000,Implantação
5112,,,,50,,,,,5002001,Batayporã,0,,20130501000000,Implantação,20130501000000,Implantação
5113,,,,50,,,,,5002100,Bela Vista,0,,20130501000000,Implantação,20130501000000,Implantação
5114,,,,50,,,,,5002159,Bodoquena,0,,20130501000000,Implantação,20130501000000,Implantação
5115,,,,50,,,,,5002209,Bonito,0,,20130501000000,Implantação,20130501000000,Implantação
5116,,,,50,,,,,5002308,Brasilândia,0,,20130501000000,Implantação,20130501000000,Implantação
5117,,,,50,,,,,5002407,Caarapó,0,,20130501000000,Implantação,20130501000000,Implantação
5118,,,,50,,,,,5002605,Camapuã,0,,20130501000000,Implantação,20130501000000,Implantação
5119,,,,50,,,,,5002704,Campo Grande,0,,20130501000000,Implantação,20130501000000,Implantação
5120,,,,50,,,,,5002803,Caracol,0,,20130501000000,Implantação,20130501000000,Implantação
5121,,,,50,,,,,5002902,Cassilândia,0,,20130501000000,Implantação,20130501000000,Implantação
5122,,,,50,,,,,5002951,Chapadão do Sul,0,,20130501000000,Implantação,20130501000000,Implantação
5123,,,,50,,,,,5003108,Corguinho,0,,20130501000000,Implantação,20130501000000,Implantação
5124,,,,50,,,,,5003157,Coronel Sapucaia,0,,20130501000000,Implantação,20130501000000,Implantação
5125,,,,50,,,,,5003207,Corumbá,0,,20130501000000,Implantação,20130501000000,Implantação
5126,,,,50,,,,,5003256,Costa Rica,0,,20130501000000,Implantação,20130501000000,Implantação
5127,,,,50,,,,,5003306,Coxim,0,,20130501000000,Implantação,20130501000000,Implantação
5128,,,,50,,,,,5003454,Deodápolis,0,,20130501000000,Implantação,20130501000000,Implantação
5129,,,,50,,,,,5003488,Dois Irmãos do Buriti,0,,20130501000000,Implantação,20130501000000,Implantação
5130,,,,50,,,,,5003504,Douradina,0,,20130501000000,Implantação,20130501000000,Implantação
5131,,,,50,,,,,5003702,Dourados,0,,20130501000000,Implantação,20130501000000,Implantação
5132,,,,50,,,,,5003751,Eldorado,0,,20130501000000,Implantação,20130501000000,Implantação
5133,,,,50,,,,,5003801,Fátima do Sul,0,,20130501000000,Implantação,20130501000000,Implantação
5134,,,,50,,,,,5003900,Figueirão,0,,20130501000000,Implantação,20130501000000,Implantação
5135,,,,50,,,,,5004007,Glória de Dourados,0,,20130501000000,Implantação,20130501000000,Implantação
5136,,,,50,,,,,5004106,Guia Lopes da Laguna,0,,20130501000000,Implantação,20130501000000,Implantação
5137,,,,50,,,,,5004304,Iguatemi,0,,20130501000000,Implantação,20130501000000,Implantação
5138,,,,50,,,,,5004403,Inocência,0,,20130501000000,Implantação,20130501000000,Implantação
5139,,,,50,,,,,5004502,Itaporã,0,,20130501000000,Implantação,20130501000000,Implantação
5140,,,,50,,,,,5004601,Itaquiraí,0,,20130501000000,Implantação,20130501000000,Implantação
5141,,,,50,,,,,5004700,Ivinhema,0,,20130501000000,Implantação,20130501000000,Implantação
5142,,,,50,,,,,5004809,Japorã,0,,20130501000000,Implantação,20130501000000,Implantação
5143,,,,50,,,,,5004908,Jaraguari,0,,20130501000000,Implantação,20130501000000,Implantação
5144,,,,50,,,,,5005004,Jardim,0,,20130501000000,Implantação,20130501000000,Implantação
5145,,,,50,,,,,5005103,Jateí,0,,20130501000000,Implantação,20130501000000,Implantação
5146,,,,50,,,,,5005152,Juti,0,,20130501000000,Implantação,20130501000000,Implantação
5147,,,,50,,,,,5005202,Ladário,0,,20130501000000,Implantação,20130501000000,Implantação
5148,,,,50,,,,,5005251,Laguna Carapã,0,,20130501000000,Implantação,20130501000000,Implantação
5149,,,,50,,,,,5005400,Maracaju,0,,20130501000000,Implantação,20130501000000,Implantação
5150,,,,50,,,,,5005608,Miranda,0,,20130501000000,Implantação,20130501000000,Implantação
5151,,,,50,,,,,5005681,Mundo Novo,0,,20130501000000,Implantação,20130501000000,Implantação
5152,,,,50,,,,,5005707,Naviraí,0,,20130501000000,Implantação,20130501000000,Implantação
5153,,,,50,,,,,5005806,Nioaque,0,,20130501000000,Implantação,20130501000000,Implantação
5154,,,,50,,,,,5006002,Nova Alvorada do Sul,0,,20130501000000,Implantação,20130501000000,Implantação
5155,,,,50,,,,,5006200,Nova Andradina,0,,20130501000000,Implantação,20130501000000,Implantação
5156,,,,50,,,,,5006259,Novo Horizonte do Sul,0,,20130501000000,Implantação,20130501000000,Implantação
5157,,,,50,,,,,5006309,Paranaíba,0,,20130501000000,Implantação,20130501000000,Implantação
5158,,,,50,,,,,5006358,Paranhos,0,,20130501000000,Implantação,20130501000000,Implantação
5159,,,,50,,,,,5006408,Pedro Gomes,0,,20130501000000,Implantação,20130501000000,Implantação
5160,,,,50,,,,,5006606,Ponta Porã,0,,20130501000000,Implantação,20130501000000,Implantação
5161,,,,50,,,,,5006903,Porto Murtinho,0,,20130501000000,Implantação,20130501000000,Implantação
5162,,,,50,,,,,5007109,Ribas do Rio Pardo,0,,20130501000000,Implantação,20130501000000,Implantação
5163,,,,50,,,,,5007208,Rio Brilhante,0,,20130501000000,Implantação,20130501000000,Implantação
5164,,,,50,,,,,5007307,Rio Negro,0,,20130501000000,Implantação,20130501000000,Implantação
5165,,,,50,,,,,5007406,Rio Verde de Mato Grosso,0,,20130501000000,Implantação,20130501000000,Implantação
5166,,,,50,,,,,5007505,Rochedo,0,,20130501000000,Implantação,20130501000000,Implantação
5167,,,,50,,,,,5007554,Santa Rita do Pardo,0,,20130501000000,Implantação,20130501000000,Implantação
5168,,,,50,,,,,5007695,São Gabriel do Oeste,0,,20130501000000,Implantação,20130501000000,Implantação
5169,,,,50,,,,,5007703,Sete Quedas,0,,20130501000000,Implantação,20130501000000,Implantação
5170,,,,50,,,,,5007802,Selvíria,0,,20130501000000,Implantação,20130501000000,Implantação
5171,,,,50,,,,,5007901,Sidrolândia,0,,20130501000000,Implantação,20130501000000,Implantação
5172,,,,50,,,,,5007935,Sonora,0,,20130501000000,Implantação,20130501000000,Implantação
5173,,,,50,,,,,5007950,Tacuru,0,,20130501000000,Implantação,20130501000000,Implantação
5174,,,,50,,,,,5007976,Taquarussu,0,,20130501000000,Implantação,20130501000000,Implantação
5175,,,,50,,,,,5008008,Terenos,0,,20130501000000,Implantação,20130501000000,Implantação
5176,,,,50,,,,,5008305,Três Lagoas,0,,20130501000000,Implantação,20130501000000,Implantação
5177,,,,50,,,,,5008404,Vicentina,0,,20130501000000,Implantação,20130501000000,Implantação
5178,,,,51,,,,,5100102,Acorizal,0,,20130501000000,Implantação,20130501000000,Implantação
5179,,,,51,,,,,5100201,Água Boa,0,,20130501000000,Implantação,20130501000000,Implantação
5180,,,,51,,,,,5100250,Alta Floresta,0,,20130501000000,Implantação,20130501000000,Implantação
5181,,,,51,,,,,5100300,Alto Araguaia,0,,20130501000000,Implantação,20130501000000,Implantação
5182,,,,51,,,,,5100359,Alto Boa Vista,0,,20130501000000,Implantação,20130501000000,Implantação
5183,,,,51,,,,,5100409,Alto Garças,0,,20130501000000,Implantação,20130501000000,Implantação
5184,,,,51,,,,,5100508,Alto Paraguai,0,,20130501000000,Implantação,20130501000000,Implantação
5185,,,,51,,,,,5100607,Alto Taquari,0,,20130501000000,Implantação,20130501000000,Implantação
5186,,,,51,,,,,5100805,Apiacás,0,,20130501000000,Implantação,20130501000000,Implantação
5187,,,,51,,,,,5101001,Araguaiana,0,,20130501000000,Implantação,20130501000000,Implantação
5188,,,,51,,,,,5101209,Araguainha,0,,20130501000000,Implantação,20130501000000,Implantação
5189,,,,51,,,,,5101258,Araputanga,0,,20130501000000,Implantação,20130501000000,Implantação
5190,,,,51,,,,,5101308,Arenápolis,0,,20130501000000,Implantação,20130501000000,Implantação
5191,,,,51,,,,,5101407,Aripuanã,0,,20130501000000,Implantação,20130501000000,Implantação
5192,,,,51,,,,,5101605,Barão de Melgaço,0,,20130501000000,Implantação,20130501000000,Implantação
5193,,,,51,,,,,5101704,Barra do Bugres,0,,20130501000000,Implantação,20130501000000,Implantação
5194,,,,51,,,,,5101803,Barra do Garças,0,,20130501000000,Implantação,20130501000000,Implantação
5195,,,,51,,,,,5101852,Bom Jesus do Araguaia,0,,20130501000000,Implantação,20130501000000,Implantação
5196,,,,51,,,,,5101902,Brasnorte,0,,20130501000000,Implantação,20130501000000,Implantação
5197,,,,51,,,,,5102504,Cáceres,0,,20130501000000,Implantação,20130501000000,Implantação
5198,,,,51,,,,,5102603,Campinápolis,0,,20130501000000,Implantação,20130501000000,Implantação
5199,,,,51,,,,,5102637,Campo Novo do Parecis,0,,20130501000000,Implantação,20130501000000,Implantação
5200,,,,51,,,,,5102678,Campo Verde,0,,20130501000000,Implantação,20130501000000,Implantação
5201,,,,51,,,,,5102686,Campos de Júlio,0,,20130501000000,Implantação,20130501000000,Implantação
5202,,,,51,,,,,5102694,Canabrava do Norte,0,,20130501000000,Implantação,20130501000000,Implantação
5203,,,,51,,,,,5102702,Canarana,0,,20130501000000,Implantação,20130501000000,Implantação
5204,,,,51,,,,,5102793,Carlinda,0,,20130501000000,Implantação,20130501000000,Implantação
5205,,,,51,,,,,5102850,Castanheira,0,,20130501000000,Implantação,20130501000000,Implantação
5206,,,,51,,,,,5103007,Chapada dos Guimarães,0,,20130501000000,Implantação,20130501000000,Implantação
5207,,,,51,,,,,5103056,Cláudia,0,,20130501000000,Implantação,20130501000000,Implantação
5208,,,,51,,,,,5103106,Cocalinho,0,,20130501000000,Implantação,20130501000000,Implantação
5209,,,,51,,,,,5103205,Colíder,0,,20130501000000,Implantação,20130501000000,Implantação
5210,,,,51,,,,,5103254,Colniza,0,,20130501000000,Implantação,20130501000000,Implantação
5211,,,,51,,,,,5103304,Comodoro,0,,20130501000000,Implantação,20130501000000,Implantação
5212,,,,51,,,,,5103353,Confresa,0,,20130501000000,Implantação,20130501000000,Implantação
5213,,,,51,,,,,5103361,Conquista D'Oeste,0,,20130501000000,Implantação,20130501000000,Implantação
5214,,,,51,,,,,5103379,Cotriguaçu,0,,20130501000000,Implantação,20130501000000,Implantação
5215,,,,51,,,,,5103403,Cuiabá,0,,20130501000000,Implantação,20130501000000,Implantação
5216,,,,51,,,,,5103437,Curvelândia,0,,20130501000000,Implantação,20130501000000,Implantação
5217,,,,51,,,,,5103452,Denise,0,,20130501000000,Implantação,20130501000000,Implantação
5218,,,,51,,,,,5103502,Diamantino,0,,20130501000000,Implantação,20130501000000,Implantação
5219,,,,51,,,,,5103601,Dom Aquino,0,,20130501000000,Implantação,20130501000000,Implantação
5220,,,,51,,,,,5103700,Feliz Natal,0,,20130501000000,Implantação,20130501000000,Implantação
5221,,,,51,,,,,5103809,Figueirópolis D'Oeste,0,,20130501000000,Implantação,20130501000000,Implantação
5222,,,,51,,,,,5103858,Gaúcha do Norte,0,,20130501000000,Implantação,20130501000000,Implantação
5223,,,,51,,,,,5103908,General Carneiro,0,,20130501000000,Implantação,20130501000000,Implantação
5224,,,,51,,,,,5103957,Glória D'Oeste,0,,20130501000000,Implantação,20130501000000,Implantação
5225,,,,51,,,,,5104104,Guarantã do Norte,0,,20130501000000,Implantação,20130501000000,Implantação
5226,,,,51,,,,,5104203,Guiratinga,0,,20130501000000,Implantação,20130501000000,Implantação
5227,,,,51,,,,,5104500,Indiavaí,0,,20130501000000,Implantação,20130501000000,Implantação
5228,,,,51,,,,,5104526,Ipiranga do Norte,0,,20130501000000,Implantação,20130501000000,Implantação
5229,,,,51,,,,,5104542,Itanhangá,0,,20130501000000,Implantação,20130501000000,Implantação
5230,,,,51,,,,,5104559,Itaúba,0,,20130501000000,Implantação,20130501000000,Implantação
5231,,,,51,,,,,5104609,Itiquira,0,,20130501000000,Implantação,20130501000000,Implantação
5232,,,,51,,,,,5104807,Jaciara,0,,20130501000000,Implantação,20130501000000,Implantação
5233,,,,51,,,,,5104906,Jangada,0,,20130501000000,Implantação,20130501000000,Implantação
5234,,,,51,,,,,5105002,Jauru,0,,20130501000000,Implantação,20130501000000,Implantação
5235,,,,51,,,,,5105101,Juara,0,,20130501000000,Implantação,20130501000000,Implantação
5236,,,,51,,,,,5105150,Juína,0,,20130501000000,Implantação,20130501000000,Implantação
5237,,,,51,,,,,5105176,Juruena,0,,20130501000000,Implantação,20130501000000,Implantação
5238,,,,51,,,,,5105200,Juscimeira,0,,20130501000000,Implantação,20130501000000,Implantação
5239,,,,51,,,,,5105234,Lambari D'Oeste,0,,20130501000000,Implantação,20130501000000,Implantação
5240,,,,51,,,,,5105259,Lucas do Rio Verde,0,,20130501000000,Implantação,20130501000000,Implantação
5241,,,,51,,,,,5105309,Luciara,0,,20130501000000,Implantação,20130501000000,Implantação
5242,,,,51,,,,,5105507,Vila Bela da Santíssima Trindade,0,,20130501000000,Implantação,20130501000000,Implantação
5243,,,,51,,,,,5105580,Marcelândia,0,,20130501000000,Implantação,20130501000000,Implantação
5244,,,,51,,,,,5105606,Matupá,0,,20130501000000,Implantação,20130501000000,Implantação
5245,,,,51,,,,,5105622,Mirassol d'Oeste,0,,20130501000000,Implantação,20130501000000,Implantação
5246,,,,51,,,,,5105903,Nobres,0,,20130501000000,Implantação,20130501000000,Implantação
5247,,,,51,,,,,5106000,Nortelândia,0,,20130501000000,Implantação,20130501000000,Implantação
5248,,,,51,,,,,5106109,Nossa Senhora do Livramento,0,,20130501000000,Implantação,20130501000000,Implantação
5249,,,,51,,,,,5106158,Nova Bandeirantes,0,,20130501000000,Implantação,20130501000000,Implantação
5250,,,,51,,,,,5106174,Nova Nazaré,0,,20130501000000,Implantação,20130501000000,Implantação
5251,,,,51,,,,,5106182,Nova Lacerda,0,,20130501000000,Implantação,20130501000000,Implantação
5252,,,,51,,,,,5106190,Nova Santa Helena,0,,20130501000000,Implantação,20130501000000,Implantação
5253,,,,51,,,,,5106208,Nova Brasilândia,0,,20130501000000,Implantação,20130501000000,Implantação
5254,,,,51,,,,,5106216,Nova Canaã do Norte,0,,20130501000000,Implantação,20130501000000,Implantação
5255,,,,51,,,,,5106224,Nova Mutum,0,,20130501000000,Implantação,20130501000000,Implantação
5256,,,,51,,,,,5106232,Nova Olímpia,0,,20130501000000,Implantação,20130501000000,Implantação
5257,,,,51,,,,,5106240,Nova Ubiratã,0,,20130501000000,Implantação,20130501000000,Implantação
5258,,,,51,,,,,5106257,Nova Xavantina,0,,20130501000000,Implantação,20130501000000,Implantação
5259,,,,51,,,,,5106265,Novo Mundo,0,,20130501000000,Implantação,20130501000000,Implantação
5260,,,,51,,,,,5106273,Novo Horizonte do Norte,0,,20130501000000,Implantação,20130501000000,Implantação
5261,,,,51,,,,,5106281,Novo São Joaquim,0,,20130501000000,Implantação,20130501000000,Implantação
5262,,,,51,,,,,5106299,Paranaíta,0,,20130501000000,Implantação,20130501000000,Implantação
5263,,,,51,,,,,5106307,Paranatinga,0,,20130501000000,Implantação,20130501000000,Implantação
5264,,,,51,,,,,5106315,Novo Santo Antônio,0,,20130501000000,Implantação,20130501000000,Implantação
5265,,,,51,,,,,5106372,Pedra Preta,0,,20130501000000,Implantação,20130501000000,Implantação
5266,,,,51,,,,,5106422,Peixoto de Azevedo,0,,20130501000000,Implantação,20130501000000,Implantação
5267,,,,51,,,,,5106455,Planalto da Serra,0,,20130501000000,Implantação,20130501000000,Implantação
5268,,,,51,,,,,5106505,Poconé,0,,20130501000000,Implantação,20130501000000,Implantação
5269,,,,51,,,,,5106653,Pontal do Araguaia,0,,20130501000000,Implantação,20130501000000,Implantação
5270,,,,51,,,,,5106703,Ponte Branca,0,,20130501000000,Implantação,20130501000000,Implantação
5271,,,,51,,,,,5106752,Pontes e Lacerda,0,,20130501000000,Implantação,20130501000000,Implantação
5272,,,,51,,,,,5106778,Porto Alegre do Norte,0,,20130501000000,Implantação,20130501000000,Implantação
5273,,,,51,,,,,5106802,Porto dos Gaúchos,0,,20130501000000,Implantação,20130501000000,Implantação
5274,,,,51,,,,,5106828,Porto Esperidião,0,,20130501000000,Implantação,20130501000000,Implantação
5275,,,,51,,,,,5106851,Porto Estrela,0,,20130501000000,Implantação,20130501000000,Implantação
5276,,,,51,,,,,5107008,Poxoréo,0,,20130501000000,Implantação,20130501000000,Implantação
5277,,,,51,,,,,5107040,Primavera do Leste,0,,20130501000000,Implantação,20130501000000,Implantação
5278,,,,51,,,,,5107065,Querência,0,,20130501000000,Implantação,20130501000000,Implantação
5279,,,,51,,,,,5107107,São José dos Quatro Marcos,0,,20130501000000,Implantação,20130501000000,Implantação
5280,,,,51,,,,,5107156,Reserva do Cabaçal,0,,20130501000000,Implantação,20130501000000,Implantação
5281,,,,51,,,,,5107180,Ribeirão Cascalheira,0,,20130501000000,Implantação,20130501000000,Implantação
5282,,,,51,,,,,5107198,Ribeirãozinho,0,,20130501000000,Implantação,20130501000000,Implantação
5283,,,,51,,,,,5107206,Rio Branco,0,,20130501000000,Implantação,20130501000000,Implantação
5284,,,,51,,,,,5107248,Santa Carmem,0,,20130501000000,Implantação,20130501000000,Implantação
5285,,,,51,,,,,5107263,Santo Afonso,0,,20130501000000,Implantação,20130501000000,Implantação
5286,,,,51,,,,,5107297,São José do Povo,0,,20130501000000,Implantação,20130501000000,Implantação
5287,,,,51,,,,,5107305,São José do Rio Claro,0,,20130501000000,Implantação,20130501000000,Implantação
5288,,,,51,,,,,5107354,São José do Xingu,0,,20130501000000,Implantação,20130501000000,Implantação
5289,,,,51,,,,,5107404,São Pedro da Cipa,0,,20130501000000,Implantação,20130501000000,Implantação
5290,,,,51,,,,,5107578,Rondolândia,0,,20130501000000,Implantação,20130501000000,Implantação
5291,,,,51,,,,,5107602,Rondonópolis,0,,20130501000000,Implantação,20130501000000,Implantação
5292,,,,51,,,,,5107701,Rosário Oeste,0,,20130501000000,Implantação,20130501000000,Implantação
5293,,,,51,,,,,5107743,Santa Cruz do Xingu,0,,20130501000000,Implantação,20130501000000,Implantação
5294,,,,51,,,,,5107750,Salto do Céu,0,,20130501000000,Implantação,20130501000000,Implantação
5295,,,,51,,,,,5107768,Santa Rita do Trivelato,0,,20130501000000,Implantação,20130501000000,Implantação
5296,,,,51,,,,,5107776,Santa Terezinha,0,,20130501000000,Implantação,20130501000000,Implantação
5297,,,,51,,,,,5107792,Santo Antônio do Leste,0,,20130501000000,Implantação,20130501000000,Implantação
5298,,,,51,,,,,5107800,Santo Antônio do Leverger,0,,20130501000000,Implantação,20130501000000,Implantação
5299,,,,51,,,,,5107859,São Félix do Araguaia,0,,20130501000000,Implantação,20130501000000,Implantação
5300,,,,51,,,,,5107875,Sapezal,0,,20130501000000,Implantação,20130501000000,Implantação
5301,,,,51,,,,,5107883,Serra Nova Dourada,0,,20130501000000,Implantação,20130501000000,Implantação
5302,,,,51,,,,,5107909,Sinop,0,,20130501000000,Implantação,20130501000000,Implantação
5303,,,,51,,,,,5107925,Sorriso,0,,20130501000000,Implantação,20130501000000,Implantação
5304,,,,51,,,,,5107941,Tabaporã,0,,20130501000000,Implantação,20130501000000,Implantação
5305,,,,51,,,,,5107958,Tangará da Serra,0,,20130501000000,Implantação,20130501000000,Implantação
5306,,,,51,,,,,5108006,Tapurah,0,,20130501000000,Implantação,20130501000000,Implantação
5307,,,,51,,,,,5108055,Terra Nova do Norte,0,,20130501000000,Implantação,20130501000000,Implantação
5308,,,,51,,,,,5108105,Tesouro,0,,20130501000000,Implantação,20130501000000,Implantação
5309,,,,51,,,,,5108204,Torixoréu,0,,20130501000000,Implantação,20130501000000,Implantação
5310,,,,51,,,,,5108303,União do Sul,0,,20130501000000,Implantação,20130501000000,Implantação
5311,,,,51,,,,,5108352,Vale de São Domingos,0,,20130501000000,Implantação,20130501000000,Implantação
5312,,,,51,,,,,5108402,Várzea Grande,0,,20130501000000,Implantação,20130501000000,Implantação
5313,,,,51,,,,,5108501,Vera,0,,20130501000000,Implantação,20130501000000,Implantação
5314,,,,51,,,,,5108600,Vila Rica,0,,20130501000000,Implantação,20130501000000,Implantação
5315,,,,51,,,,,5108808,Nova Guarita,0,,20130501000000,Implantação,20130501000000,Implantação
5316,,,,51,,,,,5108857,Nova Marilândia,0,,20130501000000,Implantação,20130501000000,Implantação
5317,,,,51,,,,,5108907,Nova Maringá,0,,20130501000000,Implantação,20130501000000,Implantação
5318,,,,51,,,,,5108956,Nova Monte Verde,0,,20130501000000,Implantação,20130501000000,Implantação
5319,,,,52,,,,,5200050,Abadia de Goiás,0,,20130501000000,Implantação,20130501000000,Implantação
5320,,,,52,,,,,5200100,Abadiânia,0,,20130501000000,Implantação,20130501000000,Implantação
5321,,,,52,,,,,5200134,Acreúna,0,,20130501000000,Implantação,20130501000000,Implantação
5322,,,,52,,,,,5200159,Adelândia,0,,20130501000000,Implantação,20130501000000,Implantação
5323,,,,52,,,,,5200175,Água Fria de Goiás,0,,20130501000000,Implantação,20130501000000,Implantação
5324,,,,52,,,,,5200209,Água Limpa,0,,20130501000000,Implantação,20130501000000,Implantação
5325,,,,52,,,,,5200258,Águas Lindas de Goiás,0,,20130501000000,Implantação,20130501000000,Implantação
5326,,,,52,,,,,5200308,Alexânia,0,,20130501000000,Implantação,20130501000000,Implantação
5327,,,,52,,,,,5200506,Aloândia,0,,20130501000000,Implantação,20130501000000,Implantação
5328,,,,52,,,,,5200555,Alto Horizonte,0,,20130501000000,Implantação,20130501000000,Implantação
5329,,,,52,,,,,5200605,Alto Paraíso de Goiás,0,,20130501000000,Implantação,20130501000000,Implantação
5330,,,,52,,,,,5200803,Alvorada do Norte,0,,20130501000000,Implantação,20130501000000,Implantação
5331,,,,52,,,,,5200829,Amaralina,0,,20130501000000,Implantação,20130501000000,Implantação
5332,,,,52,,,,,5200852,Americano do Brasil,0,,20130501000000,Implantação,20130501000000,Implantação
5333,,,,52,,,,,5200902,Amorinópolis,0,,20130501000000,Implantação,20130501000000,Implantação
5334,,,,52,,,,,5201108,Anápolis,0,,20130501000000,Implantação,20130501000000,Implantação
5335,,,,52,,,,,5201207,Anhanguera,0,,20130501000000,Implantação,20130501000000,Implantação
5336,,,,52,,,,,5201306,Anicuns,0,,20130501000000,Implantação,20130501000000,Implantação
5337,,,,52,,,,,5201405,Aparecida de Goiânia,0,,20130501000000,Implantação,20130501000000,Implantação
5338,,,,52,,,,,5201454,Aparecida do Rio Doce,0,,20130501000000,Implantação,20130501000000,Implantação
5339,,,,52,,,,,5201504,Aporé,0,,20130501000000,Implantação,20130501000000,Implantação
5340,,,,52,,,,,5201603,Araçu,0,,20130501000000,Implantação,20130501000000,Implantação
5341,,,,52,,,,,5201702,Aragarças,0,,20130501000000,Implantação,20130501000000,Implantação
5342,,,,52,,,,,5201801,Aragoiânia,0,,20130501000000,Implantação,20130501000000,Implantação
5343,,,,52,,,,,5202155,Araguapaz,0,,20130501000000,Implantação,20130501000000,Implantação
5344,,,,52,,,,,5202353,Arenópolis,0,,20130501000000,Implantação,20130501000000,Implantação
5345,,,,52,,,,,5202502,Aruanã,0,,20130501000000,Implantação,20130501000000,Implantação
5346,,,,52,,,,,5202601,Aurilândia,0,,20130501000000,Implantação,20130501000000,Implantação
5347,,,,52,,,,,5202809,Avelinópolis,0,,20130501000000,Implantação,20130501000000,Implantação
5348,,,,52,,,,,5203104,Baliza,0,,20130501000000,Implantação,20130501000000,Implantação
5349,,,,52,,,,,5203203,Barro Alto,0,,20130501000000,Implantação,20130501000000,Implantação
5350,,,,52,,,,,5203302,Bela Vista de Goiás,0,,20130501000000,Implantação,20130501000000,Implantação
5351,,,,52,,,,,5203401,Bom Jardim de Goiás,0,,20130501000000,Implantação,20130501000000,Implantação
5352,,,,52,,,,,5203500,Bom Jesus de Goiás,0,,20130501000000,Implantação,20130501000000,Implantação
5353,,,,52,,,,,5203559,Bonfinópolis,0,,20130501000000,Implantação,20130501000000,Implantação
5354,,,,52,,,,,5203575,Bonópolis,0,,20130501000000,Implantação,20130501000000,Implantação
5355,,,,52,,,,,5203609,Brazabrantes,0,,20130501000000,Implantação,20130501000000,Implantação
5356,,,,52,,,,,5203807,Britânia,0,,20130501000000,Implantação,20130501000000,Implantação
5357,,,,52,,,,,5203906,Buriti Alegre,0,,20130501000000,Implantação,20130501000000,Implantação
5358,,,,52,,,,,5203939,Buriti de Goiás,0,,20130501000000,Implantação,20130501000000,Implantação
5359,,,,52,,,,,5203962,Buritinópolis,0,,20130501000000,Implantação,20130501000000,Implantação
5360,,,,52,,,,,5204003,Cabeceiras,0,,20130501000000,Implantação,20130501000000,Implantação
5361,,,,52,,,,,5204102,Cachoeira Alta,0,,20130501000000,Implantação,20130501000000,Implantação
5362,,,,52,,,,,5204201,Cachoeira de Goiás,0,,20130501000000,Implantação,20130501000000,Implantação
5363,,,,52,,,,,5204250,Cachoeira Dourada,0,,20130501000000,Implantação,20130501000000,Implantação
5364,,,,52,,,,,5204300,Caçu,0,,20130501000000,Implantação,20130501000000,Implantação
5365,,,,52,,,,,5204409,Caiapônia,0,,20130501000000,Implantação,20130501000000,Implantação
5366,,,,52,,,,,5204508,Caldas Novas,0,,20130501000000,Implantação,20130501000000,Implantação
5367,,,,52,,,,,5204557,Caldazinha,0,,20130501000000,Implantação,20130501000000,Implantação
5368,,,,52,,,,,5204607,Campestre de Goiás,0,,20130501000000,Implantação,20130501000000,Implantação
5369,,,,52,,,,,5204656,Campinaçu,0,,20130501000000,Implantação,20130501000000,Implantação
5370,,,,52,,,,,5204706,Campinorte,0,,20130501000000,Implantação,20130501000000,Implantação
5371,,,,52,,,,,5204805,Campo Alegre de Goiás,0,,20130501000000,Implantação,20130501000000,Implantação
5372,,,,52,,,,,5204854,Campo Limpo de Goiás,0,,20130501000000,Implantação,20130501000000,Implantação
5373,,,,52,,,,,5204904,Campos Belos,0,,20130501000000,Implantação,20130501000000,Implantação
5374,,,,52,,,,,5204953,Campos Verdes,0,,20130501000000,Implantação,20130501000000,Implantação
5375,,,,52,,,,,5205000,Carmo do Rio Verde,0,,20130501000000,Implantação,20130501000000,Implantação
5376,,,,52,,,,,5205059,Castelândia,0,,20130501000000,Implantação,20130501000000,Implantação
5377,,,,52,,,,,5205109,Catalão,0,,20130501000000,Implantação,20130501000000,Implantação
5378,,,,52,,,,,5205208,Caturaí,0,,20130501000000,Implantação,20130501000000,Implantação
5379,,,,52,,,,,5205307,Cavalcante,0,,20130501000000,Implantação,20130501000000,Implantação
5380,,,,52,,,,,5205406,Ceres,0,,20130501000000,Implantação,20130501000000,Implantação
5381,,,,52,,,,,5205455,Cezarina,0,,20130501000000,Implantação,20130501000000,Implantação
5382,,,,52,,,,,5205471,Chapadão do Céu,0,,20130501000000,Implantação,20130501000000,Implantação
5383,,,,52,,,,,5205497,Cidade Ocidental,0,,20130501000000,Implantação,20130501000000,Implantação
5384,,,,52,,,,,5205513,Cocalzinho de Goiás,0,,20130501000000,Implantação,20130501000000,Implantação
5385,,,,52,,,,,5205521,Colinas do Sul,0,,20130501000000,Implantação,20130501000000,Implantação
5386,,,,52,,,,,5205703,Córrego do Ouro,0,,20130501000000,Implantação,20130501000000,Implantação
5387,,,,52,,,,,5205802,Corumbá de Goiás,0,,20130501000000,Implantação,20130501000000,Implantação
5388,,,,52,,,,,5205901,Corumbaíba,0,,20130501000000,Implantação,20130501000000,Implantação
5389,,,,52,,,,,5206206,Cristalina,0,,20130501000000,Implantação,20130501000000,Implantação
5390,,,,52,,,,,5206305,Cristianópolis,0,,20130501000000,Implantação,20130501000000,Implantação
5391,,,,52,,,,,5206404,Crixás,0,,20130501000000,Implantação,20130501000000,Implantação
5392,,,,52,,,,,5206503,Cromínia,0,,20130501000000,Implantação,20130501000000,Implantação
5393,,,,52,,,,,5206602,Cumari,0,,20130501000000,Implantação,20130501000000,Implantação
5394,,,,52,,,,,5206701,Damianópolis,0,,20130501000000,Implantação,20130501000000,Implantação
5395,,,,52,,,,,5206800,Damolândia,0,,20130501000000,Implantação,20130501000000,Implantação
5396,,,,52,,,,,5206909,Davinópolis,0,,20130501000000,Implantação,20130501000000,Implantação
5397,,,,52,,,,,5207105,Diorama,0,,20130501000000,Implantação,20130501000000,Implantação
5398,,,,52,,,,,5207253,Doverlândia,0,,20130501000000,Implantação,20130501000000,Implantação
5399,,,,52,,,,,5207352,Edealina,0,,20130501000000,Implantação,20130501000000,Implantação
5400,,,,52,,,,,5207402,Edéia,0,,20130501000000,Implantação,20130501000000,Implantação
5401,,,,52,,,,,5207501,Estrela do Norte,0,,20130501000000,Implantação,20130501000000,Implantação
5402,,,,52,,,,,5207535,Faina,0,,20130501000000,Implantação,20130501000000,Implantação
5403,,,,52,,,,,5207600,Fazenda Nova,0,,20130501000000,Implantação,20130501000000,Implantação
5404,,,,52,,,,,5207808,Firminópolis,0,,20130501000000,Implantação,20130501000000,Implantação
5405,,,,52,,,,,5207907,Flores de Goiás,0,,20130501000000,Implantação,20130501000000,Implantação
5406,,,,52,,,,,5208004,Formosa,0,,20130501000000,Implantação,20130501000000,Implantação
5407,,,,52,,,,,5208103,Formoso,0,,20130501000000,Implantação,20130501000000,Implantação
5408,,,,52,,,,,5208152,Gameleira de Goiás,0,,20130501000000,Implantação,20130501000000,Implantação
5409,,,,52,,,,,5208301,Divinópolis de Goiás,0,,20130501000000,Implantação,20130501000000,Implantação
5410,,,,52,,,,,5208400,Goianápolis,0,,20130501000000,Implantação,20130501000000,Implantação
5411,,,,52,,,,,5208509,Goiandira,0,,20130501000000,Implantação,20130501000000,Implantação
5412,,,,52,,,,,5208608,Goianésia,0,,20130501000000,Implantação,20130501000000,Implantação
5413,,,,52,,,,,5208707,Goiânia,0,,20130501000000,Implantação,20130501000000,Implantação
5414,,,,52,,,,,5208806,Goianira,0,,20130501000000,Implantação,20130501000000,Implantação
5415,,,,52,,,,,5208905,Goiás,0,,20130501000000,Implantação,20130501000000,Implantação
5416,,,,52,,,,,5209101,Goiatuba,0,,20130501000000,Implantação,20130501000000,Implantação
5417,,,,52,,,,,5209150,Gouvelândia,0,,20130501000000,Implantação,20130501000000,Implantação
5418,,,,52,,,,,5209200,Guapó,0,,20130501000000,Implantação,20130501000000,Implantação
5419,,,,52,,,,,5209291,Guaraíta,0,,20130501000000,Implantação,20130501000000,Implantação
5420,,,,52,,,,,5209408,Guarani de Goiás,0,,20130501000000,Implantação,20130501000000,Implantação
5421,,,,52,,,,,5209457,Guarinos,0,,20130501000000,Implantação,20130501000000,Implantação
5422,,,,52,,,,,5209606,Heitoraí,0,,20130501000000,Implantação,20130501000000,Implantação
5423,,,,52,,,,,5209705,Hidrolândia,0,,20130501000000,Implantação,20130501000000,Implantação
5424,,,,52,,,,,5209804,Hidrolina,0,,20130501000000,Implantação,20130501000000,Implantação
5425,,,,52,,,,,5209903,Iaciara,0,,20130501000000,Implantação,20130501000000,Implantação
5426,,,,52,,,,,5209937,Inaciolândia,0,,20130501000000,Implantação,20130501000000,Implantação
5427,,,,52,,,,,5209952,Indiara,0,,20130501000000,Implantação,20130501000000,Implantação
5428,,,,52,,,,,5210000,Inhumas,0,,20130501000000,Implantação,20130501000000,Implantação
5429,,,,52,,,,,5210109,Ipameri,0,,20130501000000,Implantação,20130501000000,Implantação
5430,,,,52,,,,,5210158,Ipiranga de Goiás,0,,20130501000000,Implantação,20130501000000,Implantação
5431,,,,52,,,,,5210208,Iporá,0,,20130501000000,Implantação,20130501000000,Implantação
5432,,,,52,,,,,5210307,Israelândia,0,,20130501000000,Implantação,20130501000000,Implantação
5433,,,,52,,,,,5210406,Itaberaí,0,,20130501000000,Implantação,20130501000000,Implantação
5434,,,,52,,,,,5210562,Itaguari,0,,20130501000000,Implantação,20130501000000,Implantação
5435,,,,52,,,,,5210604,Itaguaru,0,,20130501000000,Implantação,20130501000000,Implantação
5436,,,,52,,,,,5210802,Itajá,0,,20130501000000,Implantação,20130501000000,Implantação
5437,,,,52,,,,,5210901,Itapaci,0,,20130501000000,Implantação,20130501000000,Implantação
5438,,,,52,,,,,5211008,Itapirapuã,0,,20130501000000,Implantação,20130501000000,Implantação
5439,,,,52,,,,,5211206,Itapuranga,0,,20130501000000,Implantação,20130501000000,Implantação
5440,,,,52,,,,,5211305,Itarumã,0,,20130501000000,Implantação,20130501000000,Implantação
5441,,,,52,,,,,5211404,Itauçu,0,,20130501000000,Implantação,20130501000000,Implantação
5442,,,,52,,,,,5211503,Itumbiara,0,,20130501000000,Implantação,20130501000000,Implantação
5443,,,,52,,,,,5211602,Ivolândia,0,,20130501000000,Implantação,20130501000000,Implantação
5444,,,,52,,,,,5211701,Jandaia,0,,20130501000000,Implantação,20130501000000,Implantação
5445,,,,52,,,,,5211800,Jaraguá,0,,20130501000000,Implantação,20130501000000,Implantação
5446,,,,52,,,,,5211909,Jataí,0,,20130501000000,Implantação,20130501000000,Implantação
5447,,,,52,,,,,5212006,Jaupaci,0,,20130501000000,Implantação,20130501000000,Implantação
5448,,,,52,,,,,5212055,Jesúpolis,0,,20130501000000,Implantação,20130501000000,Implantação
5449,,,,52,,,,,5212105,Joviânia,0,,20130501000000,Implantação,20130501000000,Implantação
5450,,,,52,,,,,5212204,Jussara,0,,20130501000000,Implantação,20130501000000,Implantação
5451,,,,52,,,,,5212253,Lagoa Santa,0,,20130501000000,Implantação,20130501000000,Implantação
5452,,,,52,,,,,5212303,Leopoldo de Bulhões,0,,20130501000000,Implantação,20130501000000,Implantação
5453,,,,52,,,,,5212501,Luziânia,0,,20130501000000,Implantação,20130501000000,Implantação
5454,,,,52,,,,,5212600,Mairipotaba,0,,20130501000000,Implantação,20130501000000,Implantação
5455,,,,52,,,,,5212709,Mambaí,0,,20130501000000,Implantação,20130501000000,Implantação
5456,,,,52,,,,,5212808,Mara Rosa,0,,20130501000000,Implantação,20130501000000,Implantação
5457,,,,52,,,,,5212907,Marzagão,0,,20130501000000,Implantação,20130501000000,Implantação
5458,,,,52,,,,,5212956,Matrinchã,0,,20130501000000,Implantação,20130501000000,Implantação
5459,,,,52,,,,,5213004,Maurilândia,0,,20130501000000,Implantação,20130501000000,Implantação
5460,,,,52,,,,,5213053,Mimoso de Goiás,0,,20130501000000,Implantação,20130501000000,Implantação
5461,,,,52,,,,,5213087,Minaçu,0,,20130501000000,Implantação,20130501000000,Implantação
5462,,,,52,,,,,5213103,Mineiros,0,,20130501000000,Implantação,20130501000000,Implantação
5463,,,,52,,,,,5213400,Moiporá,0,,20130501000000,Implantação,20130501000000,Implantação
5464,,,,52,,,,,5213509,Monte Alegre de Goiás,0,,20130501000000,Implantação,20130501000000,Implantação
5465,,,,52,,,,,5213707,Montes Claros de Goiás,0,,20130501000000,Implantação,20130501000000,Implantação
5466,,,,52,,,,,5213756,Montividiu,0,,20130501000000,Implantação,20130501000000,Implantação
5467,,,,52,,,,,5213772,Montividiu do Norte,0,,20130501000000,Implantação,20130501000000,Implantação
5468,,,,52,,,,,5213806,Morrinhos,0,,20130501000000,Implantação,20130501000000,Implantação
5469,,,,52,,,,,5213855,Morro Agudo de Goiás,0,,20130501000000,Implantação,20130501000000,Implantação
5470,,,,52,,,,,5213905,Mossâmedes,0,,20130501000000,Implantação,20130501000000,Implantação
5471,,,,52,,,,,5214002,Mozarlândia,0,,20130501000000,Implantação,20130501000000,Implantação
5472,,,,52,,,,,5214051,Mundo Novo,0,,20130501000000,Implantação,20130501000000,Implantação
5473,,,,52,,,,,5214101,Mutunópolis,0,,20130501000000,Implantação,20130501000000,Implantação
5474,,,,52,,,,,5214408,Nazário,0,,20130501000000,Implantação,20130501000000,Implantação
5475,,,,52,,,,,5214507,Nerópolis,0,,20130501000000,Implantação,20130501000000,Implantação
5476,,,,52,,,,,5214606,Niquelândia,0,,20130501000000,Implantação,20130501000000,Implantação
5477,,,,52,,,,,5214705,Nova América,0,,20130501000000,Implantação,20130501000000,Implantação
5478,,,,52,,,,,5214804,Nova Aurora,0,,20130501000000,Implantação,20130501000000,Implantação
5479,,,,52,,,,,5214838,Nova Crixás,0,,20130501000000,Implantação,20130501000000,Implantação
5480,,,,52,,,,,5214861,Nova Glória,0,,20130501000000,Implantação,20130501000000,Implantação
5481,,,,52,,,,,5214879,Nova Iguaçu de Goiás,0,,20130501000000,Implantação,20130501000000,Implantação
5482,,,,52,,,,,5214903,Nova Roma,0,,20130501000000,Implantação,20130501000000,Implantação
5483,,,,52,,,,,5215009,Nova Veneza,0,,20130501000000,Implantação,20130501000000,Implantação
5484,,,,52,,,,,5215207,Novo Brasil,0,,20130501000000,Implantação,20130501000000,Implantação
5485,,,,52,,,,,5215231,Novo Gama,0,,20130501000000,Implantação,20130501000000,Implantação
5486,,,,52,,,,,5215256,Novo Planalto,0,,20130501000000,Implantação,20130501000000,Implantação
5487,,,,52,,,,,5215306,Orizona,0,,20130501000000,Implantação,20130501000000,Implantação
5488,,,,52,,,,,5215405,Ouro Verde de Goiás,0,,20130501000000,Implantação,20130501000000,Implantação
5489,,,,52,,,,,5215504,Ouvidor,0,,20130501000000,Implantação,20130501000000,Implantação
5490,,,,52,,,,,5215603,Padre Bernardo,0,,20130501000000,Implantação,20130501000000,Implantação
5491,,,,52,,,,,5215652,Palestina de Goiás,0,,20130501000000,Implantação,20130501000000,Implantação
5492,,,,52,,,,,5215702,Palmeiras de Goiás,0,,20130501000000,Implantação,20130501000000,Implantação
5493,,,,52,,,,,5215801,Palmelo,0,,20130501000000,Implantação,20130501000000,Implantação
5494,,,,52,,,,,5215900,Palminópolis,0,,20130501000000,Implantação,20130501000000,Implantação
5495,,,,52,,,,,5216007,Panamá,0,,20130501000000,Implantação,20130501000000,Implantação
5496,,,,52,,,,,5216304,Paranaiguara,0,,20130501000000,Implantação,20130501000000,Implantação
5497,,,,52,,,,,5216403,Paraúna,0,,20130501000000,Implantação,20130501000000,Implantação
5498,,,,52,,,,,5216452,Perolândia,0,,20130501000000,Implantação,20130501000000,Implantação
5499,,,,52,,,,,5216809,Petrolina de Goiás,0,,20130501000000,Implantação,20130501000000,Implantação
5500,,,,52,,,,,5216908,Pilar de Goiás,0,,20130501000000,Implantação,20130501000000,Implantação
5501,,,,52,,,,,5217104,Piracanjuba,0,,20130501000000,Implantação,20130501000000,Implantação
5502,,,,52,,,,,5217203,Piranhas,0,,20130501000000,Implantação,20130501000000,Implantação
5503,,,,52,,,,,5217302,Pirenópolis,0,,20130501000000,Implantação,20130501000000,Implantação
5504,,,,52,,,,,5217401,Pires do Rio,0,,20130501000000,Implantação,20130501000000,Implantação
5505,,,,52,,,,,5217609,Planaltina,0,,20130501000000,Implantação,20130501000000,Implantação
5506,,,,52,,,,,5217708,Pontalina,0,,20130501000000,Implantação,20130501000000,Implantação
5507,,,,52,,,,,5218003,Porangatu,0,,20130501000000,Implantação,20130501000000,Implantação
5508,,,,52,,,,,5218052,Porteirão,0,,20130501000000,Implantação,20130501000000,Implantação
5509,,,,52,,,,,5218102,Portelândia,0,,20130501000000,Implantação,20130501000000,Implantação
5510,,,,52,,,,,5218300,Posse,0,,20130501000000,Implantação,20130501000000,Implantação
5511,,,,52,,,,,5218391,Professor Jamil,0,,20130501000000,Implantação,20130501000000,Implantação
5512,,,,52,,,,,5218508,Quirinópolis,0,,20130501000000,Implantação,20130501000000,Implantação
5513,,,,52,,,,,5218607,Rialma,0,,20130501000000,Implantação,20130501000000,Implantação
5514,,,,52,,,,,5218706,Rianápolis,0,,20130501000000,Implantação,20130501000000,Implantação
5515,,,,52,,,,,5218789,Rio Quente,0,,20130501000000,Implantação,20130501000000,Implantação
5516,,,,52,,,,,5218805,Rio Verde,0,,20130501000000,Implantação,20130501000000,Implantação
5517,,,,52,,,,,5218904,Rubiataba,0,,20130501000000,Implantação,20130501000000,Implantação
5518,,,,52,,,,,5219001,Sanclerlândia,0,,20130501000000,Implantação,20130501000000,Implantação
5519,,,,52,,,,,5219100,Santa Bárbara de Goiás,0,,20130501000000,Implantação,20130501000000,Implantação
5520,,,,52,,,,,5219209,Santa Cruz de Goiás,0,,20130501000000,Implantação,20130501000000,Implantação
5521,,,,52,,,,,5219258,Santa Fé de Goiás,0,,20130501000000,Implantação,20130501000000,Implantação
5522,,,,52,,,,,5219308,Santa Helena de Goiás,0,,20130501000000,Implantação,20130501000000,Implantação
5523,,,,52,,,,,5219357,Santa Isabel,0,,20130501000000,Implantação,20130501000000,Implantação
5524,,,,52,,,,,5219407,Santa Rita do Araguaia,0,,20130501000000,Implantação,20130501000000,Implantação
5525,,,,52,,,,,5219456,Santa Rita do Novo Destino,0,,20130501000000,Implantação,20130501000000,Implantação
5526,,,,52,,,,,5219506,Santa Rosa de Goiás,0,,20130501000000,Implantação,20130501000000,Implantação
5527,,,,52,,,,,5219605,Santa Tereza de Goiás,0,,20130501000000,Implantação,20130501000000,Implantação
5528,,,,52,,,,,5219704,Santa Terezinha de Goiás,0,,20130501000000,Implantação,20130501000000,Implantação
5529,,,,52,,,,,5219712,Santo Antônio da Barra,0,,20130501000000,Implantação,20130501000000,Implantação
5530,,,,52,,,,,5219738,Santo Antônio de Goiás,0,,20130501000000,Implantação,20130501000000,Implantação
5531,,,,52,,,,,5219753,Santo Antônio do Descoberto,0,,20130501000000,Implantação,20130501000000,Implantação
5532,,,,52,,,,,5219803,São Domingos,0,,20130501000000,Implantação,20130501000000,Implantação
5533,,,,52,,,,,5219902,São Francisco de Goiás,0,,20130501000000,Implantação,20130501000000,Implantação
5534,,,,52,,,,,5220009,São João d'Aliança,0,,20130501000000,Implantação,20130501000000,Implantação
5535,,,,52,,,,,5220058,São João da Paraúna,0,,20130501000000,Implantação,20130501000000,Implantação
5536,,,,52,,,,,5220108,São Luís de Montes Belos,0,,20130501000000,Implantação,20130501000000,Implantação
5537,,,,52,,,,,5220157,São Luíz do Norte,0,,20130501000000,Implantação,20130501000000,Implantação
5538,,,,52,,,,,5220207,São Miguel do Araguaia,0,,20130501000000,Implantação,20130501000000,Implantação
5539,,,,52,,,,,5220264,São Miguel do Passa Quatro,0,,20130501000000,Implantação,20130501000000,Implantação
5540,,,,52,,,,,5220280,São Patrício,0,,20130501000000,Implantação,20130501000000,Implantação
5541,,,,52,,,,,5220405,São Simão,0,,20130501000000,Implantação,20130501000000,Implantação
5542,,,,52,,,,,5220454,Senador Canedo,0,,20130501000000,Implantação,20130501000000,Implantação
5543,,,,52,,,,,5220504,Serranópolis,0,,20130501000000,Implantação,20130501000000,Implantação
5544,,,,52,,,,,5220603,Silvânia,0,,20130501000000,Implantação,20130501000000,Implantação
5545,,,,52,,,,,5220686,Simolândia,0,,20130501000000,Implantação,20130501000000,Implantação
5546,,,,52,,,,,5220702,Sítio d'Abadia,0,,20130501000000,Implantação,20130501000000,Implantação
5547,,,,52,,,,,5221007,Taquaral de Goiás,0,,20130501000000,Implantação,20130501000000,Implantação
5548,,,,52,,,,,5221080,Teresina de Goiás,0,,20130501000000,Implantação,20130501000000,Implantação
5549,,,,52,,,,,5221197,Terezópolis de Goiás,0,,20130501000000,Implantação,20130501000000,Implantação
5550,,,,52,,,,,5221304,Três Ranchos,0,,20130501000000,Implantação,20130501000000,Implantação
5551,,,,52,,,,,5221403,Trindade,0,,20130501000000,Implantação,20130501000000,Implantação
5552,,,,52,,,,,5221452,Trombas,0,,20130501000000,Implantação,20130501000000,Implantação
5553,,,,52,,,,,5221502,Turvânia,0,,20130501000000,Implantação,20130501000000,Implantação
5554,,,,52,,,,,5221551,Turvelândia,0,,20130501000000,Implantação,20130501000000,Implantação
5555,,,,52,,,,,5221577,Uirapuru,0,,20130501000000,Implantação,20130501000000,Implantação
5556,,,,52,,,,,5221601,Uruaçu,0,,20130501000000,Implantação,20130501000000,Implantação
5557,,,,52,,,,,5221700,Uruana,0,,20130501000000,Implantação,20130501000000,Implantação
5558,,,,52,,,,,5221809,Urutaí,0,,20130501000000,Implantação,20130501000000,Implantação
5559,,,,52,,,,,5221858,Valparaíso de Goiás,0,,20130501000000,Implantação,20130501000000,Implantação
5560,,,,52,,,,,5221908,Varjão,0,,20130501000000,Implantação,20130501000000,Implantação
5561,,,,52,,,,,5222005,Vianópolis,0,,20130501000000,Implantação,20130501000000,Implantação
5562,,,,52,,,,,5222054,Vicentinópolis,0,,20130501000000,Implantação,20130501000000,Implantação
5563,,,,52,,,,,5222203,Vila Boa,0,,20130501000000,Implantação,20130501000000,Implantação
5564,,,,52,,,,,5222302,Vila Propício,0,,20130501000000,Implantação,20130501000000,Implantação
5565,,,,53,,,,,5300108,Brasília,0,,20130501000000,Implantação,20130501000000,Implantação
2244,12,,8,31,,59,51,,3100104,Abadia dos Dourados,140,,20130501000000,Implantação,20130501000000,Implantação
2249,4,,12,31,,77,59,,3100609,Água Boa,305,,20130501000000,Implantação,20130501000000,Implantação
2257,11,,2,31,,74,56,,3101409,Albertina,100,,20130501000000,Implantação,20130501000000,Implantação
2265,5,,9,31,,55,41,,3102050,Alto Caparaó,45,,20130501000000,Implantação,20130501000000,Implantação
2270,5,,9,31,,73,55,,3102506,Amparo do Serra,21,,20130501000000,Implantação,20130501000000,Implantação
2271,11,,2,31,,72,54,,3102605,Andradas,100,,20170523142502,ana.flavia,20130501000000,Implantação
2272,6,,3,31,,69,52,,3102704,Cachoeira de Pajeú,30,,20170111110441,marcos.lopes,20130501000000,Implantação
2285,7,,8,31,,67,50,,3103801,Arapuá,65,,20130501000000,Implantação,20130501000000,Implantação
2287,13,,8,31,,7,6,,3104007,Araxá,0,,20160422093848,monique.campos,20130501000000,Implantação
2291,10,,9,31,,51,39,,3104403,Argirita,,,20130501000000,Implantação,20130501000000,Implantação
2293,7,,7,31,,96,73,,3104502,Arinos,460,,20130501000000,Implantação,20130501000000,Implantação
2298,1,,1,31,,87,66,,3105004,Baldim,50,,20160707114019,rosangela,20130501000000,Implantação
2302,1,,1,31,,38,28,,3105400,Barão de Cocais,78,,20160425100625,monique.campos,20130501000000,Implantação
2309,1,,1,31,,9,8,,3106200,Belo Horizonte,0,,20170524112546,natalia.araujo,20130501000000,Implantação
2311,1,,1,31,,9,8,,3106408,Belo Vale,150,,20130501000000,Implantação,20130501000000,Implantação
2322,9,,10,31,,13,10,,3107406,Bom Despacho,70,,20150827091613,bruna.costa,20130501000000,Implantação
2325,1,,1,31,,38,28,,3107703,Bom Jesus do Amparo,70,,20160914144625,rosangela,20130501000000,Implantação
2326,4,,12,31,,20,13,,3107802,Bom Jesus do Galho,135,,20130501000000,Implantação,20130501000000,Implantação
2327,11,,2,31,,74,56,,3107901,Bom Repouso,52,,20141223083521,ana.claudia,20130501000000,Implantação
2330,7,,7,31,,96,73,,3108206,Bonfinópolis de Minas,315,,20130501000000,Implantação,20130501000000,Implantação
2332,11,,2,31,,74,56,,3108305,Borda da Mata,36,,20130501000000,Implantação,20130501000000,Implantação
2335,7,,7,31,,67,50,,3108552,Brasilândia de Minas,240,,20130501000000,Implantação,20130501000000,Implantação
2341,11,,2,31,,74,56,,3109105,Bueno Brandão,80,,20150213115850,bruna.costa,20130501000000,Implantação
2344,7,,7,31,,96,73,,3109303,Buritis,475,,20130501000000,Implantação,20130501000000,Implantação
2346,7,,7,31,,96,73,,3109451,Cabeceira Grande,,,20130501000000,Implantação,20130501000000,Implantação
2348,1,,1,31,,87,66,,3109600,Cachoeira da Prata,35,,20130501000000,Implantação,20130501000000,Implantação
2349,11,,2,31,,74,56,,3109709,Cachoeira de Minas,36,,20170315104518,ana.flavia,20130501000000,Implantação
2351,1,,1,31,,87,66,,3109907,Caetanópolis,30,,20130501000000,Implantação,20130501000000,Implantação
2352,1,,1,31,,16,8,,3110004,Caeté,49,,20130501000000,Implantação,20130501000000,Implantação
2355,11,,2,31,,72,54,,3110301,Caldas,90,,20130501000000,Implantação,20130501000000,Implantação
2357,11,,2,31,,74,56,,3110509,Camanducaia,80,,20161006101251,heloisa,20130501000000,Implantação
2358,11,,2,31,,74,56,,3110608,Cambuí,56,,20160118155458,soraia.miranda,20130501000000,Implantação
2368,13,,8,31,,7,6,,3111507,Campos Altos,,,20130501000000,Implantação,20130501000000,Implantação
2383,11,,2,31,,71,49,,3112802,Capitólio,75,,20130501000000,Implantação,20130501000000,Implantação
2384,5,,9,31,,55,41,,3112901,Caputira,150,,20130501000000,Implantação,20130501000000,Implantação
2386,2,,6,31,,24,14,,3113107,Caranaíba,65,,20130501000000,Implantação,20130501000000,Implantação
2391,11,,2,31,,74,56,,3113602,Careaçu,47,,20130501000000,Implantação,20130501000000,Implantação
2393,1,,12,31,,35,25,,3113800,Carmésia,94,,20130501000000,Implantação,20130501000000,Implantação
2405,2,,1,31,,24,14,,3114907,Casa Grande,80,,20130501000000,Implantação,20130501000000,Implantação
2406,12,,8,31,,6,72,,3115003,Cascalho Rico,86,,20130501000000,Implantação,20130501000000,Implantação
2411,2,,1,31,,24,14,,3115409,Catas Altas da Noruega,120,,20130501000000,Implantação,20130501000000,Implantação
2417,12,,8,31,,44,33,,3115805,Centralina,85,,20130501000000,Implantação,20130501000000,Implantação
2422,10,,9,31,,49,37,,3116209,Chiador,70,,20130501000000,Implantação,20130501000000,Implantação
2434,5,,12,31,,55,41,,3117405,Conceição de Ipanema,210,,20130501000000,Implantação,20130501000000,Implantação
2438,11,,2,31,,74,56,,3117801,Conceição dos Ouros,44,,20160531145350,heloisa,20130501000000,Implantação
2441,11,,2,31,,74,56,,3117900,Congonhal,20,,20130501000000,Implantação,20130501000000,Implantação
2442,2,,1,31,,23,14,,3118007,Congonhas,90,,20140731163114,ana.claudia,20130501000000,Implantação
2444,13,,8,31,,94,71,,3118205,Conquista,,,20130501000000,Implantação,20130501000000,Implantação
2448,1,,1,31,,25,15,,3118601,Contagem,21,,20160705094454,marcos.lopes,20130501000000,Implantação
2451,1,,1,31,,87,66,,3118908,Cordisburgo,45,,20130501000000,Implantação,20130501000000,Implantação
2461,11,,2,31,,74,56,,3119906,Córrego do Bom Jesus,65,,20160422094644,monique.campos,20130501000000,Implantação
2474,8,,5,31,,76,58,,3120870,Curral de Dentro,95,,20130501000000,Implantação,20130501000000,Implantação
2481,2,,1,31,,23,14,,3121407,Desterro de Entre Rios,102,,20130501000000,Implantação,20130501000000,Implantação
2485,4,,1,31,,48,17,,3121803,Dionísio,96,,20130501000000,Implantação,20130501000000,Implantação
2494,7,,7,31,,96,73,,3122470,Dom Bosco,395,,20140905092455,ana.claudia,20130501000000,Implantação
2500,2,,6,31,,82,62,,3123007,Dores de Campos,45,,20170303102950,ana.flavia,20130501000000,Implantação
2504,11,,4,31,,71,49,,3123403,Doresópolis,130,,20130501000000,Implantação,20130501000000,Implantação
2506,5,,9,31,,55,41,,3123528,Durandé,0,,20160422095217,monique.campos,20130501000000,Implantação
2511,2,,1,31,,24,14,,3123908,Entre Rios de Minas,66,,20130501000000,Implantação,20130501000000,Implantação
2516,11,,2,31,,74,56,,3124401,Espírito Santo do Dourado,25,,20130501000000,Implantação,20130501000000,Implantação
2517,11,,2,31,,74,56,,3124500,Estiva,35,,20130501000000,Implantação,20130501000000,Implantação
2523,11,,2,31,,74,56,,3125101,Extrema,113,,20170125144357,marcos.lopes,20130501000000,Implantação
2531,1,,1,31,,38,28,,3125903,Ferros,96,,20151105093736,bruna.costa,20130501000000,Implantação
2535,7,,7,31,,96,73,,3126208,Formoso,640,,20130501000000,Implantação,20130501000000,Implantação
2537,1,,1,31,,87,66,,3126406,Fortuna de Minas,38,,20130501000000,Implantação,20130501000000,Implantação
2550,4,,12,31,,34,24,,3127305,Galiléia,62,,20130501000000,Implantação,20130501000000,Implantação
2562,11,,2,31,,71,49,,3128105,Guapé,120,,20150923104705,monique.campos,20130501000000,Implantação
2566,10,,9,31,,93,70,,3128402,Guarani,45,,20150827153344,bruna.costa,20130501000000,Implantação
2568,7,,7,31,,67,50,,3128600,Guarda-Mor,140,,20150227171810,ana.claudia,20130501000000,Implantação
2574,11,,2,31,,74,56,,3129202,Heliodora,61,,20130501000000,Implantação,20130501000000,Implantação
2577,13,,8,31,,7,6,,3129509,Ibiá,0,,20150304150824,bruna.costa,20130501000000,Implantação
2582,11,,2,31,,72,54,,3129905,Ibitiúra de Minas,89,,20130501000000,Implantação,20130501000000,Implantação
2591,11,,2,31,,74,56,,3130606,Inconfidentes,57,,20170427134618,natalia.araujo,20130501000000,Implantação
2596,1,,1,31,,87,66,,3131000,Inhaúma,26,,20130501000000,Implantação,20130501000000,Implantação
2602,11,,2,31,,74,56,,3131505,Ipuiúna,40,,20130501000000,Implantação,20130501000000,Implantação
2604,1,,1,31,,38,28,,3131703,Itabira,0,,20150807144933,bruna.costa,20130501000000,Implantação
2606,1,,1,31,,39,29,,3131901,Itabirito,55,,20170619084038,marcos.lopes,20130501000000,Implantação
2615,1,,1,31,,38,28,,3132800,Itambé do Mato Dentro,70,,20130501000000,Implantação,20130501000000,Implantação
2623,11,,2,31,,74,56,,3133600,Itapeva,85,,20130501000000,Implantação,20130501000000,Implantação
2627,2,,1,31,,24,14,,3133907,Itaverava,95,,20170411101117,natalia.araujo,20130501000000,Implantação
2637,11,,2,31,,74,56,,3134905,Jacutinga,86,,20130501000000,Implantação,20130501000000,Implantação
2645,2,,1,31,,23,14,,3135407,Jeceaba,115,,20161020152922,marcos.lopes,20130501000000,Implantação
2655,7,,7,31,,67,50,,3136306,João Pinheiro,160,,20130501000000,Implantação,20130501000000,Implantação
2661,2,,1,31,,16,8,,3136603,Nova União,59,,20130501000000,Implantação,20130501000000,Implantação
2663,10,,9,31,,49,37,,3136702,Juiz de Fora,,,20130501000000,Implantação,20130501000000,Implantação
2668,7,,7,31,,67,50,,3137106,Lagamar,80,,20130501000000,Implantação,20130501000000,Implantação
2672,7,,8,31,,67,50,,3137502,Lagoa Formosa,25,,20130501000000,Implantação,20130501000000,Implantação
2673,7,,7,31,,67,50,,3137536,Lagoa Grande,85,,20170220100936,rosangela,20130501000000,Implantação
2678,10,,9,31,,51,39,,3138005,Laranjal,,,20130501000000,Implantação,20130501000000,Implantação
2680,11,,6,31,,50,38,,3138203,Lavras,120,,20130501000000,Implantação,20130501000000,Implantação
2685,10,,9,31,,52,37,,3138609,Lima Duarte,70,,20141201115204,ana.claudia,20130501000000,Implantação
2698,5,,9,31,,55,41,,3139409,Manhuaçu,50,,20160425115323,monique.campos,20130501000000,Implantação
2704,1,,1,31,,39,29,,3140001,Mariana,115,,20130501000000,Implantação,20130501000000,Implantação
2717,5,,9,31,,55,41,,3140902,Matipó,140,,20170511092928,marcos.lopes,20130501000000,Implantação
2720,7,,8,31,,67,50,,3141207,Matutina,130,,20150630141310,marcos.lopes,20130501000000,Implantação
2732,1,,1,31,,9,8,,3142304,Moeda,65,,20170131174158,ana.flavia,20130501000000,Implantação
2744,11,,2,31,,74,56,,3143401,Monte Sião,102,,20130501000000,Implantação,20130501000000,Implantação
2749,11,,2,31,,74,56,,3143807,Munhoz,85,,20130501000000,Implantação,20130501000000,Implantação
2756,7,,7,31,,96,73,,3144375,Natalândia,370,,20130501000000,Implantação,20130501000000,Implantação
2757,11,,2,31,,74,56,,3144409,Natércia,80,,20130501000000,Implantação,20130501000000,Implantação
2763,1,,1,31,,63,8,,3144805,Nova Lima,22,,20161128105711,marcos.lopes,20130501000000,Implantação
2765,12,,8,31,,95,72,,3145000,Nova Ponte,88,,20130501000000,Implantação,20130501000000,Implantação
2772,10,,9,31,,52,37,,3145406,Olaria,80,,20170524133504,natalia.araujo,20130501000000,Implantação
2780,2,,1,31,,23,14,,3145901,Ouro Branco,100,,20130501000000,Implantação,20130501000000,Implantação
2781,11,,2,31,,74,56,,3146008,Ouro Fino,67,,20130501000000,Implantação,20130501000000,Implantação
2782,1,,1,31,,39,29,,3146107,Ouro Preto,96,,20150506085946,cristiane.dutra,20130501000000,Implantação
2793,7,,7,31,,96,73,,3147006,Paracatu,220,,20160126143839,soraia.miranda,20130501000000,Implantação
2797,1,,1,31,,87,66,,3147402,Paraopeba,38,,20130501000000,Implantação,20130501000000,Implantação
2798,1,,1,31,,38,28,,3147501,Passabém,36,,20130501000000,Implantação,20130501000000,Implantação
2804,7,,8,31,,67,50,,3148004,Patos de Minas,,,20130501000000,Implantação,20130501000000,Implantação
2807,5,,9,31,,99,76,,3148301,Paula Cândido,70,,20170124161840,marcos.lopes,20130501000000,Implantação
2811,6,,3,31,,69,52,,3148707,Pedra Azul,0,,20151201153642,bruna.costa,20130501000000,Implantação
2815,10,,9,31,,19,12,,3149002,Pedra Dourada,180,,20130501000000,Implantação,20130501000000,Implantação
2818,13,,8,31,,7,6,,3149200,Pedrinópolis,0,,20160118153056,soraia.miranda,20130501000000,Implantação
2838,2,,9,31,,24,14,,3150802,Piranga,150,,20170125112800,marcos.lopes,20130501000000,Implantação
2845,11,,4,31,,71,49,,3151503,Piumhi,100,,20170412101228,carolina.martins,20130501000000,Implantação
2848,11,,2,31,,72,54,,3151800,Poços de Caldas,130,,20150622103004,daisyane,20130501000000,Implantação
2849,5,,12,31,,55,41,,3151909,Pocrane,280,,20170324080821,natalia.araujo,20130501000000,Implantação
2852,8,,5,31,,70,53,,3152131,Ponto Chique,,,20130501000000,Implantação,20130501000000,Implantação
2857,11,,2,31,,74,56,,3152501,Pouso Alegre,0,,20160601112826,bruna.costa,20130501000000,Implantação
2862,13,,8,31,,7,6,,3153004,Pratinha,,,20130501000000,Implantação,20130501000000,Implantação
2866,7,,7,31,,67,50,,3153400,Presidente Olegário,30,,20130501000000,Implantação,20130501000000,Implantação
2870,2,,1,31,,24,3,,3153806,Queluzito,70,,20130501000000,Implantação,20130501000000,Implantação
2871,1,,1,31,,63,8,,3153905,Raposos,27,,20130501000000,Implantação,20130501000000,Implantação
2878,7,,5,31,,96,73,,3154457,Riachinho,316,,20130501000000,Implantação,20130501000000,Implantação
2880,1,,1,31,,9,8,,3154606,Ribeirão das Neves,37,,20170801153627,marcos.lopes,20130501000000,Implantação
2882,1,,1,31,,63,8,,3154804,Rio Acima,41,,20170220161010,marcos.lopes,20130501000000,Implantação
2885,6,,3,31,,4,4,,3155108,Rio do Prado,161,,20130501000000,Implantação,20130501000000,Implantação
2886,2,,9,31,,24,14,,3155207,Rio Espera,90,,20130501000000,Implantação,20130501000000,Implantação
2888,10,,9,31,,49,37,,3155405,Rio Novo,55,,20150601153345,bruna.costa,20130501000000,Implantação
2889,7,,8,31,,67,50,,3155504,Rio Paranaíba,100,,20161206142624,rosangela,20130501000000,Implantação
2893,10,,9,31,,49,37,,3155900,Rio Preto,95,,20130501000000,Implantação,20130501000000,Implantação
2897,10,,9,31,,93,70,,3156304,Rodeiro,15,,20130501000000,Implantação,20130501000000,Implantação
2898,12,,8,31,,59,51,,3156403,Romaria,89,,20130501000000,Implantação,20130501000000,Implantação
2902,1,,1,31,,9,8,,3156700,Sabará,19,,20170621160131,marcos.lopes,20130501000000,Implantação
2904,13,,8,31,,94,71,,3156908,Sacramento,,,20130501000000,Implantação,20130501000000,Implantação
2909,10,,9,31,,49,37,,3157278,Santa Bárbara do Monte Verde,75,,20130501000000,Implantação,20130501000000,Implantação
2917,13,,8,31,,7,6,,3157708,Santa Juliana,0,,20160620091358,rosangela,20130501000000,Implantação
2919,5,,9,31,,55,41,,3157906,Santa Margarida,140,,20130501000000,Implantação,20130501000000,Implantação
2920,1,,1,31,,38,28,,3158003,Santa Maria de Itabira,23,,20130501000000,Implantação,20130501000000,Implantação
2923,11,,2,31,,91,69,,3158300,Santana da Vargem,44,,20130501000000,Implantação,20130501000000,Implantação
2924,10,,9,31,,21,39,,3158409,Santana de Cataguases,0,,20170309150925,marcos.lopes,20130501000000,Implantação
2925,1,,1,31,,87,66,,3158508,Santana de Pirapama,78,,20130501000000,Implantação,20130501000000,Implantação
2926,10,,9,31,,49,37,,3158607,Santana do Deserto,80,,20130501000000,Implantação,20130501000000,Implantação
2932,2,,1,31,,24,14,,3159100,Santana dos Montes,75,,20130501000000,Implantação,20130501000000,Implantação
2933,11,,2,31,,72,54,,3159209,Santa Rita de Caldas,70,,20170106123957,marcos.lopes,20130501000000,Implantação
2938,11,,2,31,,74,56,,3159605,Santa Rita do Sapucaí,30,,20130501000000,Implantação,20130501000000,Implantação
2939,7,,8,31,,67,50,,3159704,Santa Rosa da Serra,175,,20130501000000,Implantação,20130501000000,Implantação
2952,2,,1,31,,23,14,,3160900,São Brás do Suaçuí,105,,20130501000000,Implantação,20130501000000,Implantação
2956,8,,5,31,,81,11,,3161106,São Francisco,156,,20170627090553,natalia.araujo,20130501000000,Implantação
2963,7,,7,31,,67,50,,3161700,São Gonçalo do Abaeté,110,,20130501000000,Implantação,20130501000000,Implantação
2965,1,,1,31,,48,28,,3161908,São Gonçalo do Rio Abaixo,44,,20130501000000,Implantação,20130501000000,Implantação
2967,7,,8,31,,67,50,,3162104,São Gotardo,110,,20130501000000,Implantação,20130501000000,Implantação
2970,11,,2,31,,74,56,,3162302,São João da Mata,45,,20130501000000,Implantação,20130501000000,Implantação
2973,2,,6,31,,82,62,,3162500,São João del Rei,0,,20150917142818,monique.campos,20130501000000,Implantação
2983,1,,1,31,,98,75,,3162955,São José da Lapa,23,,20130501000000,Implantação,20130501000000,Implantação
2988,5,,1,31,,48,55,,3163409,São José do Goiabal,106,,20130501000000,Implantação,20130501000000,Implantação
2993,11,,2,31,,36,26,,3163904,São Pedro da União,137,,20130501000000,Implantação,20130501000000,Implantação
2997,11,,4,31,,71,49,,3164308,São Roque de Minas,170,,20130501000000,Implantação,20130501000000,Implantação
2998,11,,2,31,,74,56,,3164407,São Sebastião da Bela Vista,45,,20130501000000,Implantação,20130501000000,Implantação
3004,1,,1,31,,38,28,,3164803,São Sebastião do Rio Preto,80,,20130501000000,Implantação,20130501000000,Implantação
3015,11,,2,31,,74,56,,3165578,Senador Amaral,80,,20130501000000,Implantação,20130501000000,Implantação
3018,11,,2,31,,74,56,,3165800,Senador José Bento,30,,20130501000000,Implantação,20130501000000,Implantação
2290,11,,2,31,,3,3,,3104304,Areado,31,,20130501000000,Implantação,20130501000000,Implantação
3020,2,,9,31,,24,14,,3166006,Senhora de Oliveira,95,,20130501000000,Implantação,20130501000000,Implantação
3023,5,,9,31,,55,41,,3166303,Sericita,205,,20130501000000,Implantação,20130501000000,Implantação
3033,1,,1,31,,87,66,,3167202,Sete Lagoas,0,,20160118154539,soraia.miranda,20130501000000,Implantação
3035,11,,2,31,,74,56,,3167400,Silvianópolis,39,,20170105110256,marcos.lopes,20130501000000,Implantação
3036,10,,9,31,,49,37,,3167509,Simão Pereira,45,,20130501000000,Implantação,20130501000000,Implantação
3037,5,,9,31,,55,41,,3167608,Simonésia,115,,20130501000000,Implantação,20130501000000,Implantação
3043,13,,8,31,,7,6,,3168101,Tapira,,,20130501000000,Implantação,20130501000000,Implantação
3051,7,,8,31,,67,50,,3168903,Tiros,90,,20130501000000,Implantação,20130501000000,Implantação
3053,11,,2,31,,74,56,,3169059,Tocos do Moji,35,,20130501000000,Implantação,20130501000000,Implantação
3054,11,,2,31,,74,56,,3169109,Toledo,115,,20130501000000,Implantação,20130501000000,Implantação
3057,1,,10,31,,28,18,,3169356,Três Marias,218,,20130501000000,Implantação,20130501000000,Implantação
3062,11,,2,31,,74,56,,3169802,Turvolândia,65,,20130501000000,Implantação,20130501000000,Implantação
3066,13,,8,31,,94,71,,3170107,Uberaba,,,20130501000000,Implantação,20130501000000,Implantação
3069,7,,7,31,,96,73,,3170404,Unaí,315,,20160705111536,marcos.lopes,20130501000000,Implantação
3071,7,,7,31,,96,73,,3170479,Uruana de Minas,415,,20170613163349,marcos.lopes,20130501000000,Implantação
3075,11,,4,31,,71,49,,3170602,Vargem Bonita,160,,20130501000000,Implantação,20130501000000,Implantação
3078,7,,7,31,,67,50,,3170750,Varjão de Minas,,,20130501000000,Implantação,20130501000000,Implantação
3081,7,,7,31,,67,50,,3171006,Vazante,120,,20160916100517,marcos.lopes,20130501000000,Implantação
3086,1,,1,31,,98,75,,3171204,Vespasiano,28,,20130501000000,Implantação,20130501000000,Implantação
2245,1,,10,31,,87,66,,3100203,Abaeté,212,,20130501000000,Implantação,20130501000000,Implantação
2246,5,,9,31,,55,41,,3100302,Abre Campo,180,,20151119113350,marcos.lopes,20130501000000,Implantação
2247,5,,9,31,,73,55,,3100401,Acaiaca,36,,20130501000000,Implantação,20130501000000,Implantação
2248,4,,12,31,,37,27,,3100500,Açucena,78,,20130501000000,Implantação,20130501000000,Implantação
2250,13,,8,31,,94,71,,3100708,Água Comprida,0,,20170706103545,natalia.araujo,20130501000000,Implantação
2251,9,,4,31,,17,60,,3100807,Aguanil,150,,20160108125130,heloisa,20130501000000,Implantação
2252,6,,11,31,,1,1,,3100906,Águas Formosas,160,,20170126102844,marcos.lopes,20130501000000,Implantação
2253,6,,5,31,,69,52,,3101003,Águas Vermelhas,50,,20130501000000,Implantação,20130501000000,Implantação
2254,4,,12,31,,75,57,,3101102,Aimorés,159,,20130501000000,Implantação,20130501000000,Implantação
2255,11,,2,31,,22,64,,3101201,Aiuruoca,150,,20130501000000,Implantação,20130501000000,Implantação
2256,11,,2,31,,85,64,,3101300,Alagoa,190,,20130501000000,Implantação,20130501000000,Implantação
2258,10,,9,31,,2,2,,3101508,Além Paraíba,0,,20150917144639,monique.campos,20130501000000,Implantação
2259,11,,2,31,,3,3,,3101607,Alfenas,0,,20160422093713,monique.campos,20130501000000,Implantação
2260,2,,6,31,,8,7,,3101631,Alfredo Vasconcelos,10,,20170120125331,marcos.lopes,20130501000000,Implantação
2261,6,,3,31,,4,4,,3101706,Almenara,94,,20150826112006,bruna.costa,20130501000000,Implantação
2262,4,,12,31,,34,24,,3101805,Alpercata,20,,20130501000000,Implantação,20130501000000,Implantação
2263,11,,2,31,,66,49,,3101904,Alpinópolis,50,,20130501000000,Implantação,20130501000000,Implantação
2264,11,,2,31,,3,3,,3102001,Alterosa,43,,20130501000000,Implantação,20130501000000,Implantação
2266,2,,9,31,,8,7,,3102100,Alto Rio Doce,52,,20170508085304,marcos.lopes,20130501000000,Implantação
2267,4,,12,31,,75,57,,3102209,Alvarenga,150,,20130501000000,Implantação,20130501000000,Implantação
2268,5,,1,31,,73,55,,3102308,Alvinópolis,60,,20130501000000,Implantação,20130501000000,Implantação
2269,3,,1,31,,29,19,,3102407,Alvorada de Minas,110,,20130501000000,Implantação,20130501000000,Implantação
2273,10,,2,31,,14,37,,3102803,Andrelândia,150,,20170220163507,marcos.lopes,20130501000000,Implantação
2274,6,,3,31,,89,67,,3102852,Angelândia,290,,20170515141619,marcos.lopes,20130501000000,Implantação
2275,2,,6,31,,8,7,,3102902,Antônio Carlos,15,,20141106114029,ana.claudia,20130501000000,Implantação
2276,4,,12,31,,27,17,,3103009,Antônio Dias,44,,20130501000000,Implantação,20130501000000,Implantação
2277,10,,9,31,,61,45,,3103108,Antônio Prado de Minas,155,,20130501000000,Implantação,20130501000000,Implantação
2278,1,,1,31,,87,66,,3103207,Araçaí,40,,20151007105731,bruna.costa,20130501000000,Implantação
2279,10,,9,31,,80,61,,3103306,Aracitaba,70,,20130501000000,Implantação,20130501000000,Implantação
2280,6,,3,31,,5,5,,3103405,Araçuaí,320,,20160425155554,monique.campos,20130501000000,Implantação
2281,12,,8,31,,6,72,,3103504,Araguari,40,,20170601111909,ana.flavia,20130501000000,Implantação
2282,10,,2,31,,14,37,,3103603,Arantina,125,,20150303121055,bruna.costa,20130501000000,Implantação
2283,5,,9,31,,99,76,,3103702,Araponga,100,,20130501000000,Implantação,20130501000000,Implantação
2284,12,,8,31,,95,72,,3103751,Araporã,134,,20130501000000,Implantação,20130501000000,Implantação
2286,9,,10,31,,79,20,,3103900,Araújos,50,,20130501000000,Implantação,20130501000000,Implantação
2288,11,,2,31,,36,26,,3104106,Arceburgo,128,,20130501000000,Implantação,20130501000000,Implantação
2289,9,,4,31,,79,20,,3104205,Arcos,100,,20170531083941,natalia.araujo,20130501000000,Implantação
2292,3,,3,31,,18,43,,3104452,Aricanduva,240,,20130501000000,Implantação,20130501000000,Implantação
2294,10,,9,31,,21,39,,3104601,Astolfo Dutra,,,20130501000000,Implantação,20130501000000,Implantação
2295,6,,11,31,,89,67,,3104700,Ataléia,70,,20130501000000,Implantação,20130501000000,Implantação
2296,1,,10,31,,28,18,,3104809,Augusto de Lima,170,,20130501000000,Implantação,20130501000000,Implantação
2297,11,,2,31,,22,64,,3104908,Baependi,105,,20170110141446,marcos.lopes,20130501000000,Implantação
2299,9,,4,31,,31,21,,3105103,Bambuí,140,,20130501000000,Implantação,20130501000000,Implantação
2300,6,,3,31,,4,4,,3105202,Bandeira,140,,20161109105441,rosangela,20130501000000,Implantação
2301,11,,2,31,,3,3,,3105301,Bandeira do Sul,94,,20130501000000,Implantação,20130501000000,Implantação
2303,10,,9,31,,61,45,,3105509,Barão de Monte Alto,160,,20130501000000,Implantação,20130501000000,Implantação
2304,2,,6,31,,8,7,,3105608,Barbacena,,,20130501000000,Implantação,20130501000000,Implantação
2305,5,,9,31,,73,55,,3105707,Barra Longa,55,,20160708162454,heloisa,20130501000000,Implantação
2306,2,,6,31,,82,62,,3105905,Barroso,35,,20170126122757,marcos.lopes,20130501000000,Implantação
2307,1,,1,31,,48,36,,3106002,Bela Vista de Minas,92,,20130501000000,Implantação,20130501000000,Implantação
2308,10,,9,31,,49,37,,3106101,Belmiro Braga,40,,20130501000000,Implantação,20130501000000,Implantação
2310,4,,12,31,,37,27,,3106309,Belo Oriente,55,,20140620150333,ana.claudia,20130501000000,Implantação
2312,6,,3,31,,5,5,,3106507,Berilo,250,,20130501000000,Implantação,20130501000000,Implantação
2313,6,,11,31,,1,1,,3106606,Bertópolis,190,,20130501000000,Implantação,20130501000000,Implantação
2314,8,,5,31,,88,58,,3106655,Berizal,390,,20130501000000,Implantação,20130501000000,Implantação
2315,1,,1,31,,10,9,,3106705,Betim,26,,20130501000000,Implantação,20130501000000,Implantação
2316,10,,9,31,,49,37,,3106804,Bias Fortes,90,,20130501000000,Implantação,20130501000000,Implantação
2317,10,,9,31,,11,63,,3106903,Bicas,45,,20150923104407,monique.campos,20130501000000,Implantação
2318,1,,10,31,,87,66,,3107000,Biquinhas,230,,20130501000000,Implantação,20130501000000,Implantação
2319,11,,2,31,,91,69,,3107109,Boa Esperança,54,,20130501000000,Implantação,20130501000000,Implantação
2320,10,,2,31,,14,37,,3107208,Bocaina de Minas,230,,20150824123758,bruna.costa,20130501000000,Implantação
2321,8,,5,31,,12,44,,3107307,Bocaiúva,48,,20170726085106,marcos.lopes,20130501000000,Implantação
2323,10,,2,31,,14,37,,3107505,Bom Jardim de Minas,115,,20130501000000,Implantação,20130501000000,Implantação
2324,11,,2,31,,66,49,,3107604,Bom Jesus da Penha,50,,20130501000000,Implantação,20130501000000,Implantação
2328,9,,4,31,,82,60,,3108008,Bom Sucesso,95,,20130501000000,Implantação,20130501000000,Implantação
2329,1,,1,31,,10,9,,3108107,Bonfim,82,,20130501000000,Implantação,20130501000000,Implantação
2331,8,,5,31,,47,35,,3108255,Bonito de Minas,215,,20150921100318,bruna.costa,20130501000000,Implantação
2333,11,,2,31,,3,3,,3108404,Botelhos,118,,20130501000000,Implantação,20130501000000,Implantação
2334,8,,5,31,,32,22,,3108503,Botumirim,168,,20170508134044,natalia.araujo,20130501000000,Implantação
2336,8,,5,31,,15,11,,3108602,Brasília de Minas,109,,20170412090938,heloisa,20130501000000,Implantação
2337,10,,9,31,,93,70,,3108701,Brás Pires,62,,20130501000000,Implantação,20130501000000,Implantação
2338,4,,12,31,,37,27,,3108800,Braúnas,104,,20130501000000,Implantação,20130501000000,Implantação
2339,11,,2,31,,40,30,,3108909,Brasópolis,78,,20130501000000,Implantação,20130501000000,Implantação
2340,1,,1,31,,10,9,,3109006,Brumadinho,50,,20130501000000,Implantação,20130501000000,Implantação
2342,1,,10,31,,28,18,,3109204,Buenópolis,143,,20130501000000,Implantação,20130501000000,Implantação
2343,4,,12,31,,37,27,,3109253,Bugre,70,,20130501000000,Implantação,20130501000000,Implantação
2345,8,,5,31,,70,53,,3109402,Buritizeiro,172,,20170728084846,heloisa,20130501000000,Implantação
2347,11,,2,31,,36,26,,3109501,Cabo Verde,114,,20130501000000,Implantação,20130501000000,Implantação
2350,12,,8,31,,44,33,,3109808,Cachoeira Dourada,55,,20170322114257,marcos.lopes,20130501000000,Implantação
2353,10,,9,31,,19,12,,3110103,Caiana,120,,20130501000000,Implantação,20130501000000,Implantação
2354,5,,9,31,,99,76,,3110202,Cajuri,57,,20160824143350,heloisa,20130501000000,Implantação
2356,9,,4,31,,78,60,,3110400,Camacho,100,,20130501000000,Implantação,20130501000000,Implantação
2359,11,,2,31,,90,68,,3110707,Cambuquira,40,,20160721161043,heloisa,20130501000000,Implantação
2360,6,,12,31,,41,67,,3110806,Campanário,60,,20130501000000,Implantação,20130501000000,Implantação
2361,11,,2,31,,90,68,,3110905,Campanha,45,,20130501000000,Implantação,20130501000000,Implantação
2362,11,,2,31,,53,3,,3111002,Campestre,79,,20151210122641,bruna.costa,20130501000000,Implantação
2363,12,,8,31,,44,33,,3111101,Campina Verde,182,,20130501000000,Implantação,20130501000000,Implantação
2364,8,,5,31,,15,11,,3111150,Campo Azul,170,,20130501000000,Implantação,20130501000000,Implantação
2365,9,,4,31,,17,60,,3111200,Campo Belo,130,,20130501000000,Implantação,20130501000000,Implantação
2366,11,,2,31,,3,3,,3111309,Campo do Meio,63,,20170512170048,marcos.lopes,20130501000000,Implantação
2367,13,,8,31,,94,71,,3111408,Campo Florido,,,20130501000000,Implantação,20130501000000,Implantação
2369,11,,2,31,,3,3,,3111606,Campos Gerais,41,,20160120120649,soraia.miranda,20130501000000,Implantação
2370,5,,9,31,,99,76,,3111705,Canaã,80,,20130501000000,Implantação,20130501000000,Implantação
2371,12,,8,31,,44,33,,3111804,Canápolis,80,,20130501000000,Implantação,20130501000000,Implantação
2372,9,,4,31,,50,60,,3111903,Cana Verde,150,,20130501000000,Implantação,20130501000000,Implantação
2373,9,,4,31,,17,60,,3112000,Candeias,110,,20170119163637,marcos.lopes,20130501000000,Implantação
2374,4,,12,31,,83,59,,3112059,Cantagalo,135,,20130501000000,Implantação,20130501000000,Implantação
2375,10,,9,31,,19,12,,3112109,Caparaó,60,,20130501000000,Implantação,20130501000000,Implantação
2376,2,,6,31,,8,7,,3112208,Capela Nova,61,,20160504151952,bruna.costa,20130501000000,Implantação
2377,3,,3,31,,18,43,,3112307,Capelinha,250,,20150430074621,daisyane,20130501000000,Implantação
2378,11,,2,31,,66,49,,3112406,Capetinga,80,,20130501000000,Implantação,20130501000000,Implantação
2379,1,,1,31,,87,66,,3112505,Capim Branco,35,,20170105102013,heloisa,20130501000000,Implantação
2380,12,,8,31,,44,33,,3112604,Capinópolis,30,,20130501000000,Implantação,20130501000000,Implantação
2381,4,,12,31,,34,24,,3112653,Capitão Andrade,40,,20130501000000,Implantação,20130501000000,Implantação
2382,8,,5,31,,32,22,,3112703,Capitão Enéas,66,,20130501000000,Implantação,20130501000000,Implantação
2385,6,,3,31,,64,47,,3113008,Caraí,100,,20130501000000,Implantação,20130501000000,Implantação
2387,2,,6,31,,8,7,,3113206,Carandaí,35,,20160901114702,marcos.lopes,20130501000000,Implantação
2388,10,,9,31,,19,12,,3113305,Carangola,120,,20130501000000,Implantação,20130501000000,Implantação
2389,4,,12,31,,20,13,,3113404,Caratinga,115,,20130501000000,Implantação,20130501000000,Implantação
2390,3,,3,31,,29,19,,3113503,Carbonita,140,,20130501000000,Implantação,20130501000000,Implantação
2392,6,,11,31,,62,46,,3113701,Carlos Chagas,100,,20160331094820,natalia.araujo,20130501000000,Implantação
2394,11,,2,31,,90,68,,3113909,Carmo da Cachoeira,50,,20130501000000,Implantação,20130501000000,Implantação
2395,9,,4,31,,78,60,,3114006,Carmo da Mata,60,,20130501000000,Implantação,20130501000000,Implantação
2396,11,,2,31,,85,64,,3114105,Carmo de Minas,124,,20130501000000,Implantação,20130501000000,Implantação
2397,9,,4,31,,30,20,,3114204,Carmo do Cajuru,18,,20130501000000,Implantação,20130501000000,Implantação
2398,7,,8,31,,67,50,,3114303,Carmo do Paranaíba,60,,20130501000000,Implantação,20130501000000,Implantação
2399,11,,2,31,,3,3,,3114402,Carmo do Rio Claro,86,,20150406115714,bruna.costa,20130501000000,Implantação
2400,9,,4,31,,78,60,,3114501,Carmópolis de Minas,100,,20141107151004,ana.claudia,20130501000000,Implantação
2401,13,,8,31,,45,23,,3114550,Carneirinho,0,,20170223095115,natalia.araujo,20130501000000,Implantação
2402,11,,6,31,,50,38,,3114600,Carrancas,180,,20130501000000,Implantação,20130501000000,Implantação
2403,11,,2,31,,53,3,,3114709,Carvalhópolis,45,,20130501000000,Implantação,20130501000000,Implantação
2404,11,,2,31,,22,64,,3114808,Carvalhos,180,,20130501000000,Implantação,20130501000000,Implantação
2407,11,,2,31,,66,49,,3115102,Cássia,50,,20130501000000,Implantação,20130501000000,Implantação
2408,2,,6,31,,82,62,,3115201,Conceição da Barra de Minas,45,,20150317151934,bruna.costa,20130501000000,Implantação
2409,10,,9,31,,21,39,,3115300,Cataguases,0,,20170223085826,marcos.lopes,20130501000000,Implantação
2410,1,,1,31,,38,28,,3115359,Catas Altas,80,,20130501000000,Implantação,20130501000000,Implantação
2412,6,,11,31,,64,47,,3115458,Catuji,70,,20130501000000,Implantação,20130501000000,Implantação
2413,8,,5,31,,58,34,,3115474,Catuti,220,,20130501000000,Implantação,20130501000000,Implantação
2414,11,,2,31,,22,64,,3115508,Caxambu,100,,20170303141437,natalia.araujo,20130501000000,Implantação
2415,1,,10,31,,87,66,,3115607,Cedro do Abaeté,250,,20130501000000,Implantação,20130501000000,Implantação
2416,4,,12,31,,56,42,,3115706,Central de Minas,88,,20130501000000,Implantação,20130501000000,Implantação
2418,10,,9,31,,49,37,,3115904,Chácara,35,,20130501000000,Implantação,20130501000000,Implantação
2419,5,,9,31,,55,41,,3116001,Chalé,130,,20130501000000,Implantação,20130501000000,Implantação
2420,3,,3,31,,57,43,,3116100,Chapada do Norte,226,,20170220163245,marcos.lopes,20130501000000,Implantação
2421,7,,5,31,,96,73,,3116159,Chapada Gaúcha,270,,20130501000000,Implantação,20130501000000,Implantação
2423,2,,9,31,,8,7,,3116308,Cipotânea,75,,20160425155744,monique.campos,20130501000000,Implantação
2424,11,,2,31,,66,49,,3116407,Claraval,110,,20160613095625,heloisa,20130501000000,Implantação
2425,8,,5,31,,60,44,,3116506,Claro dos Poções,77,,20130501000000,Implantação,20130501000000,Implantação
2426,9,,4,31,,30,20,,3116605,Cláudio,60,,20150814141418,bruna.costa,20130501000000,Implantação
2427,10,,9,31,,93,70,,3116704,Coimbra,42,,20130501000000,Implantação,20130501000000,Implantação
2428,3,,12,31,,29,19,,3116803,Coluna,230,,20170317113300,heloisa,20130501000000,Implantação
2429,13,,8,31,,33,23,,3116902,Comendador Gomes,,,20130501000000,Implantação,20130501000000,Implantação
2430,6,,3,31,,42,31,,3117009,Comercinho,85,,20130501000000,Implantação,20130501000000,Implantação
2431,11,,2,31,,3,3,,3117108,Conceição da Aparecida,72,,20170117142832,marcos.lopes,20130501000000,Implantação
2432,11,,2,31,,40,30,,3117207,Conceição das Pedras,60,,20130501000000,Implantação,20130501000000,Implantação
2433,13,,8,31,,94,71,,3117306,Conceição das Alagoas,0,,20160425100743,monique.campos,20130501000000,Implantação
2435,1,,1,31,,35,25,,3117504,Conceição do Mato Dentro,150,,20130501000000,Implantação,20130501000000,Implantação
2436,9,,4,31,,65,48,,3117603,Conceição do Pará,50,,20130501000000,Implantação,20130501000000,Implantação
2437,11,,2,31,,22,64,,3117702,Conceição do Rio Verde,70,,20130501000000,Implantação,20130501000000,Implantação
2439,8,,5,31,,47,35,,3117836,Cônego Marinho,189,,20130501000000,Implantação,20130501000000,Implantação
2440,1,,1,31,,98,75,,3117876,Confins,45,,20130501000000,Implantação,20130501000000,Implantação
2443,3,,1,31,,29,19,,3118106,Congonhas do Norte,90,,20130501000000,Implantação,20130501000000,Implantação
2445,2,,1,31,,24,14,,3118304,Conselheiro Lafaiete,75,,20170316111445,carolina.martins,20130501000000,Implantação
2446,4,,12,31,,75,57,,3118403,Conselheiro Pena,82,,20151125091211,monique.campos,20130501000000,Implantação
2447,11,,2,31,,40,30,,3118502,Consolação,55,,20130501000000,Implantação,20130501000000,Implantação
2449,11,,2,31,,91,69,,3118700,Coqueiral,50,,20130501000000,Implantação,20130501000000,Implantação
2450,8,,5,31,,26,16,,3118809,Coração de Jesus,79,,20160425100830,monique.campos,20130501000000,Implantação
2452,11,,2,31,,97,74,,3119005,Cordislândia,50,,20130501000000,Implantação,20130501000000,Implantação
2453,1,,10,31,,28,18,,3119104,Corinto,150,,20130501000000,Implantação,20130501000000,Implantação
2454,4,,12,31,,34,24,,3119203,Coroaci,12,,20130501000000,Implantação,20130501000000,Implantação
2455,12,,8,31,,68,51,,3119302,Coromandel,162,,20160425100851,monique.campos,20130501000000,Implantação
2456,4,,12,31,,27,17,,3119401,Coronel Fabriciano,,,20130501000000,Implantação,20130501000000,Implantação
2457,6,,3,31,,5,5,,3119500,Coronel Murta,300,,20130501000000,Implantação,20130501000000,Implantação
2458,10,,9,31,,49,37,,3119609,Coronel Pacheco,35,,20130501000000,Implantação,20130501000000,Implantação
2459,2,,6,31,,82,62,,3119708,Coronel Xavier Chaves,16,,20130501000000,Implantação,20130501000000,Implantação
2460,9,,4,31,,31,21,,3119807,Córrego Danta,150,,20151104151703,bruna.costa,20130501000000,Implantação
2462,9,,4,31,,31,21,,3119955,Córrego Fundo,90,,20130501000000,Implantação,20130501000000,Implantação
2463,4,,12,31,,27,17,,3120003,Córrego Novo,68,,20130501000000,Implantação,20130501000000,Implantação
2464,3,,3,31,,29,19,,3120102,Couto de Magalhães de Minas,35,,20130501000000,Implantação,20130501000000,Implantação
2465,6,,11,31,,1,1,,3120151,Crisólita,130,,20130501000000,Implantação,20130501000000,Implantação
2466,9,,4,31,,17,60,,3120201,Cristais,180,,20130501000000,Implantação,20130501000000,Implantação
2467,8,,5,31,,32,22,,3120300,Cristália,167,,20170619103733,natalia.araujo,20130501000000,Implantação
2468,2,,1,31,,24,14,,3120409,Cristiano Otoni,55,,20130501000000,Implantação,20130501000000,Implantação
2469,11,,2,31,,85,64,,3120508,Cristina,119,,20130501000000,Implantação,20130501000000,Implantação
2470,1,,1,31,,10,9,,3120607,Crucilândia,97,,20130501000000,Implantação,20130501000000,Implantação
2471,7,,8,31,,68,50,,3120706,Cruzeiro da Fortaleza,68,,20130501000000,Implantação,20130501000000,Implantação
2472,11,,2,31,,22,64,,3120805,Cruzília,125,,20130501000000,Implantação,20130501000000,Implantação
2473,4,,12,31,,56,42,,3120839,Cuparaque,150,,20130501000000,Implantação,20130501000000,Implantação
2475,1,,10,31,,28,18,,3120904,Curvelo,90,,20130501000000,Implantação,20130501000000,Implantação
2476,3,,3,31,,29,19,,3121001,Datas,33,,20170223122313,marcos.lopes,20130501000000,Implantação
2477,11,,2,31,,40,30,,3121100,Delfim Moreira,105,,20130501000000,Implantação,20130501000000,Implantação
2478,11,,2,31,,66,49,,3121209,Delfinópolis,90,,20130501000000,Implantação,20130501000000,Implantação
2479,13,,8,31,,94,71,,3121258,Delta,0,,20150917143211,monique.campos,20130501000000,Implantação
2480,10,,9,31,,84,63,,3121308,Descoberto,90,,20170714122808,marcos.lopes,20130501000000,Implantação
2482,2,,6,31,,8,7,,3121506,Desterro do Melo,35,,20130501000000,Implantação,20130501000000,Implantação
2483,3,,3,31,,29,19,,3121605,Diamantina,0,,20160810100732,natalia.araujo,20130501000000,Implantação
2484,5,,1,31,,73,55,,3121704,Diogo de Vasconcelos,49,,20130501000000,Implantação,20130501000000,Implantação
2486,10,,9,31,,93,70,,3121902,Divinésia,18,,20170112163039,rosangela,20130501000000,Implantação
2487,10,,9,31,,19,12,,3122009,Divino,185,,20160127114252,bruna.costa,20130501000000,Implantação
2488,4,,12,31,,56,42,,3122108,Divino das Laranjeiras,65,,20160422094737,monique.campos,20130501000000,Implantação
2489,1,,12,31,,35,25,,3122207,Divinolândia de Minas,110,,20130501000000,Implantação,20130501000000,Implantação
2490,9,,4,31,,30,20,,3122306,Divinópolis,0,,20160105100251,marcos.lopes,20130501000000,Implantação
2491,6,,5,31,,69,52,,3122355,Divisa Alegre,50,,20130501000000,Implantação,20130501000000,Implantação
2492,11,,2,31,,3,3,,3122405,Divisa Nova,35,,20130501000000,Implantação,20130501000000,Implantação
2493,6,,3,31,,4,4,,3122454,Divisópolis,72,,20170216134016,rosangela,20130501000000,Implantação
2495,4,,12,31,,37,27,,3122504,Dom Cavati,65,,20170109143955,marcos.lopes,20130501000000,Implantação
2496,1,,1,31,,35,25,,3122603,Dom Joaquim,102,,20170131163805,ana.flavia,20130501000000,Implantação
2497,5,,9,31,,73,55,,3122702,Dom Silvério,48,,20160120124954,soraia.miranda,20130501000000,Implantação
2498,11,,2,31,,85,64,,3122801,Dom Viçoso,144,,20130501000000,Implantação,20130501000000,Implantação
2499,10,,9,31,,21,39,,3122900,Dona Eusébia,,,20130501000000,Implantação,20130501000000,Implantação
2501,1,,12,31,,35,25,,3123106,Dores de Guanhães,109,,20130501000000,Implantação,20130501000000,Implantação
2502,9,,10,31,,13,10,,3123205,Dores do Indaiá,180,,20150917143248,monique.campos,20130501000000,Implantação
2503,10,,9,31,,93,70,,3123304,Dores do Turvo,48,,20160425101611,monique.campos,20130501000000,Implantação
2505,12,,8,31,,59,51,,3123502,Douradoquara,170,,20130501000000,Implantação,20130501000000,Implantação
2507,11,,2,31,,97,74,,3123601,Elói Mendes,14,,20130501000000,Implantação,20130501000000,Implantação
2508,4,,12,31,,34,24,,3123700,Engenheiro Caldas,42,,20130501000000,Implantação,20130501000000,Implantação
2509,8,,5,31,,12,44,,3123809,Engenheiro Navarro,72,,20130501000000,Implantação,20130501000000,Implantação
2510,4,,12,31,,20,13,,3123858,Entre Folhas,136,,20130501000000,Implantação,20130501000000,Implantação
2512,10,,9,31,,93,70,,3124005,Ervália,60,,20130501000000,Implantação,20130501000000,Implantação
2513,1,,1,31,,10,9,,3124104,Esmeraldas,65,,20130501000000,Implantação,20130501000000,Implantação
2514,10,,9,31,,19,12,,3124203,Espera Feliz,90,,20130501000000,Implantação,20130501000000,Implantação
2515,8,,5,31,,58,34,,3124302,Espinosa,280,,20161117164133,heloisa,20130501000000,Implantação
2518,10,,9,31,,2,2,,3124609,Estrela Dalva,0,,20160422095628,monique.campos,20130501000000,Implantação
2519,9,,10,31,,13,10,,3124708,Estrela do Indaiá,180,,20130501000000,Implantação,20130501000000,Implantação
2520,12,,8,31,,59,51,,3124807,Estrela do Sul,103,,20170125150724,marcos.lopes,20130501000000,Implantação
2521,10,,9,31,,61,45,,3124906,Eugenópolis,137,,20170308131646,natalia.araujo,20130501000000,Implantação
2522,10,,9,31,,80,37,,3125002,Ewbank da Câmara,35,,20130501000000,Implantação,20130501000000,Implantação
2524,11,,2,31,,3,3,,3125200,Fama,16,,20130501000000,Implantação,20130501000000,Implantação
2525,10,,9,31,,19,12,,3125309,Faria Lemos,140,,20130501000000,Implantação,20130501000000,Implantação
2526,3,,3,31,,29,19,,3125408,Felício dos Santos,80,,20130501000000,Implantação,20130501000000,Implantação
2527,3,,3,31,,29,19,,3125507,São Gonçalo do Rio Preto,50,,20160125120625,soraia.miranda,20130501000000,Implantação
2528,6,,3,31,,4,4,,3125606,Felisburgo,185,,20130501000000,Implantação,20130501000000,Implantação
2529,1,,10,31,,28,18,,3125705,Felixlândia,150,,20130501000000,Implantação,20130501000000,Implantação
2530,4,,12,31,,34,24,,3125804,Fernandes Tourinho,52,,20170628161541,heloisa,20130501000000,Implantação
2532,10,,9,31,,19,12,,3125952,Fervedouro,160,,20130501000000,Implantação,20130501000000,Implantação
2533,1,,1,31,,10,9,,3126000,Florestal,90,,20160504150904,marcos.lopes,20130501000000,Implantação
2534,9,,4,31,,31,21,,3126109,Formiga,70,,20150406161449,bruna.costa,20130501000000,Implantação
2536,11,,2,31,,66,49,,3126307,Fortaleza de Minas,30,,20130501000000,Implantação,20130501000000,Implantação
2538,6,,3,31,,5,5,,3126505,Francisco Badaró,270,,20130501000000,Implantação,20130501000000,Implantação
2539,8,,5,31,,60,44,,3126604,Francisco Dumont,123,,20160118155602,soraia.miranda,20130501000000,Implantação
2540,8,,5,31,,32,22,,3126703,Francisco Sá,54,,20160112092633,marcos.lopes,20130501000000,Implantação
2541,6,,11,31,,54,67,,3126752,Franciscópolis,130,,20130501000000,Implantação,20130501000000,Implantação
2542,6,,11,31,,89,67,,3126802,Frei Gaspar,35,,20130501000000,Implantação,20130501000000,Implantação
2543,4,,12,31,,34,24,,3126901,Frei Inocêncio,41,,20160422100052,monique.campos,20130501000000,Implantação
2544,4,,12,31,,77,59,,3126950,Frei Lagonegro,,,20130501000000,Implantação,20130501000000,Implantação
2545,13,,8,31,,33,23,,3127008,Fronteira,,,20130501000000,Implantação,20130501000000,Implantação
2546,6,,11,31,,1,1,,3127057,Fronteira dos Vales,190,,20130501000000,Implantação,20130501000000,Implantação
2547,8,,5,31,,76,58,,3127073,Fruta de Leite,220,,20130501000000,Implantação,20130501000000,Implantação
2548,13,,8,31,,33,23,,3127107,Frutal,,,20130501000000,Implantação,20130501000000,Implantação
2549,1,,1,31,,87,66,,3127206,Funilândia,25,,20160512143059,marcos.lopes,20130501000000,Implantação
2551,8,,5,31,,58,34,,3127339,Gameleiras,,,20130501000000,Implantação,20130501000000,Implantação
2552,8,,5,31,,60,44,,3127354,Glaucilândia,30,,20130501000000,Implantação,20130501000000,Implantação
2553,4,,12,31,,75,57,,3127370,Goiabeira,0,,20170412155848,marcos.lopes,20130501000000,Implantação
2554,10,,9,31,,49,37,,3127388,Goianá,45,,20150924094816,bruna.costa,20130501000000,Implantação
2555,11,,2,31,,40,30,,3127404,Gonçalves,90,,20130501000000,Implantação,20130501000000,Implantação
2556,4,,12,31,,34,24,,3127503,Gonzaga,92,,20130501000000,Implantação,20130501000000,Implantação
2557,3,,3,31,,29,19,,3127602,Gouveia,37,,20130501000000,Implantação,20130501000000,Implantação
2558,4,,12,31,,34,24,,3127701,Governador Valadares,0,,20151019140054,bruna.costa,20130501000000,Implantação
2559,8,,5,31,,32,22,,3127800,Grão Mogol,149,,20130501000000,Implantação,20130501000000,Implantação
2560,12,,8,31,,59,51,,3127909,Grupiara,134,,20130501000000,Implantação,20130501000000,Implantação
2561,1,,12,31,,35,25,,3128006,Guanhães,154,,20141008111641,ana.claudia,20130501000000,Implantação
2563,5,,9,31,,73,55,,3128204,Guaraciaba,32,,20130501000000,Implantação,20130501000000,Implantação
2564,8,,5,31,,12,44,,3128253,Guaraciama,,,20130501000000,Implantação,20130501000000,Implantação
2565,11,,2,31,,36,26,,3128303,Guaranésia,110,,20170426143737,marcos.lopes,20130501000000,Implantação
2567,10,,9,31,,11,63,,3128501,Guarará,50,,20141008110217,ana.claudia,20130501000000,Implantação
2569,11,,2,31,,36,26,,3128709,Guaxupé,100,,20151221163810,bruna.costa,20130501000000,Implantação
2570,10,,9,31,,93,70,,3128808,Guidoval,15,,20130501000000,Implantação,20130501000000,Implantação
2571,7,,8,31,,68,50,,3128907,Guimarânia,55,,20130501000000,Implantação,20130501000000,Implantação
2572,10,,9,31,,93,70,,3129004,Guiricema,32,,20130501000000,Implantação,20130501000000,Implantação
2573,12,,8,31,,44,33,,3129103,Gurinhatã,70,,20130501000000,Implantação,20130501000000,Implantação
2575,4,,12,31,,37,27,,3129301,Iapu,55,,20130501000000,Implantação,20130501000000,Implantação
2576,2,,6,31,,8,7,,3129400,Ibertioga,45,,20170223091734,natalia.araujo,20130501000000,Implantação
2578,8,,5,31,,70,53,,3129608,Ibiaí,174,,20130501000000,Implantação,20130501000000,Implantação
2579,8,,5,31,,15,11,,3129657,Ibiracatu,150,,20130501000000,Implantação,20130501000000,Implantação
2580,11,,2,31,,66,49,,3129707,Ibiraci,80,,20130501000000,Implantação,20130501000000,Implantação
2581,1,,1,31,,25,15,,3129806,Ibirité,21,,20130501000000,Implantação,20130501000000,Implantação
2583,2,,4,31,,82,62,,3130002,Ibituruna,75,,20130501000000,Implantação,20130501000000,Implantação
2584,8,,5,31,,15,11,,3130051,Icaraí de Minas,136,,20160217094247,bruna.costa,20130501000000,Implantação
2585,1,,1,31,,10,9,,3130101,Igarapé,33,,20130501000000,Implantação,20130501000000,Implantação
2586,9,,4,31,,65,48,,3130200,Igaratinga,45,,20170106124245,marcos.lopes,20130501000000,Implantação
2587,9,,4,31,,31,21,,3130309,Iguatama,120,,20130501000000,Implantação,20130501000000,Implantação
2588,11,,6,31,,50,38,,3130408,Ijaci,130,,20130501000000,Implantação,20130501000000,Implantação
2589,11,,2,31,,91,69,,3130507,Ilicínea,105,,20130501000000,Implantação,20130501000000,Implantação
2590,4,,12,31,,20,13,,3130556,Imbé de Minas,100,,20170403152534,ana.flavia,20130501000000,Implantação
2592,8,,5,31,,88,58,,3130655,Indaiabira,0,,20160906161519,marcos.lopes,20130501000000,Implantação
2593,12,,8,31,,95,72,,3130705,Indianópolis,70,,20170519103007,ana.flavia,20130501000000,Implantação
2594,11,,6,31,,50,38,,3130804,Ingaí,160,,20130501000000,Implantação,20130501000000,Implantação
2595,4,,12,31,,20,13,,3130903,Inhapim,86,,20160422100322,monique.campos,20130501000000,Implantação
2597,1,,10,31,,28,18,,3131109,Inimutaba,100,,20130501000000,Implantação,20130501000000,Implantação
2598,4,,12,31,,37,27,,3131158,Ipaba,31,,20130501000000,Implantação,20130501000000,Implantação
2599,5,,12,31,,55,41,,3131208,Ipanema,200,,20170523154436,natalia.araujo,20130501000000,Implantação
2600,4,,12,31,,37,27,,3131307,Ipatinga,13,,20160425104221,monique.campos,20130501000000,Implantação
2601,12,,8,31,,44,33,,3131406,Ipiaçu,60,,20130501000000,Implantação,20130501000000,Implantação
2603,12,,8,31,,59,51,,3131604,Iraí de Minas,121,,20151204092428,marcos.lopes,20130501000000,Implantação
2605,4,,12,31,,56,42,,3131802,Itabirinha,100,,20150427103314,bruna.costa,20130501000000,Implantação
2607,8,,5,31,,60,44,,3132008,Itacambira,103,,20130501000000,Implantação,20130501000000,Implantação
2608,8,,5,31,,47,35,,3132107,Itacarambi,234,,20170123161325,marcos.lopes,20130501000000,Implantação
2609,9,,1,31,,43,32,,3132206,Itaguara,100,,20150210132839,bruna.costa,20130501000000,Implantação
2610,6,,11,31,,64,47,,3132305,Itaipé,100,,20130501000000,Implantação,20130501000000,Implantação
2611,11,,2,31,,40,30,,3132404,Itajubá,75,,20170216102613,marcos.lopes,20130501000000,Implantação
2612,3,,3,31,,29,19,,3132503,Itamarandiba,180,,20130501000000,Implantação,20130501000000,Implantação
2613,10,,9,31,,21,39,,3132602,Itamarati de Minas,,,20130501000000,Implantação,20130501000000,Implantação
2614,6,,12,31,,41,67,,3132701,Itambacuri,30,,20160720134234,marcos.lopes,20130501000000,Implantação
2616,11,,2,31,,86,65,,3132909,Itamogi,80,,20170126091821,marcos.lopes,20130501000000,Implantação
2617,11,,2,31,,85,64,,3133006,Itamonte,150,,20130501000000,Implantação,20130501000000,Implantação
2618,11,,2,31,,85,64,,3133105,Itanhandu,150,,20170524113035,marcos.lopes,20130501000000,Implantação
2619,4,,12,31,,34,24,,3133204,Itanhomi,50,,20170127104620,marcos.lopes,20130501000000,Implantação
2620,6,,3,31,,42,31,,3133303,Itaobim,94,,20130501000000,Implantação,20130501000000,Implantação
2621,13,,8,31,,33,23,,3133402,Itapagipe,0,,20170418145304,marcos.lopes,20130501000000,Implantação
2622,9,,4,31,,30,20,,3133501,Itapecerica,70,,20170802131831,heloisa,20130501000000,Implantação
2624,9,,1,31,,43,32,,3133709,Itatiaiuçu,65,,20130501000000,Implantação,20130501000000,Implantação
2625,11,,2,31,,66,49,,3133758,Itaú de Minas,20,,20170511152533,natalia.araujo,20130501000000,Implantação
2626,9,,4,31,,43,32,,3133808,Itaúna,35,,20130501000000,Implantação,20130501000000,Implantação
2628,6,,3,31,,42,31,,3134004,Itinga,360,,20130501000000,Implantação,20130501000000,Implantação
2629,4,,12,31,,75,57,,3134103,Itueta,132,,20130501000000,Implantação,20130501000000,Implantação
2630,12,,8,31,,44,33,,3134202,Ituiutaba,,,20130501000000,Implantação,20130501000000,Implantação
2631,11,,6,31,,50,38,,3134301,Itumirim,140,,20130501000000,Implantação,20130501000000,Implantação
2632,13,,8,31,,45,23,,3134400,Iturama,0,,20170505085730,marcos.lopes,20130501000000,Implantação
2633,11,,6,31,,50,38,,3134509,Itutinga,45,,20160311085823,marcos.lopes,20130501000000,Implantação
2634,1,,1,31,,9,8,,3134608,Jaboticatubas,64,,20130501000000,Implantação,20130501000000,Implantação
2635,6,,3,31,,4,4,,3134707,Jacinto,145,,20130501000000,Implantação,20130501000000,Implantação
2636,11,,2,31,,86,65,,3134806,Jacuí,50,,20130501000000,Implantação,20130501000000,Implantação
2638,4,,12,31,,27,17,,3135001,Jaguaraçu,25,,20130501000000,Implantação,20130501000000,Implantação
2639,8,,5,31,,46,34,,3135050,Jaíba,209,,20170505113726,marcos.lopes,20130501000000,Implantação
2640,4,,12,31,,34,24,,3135076,Jampruca,80,,20151214111525,marcos.lopes,20130501000000,Implantação
2641,8,,5,31,,46,34,,3135100,Janaúba,137,,20150220080524,ana.claudia,20130501000000,Implantação
2642,8,,5,31,,47,35,,3135209,Januária,172,,20170124164549,marcos.lopes,20130501000000,Implantação
2643,9,,10,31,,79,20,,3135308,Japaraíba,130,,20160808093744,marcos.lopes,20130501000000,Implantação
2644,8,,5,31,,15,11,,3135357,Japonvar,,,20130501000000,Implantação,20130501000000,Implantação
2646,6,,3,31,,5,5,,3135456,Jenipapo de Minas,300,,20130501000000,Implantação,20130501000000,Implantação
2647,5,,9,31,,73,55,,3135506,Jequeri,36,,20130501000000,Implantação,20130501000000,Implantação
2648,8,,5,31,,26,16,,3135605,Jequitaí,97,,20130501000000,Implantação,20130501000000,Implantação
2649,1,,1,31,,87,66,,3135704,Jequitibá,33,,20130501000000,Implantação,20130501000000,Implantação
2650,6,,3,31,,4,4,,3135803,Jequitinhonha,75,,20130501000000,Implantação,20130501000000,Implantação
2651,11,,2,31,,85,64,,3135902,Jesuânia,85,,20130501000000,Implantação,20130501000000,Implantação
2652,6,,3,31,,4,4,,3136009,Joaíma,100,,20150917142853,monique.campos,20130501000000,Implantação
2653,4,,12,31,,37,27,,3136108,Joanésia,65,,20130501000000,Implantação,20130501000000,Implantação
2654,1,,1,31,,48,36,,3136207,João Monlevade,68,,20130501000000,Implantação,20130501000000,Implantação
2656,8,,10,31,,12,44,,3136405,Joaquim Felício,131,,20170203130453,ana.flavia,20130501000000,Implantação
2657,6,,3,31,,4,4,,3136504,Jordânia,165,,20170316095344,natalia.araujo,20130501000000,Implantação
2658,3,,3,31,,92,43,,3136520,José Gonçalves de Minas,250,,20130501000000,Implantação,20130501000000,Implantação
2659,4,,12,31,,77,59,,3136553,José Raydan,172,,20130501000000,Implantação,20130501000000,Implantação
2660,8,,5,31,,32,22,,3136579,Josenópolis,,,20130501000000,Implantação,20130501000000,Implantação
2662,1,,1,31,,10,9,,3136652,Juatuba,52,,20130501000000,Implantação,20130501000000,Implantação
2664,8,,5,31,,60,44,,3136801,Juramento,43,,20130501000000,Implantação,20130501000000,Implantação
2665,11,,2,31,,36,26,,3136900,Juruaia,109,,20130501000000,Implantação,20130501000000,Implantação
2666,8,,5,31,,47,40,,3136959,Juvenília,,,20130501000000,Implantação,20130501000000,Implantação
2667,6,,11,31,,89,67,,3137007,Ladainha,60,,20160425110813,monique.campos,20130501000000,Implantação
2669,9,,10,31,,79,20,,3137205,Lagoa da Prata,110,,20130501000000,Implantação,20130501000000,Implantação
2670,8,,5,31,,26,16,,313730,Lagoa dos Patos,102,,20150921121553,bruna.costa,20130501000000,Implantação
2671,2,,6,31,,82,62,,3137403,Lagoa Dourada,33,,20130501000000,Implantação,20130501000000,Implantação
2674,1,,1,31,,98,75,,3137601,Lagoa Santa,38,,20130501000000,Implantação,20130501000000,Implantação
2675,5,,9,31,,55,41,,3137700,Lajinha,110,,20130501000000,Implantação,20130501000000,Implantação
2676,11,,2,31,,85,64,,3137809,Lambari,80,,20130501000000,Implantação,20130501000000,Implantação
2677,2,,9,31,,24,14,,3137908,Lamim,60,,20130501000000,Implantação,20130501000000,Implantação
2679,8,,5,31,,70,53,,3138104,Lassance,257,,20130501000000,Implantação,20130501000000,Implantação
2681,9,,10,31,,65,48,,3138302,Leandro Ferreira,75,,20130501000000,Implantação,20130501000000,Implantação
2682,3,,3,31,,92,43,,3138351,Leme do Prado,210,,20130501000000,Implantação,20130501000000,Implantação
2683,10,,9,31,,51,39,,3138401,Leopoldina,,,20130501000000,Implantação,20130501000000,Implantação
2684,10,,2,31,,14,37,,3138500,Liberdade,200,,20130501000000,Implantação,20130501000000,Implantação
2686,13,,8,31,,45,23,,3138625,Limeira do Oeste,0,,20170721091351,marcos.lopes,20130501000000,Implantação
2687,8,,5,31,,15,11,,3138658,Lontra,118,,20130501000000,Implantação,20130501000000,Implantação
2688,5,,9,31,,55,41,,3138674,Luisburgo,100,,20130501000000,Implantação,20130501000000,Implantação
2689,8,,5,31,,15,11,,3138682,Luislândia,,,20130501000000,Implantação,20130501000000,Implantação
2690,11,,6,31,,50,38,,3138708,Luminárias,70,,20170214144521,ana.flavia,20130501000000,Implantação
2691,9,,10,31,,13,10,,3138807,Luz,120,,20130501000000,Implantação,20130501000000,Implantação
2692,6,,11,31,,1,1,,3138906,Machacalis,180,,20130501000000,Implantação,20130501000000,Implantação
2693,11,,2,31,,53,3,,3139003,Machado,33,,20160916101246,marcos.lopes,20130501000000,Implantação
2694,2,,6,31,,82,62,,3139102,Madre de Deus de Minas,60,,20130501000000,Implantação,20130501000000,Implantação
2695,6,,11,31,,54,67,,3139201,Malacacheta,100,,20170822154031,marcos.lopes,20130501000000,Implantação
2696,8,,5,31,,58,34,,3139250,Mamonas,265,,20130501000000,Implantação,20130501000000,Implantação
2697,8,,5,31,,47,40,,3139300,Manga,281,,20170410103946,marcos.lopes,20130501000000,Implantação
2699,5,,9,31,,55,41,,3139508,Manhumirim,0,,20170404095302,natalia.araujo,20130501000000,Implantação
2700,4,,12,31,,56,42,,3139607,Mantena,130,,20161202102944,marcos.lopes,20130501000000,Implantação
2701,1,,1,31,,65,66,,3139706,Maravilhas,68,,20130501000000,Implantação,20130501000000,Implantação
2702,10,,9,31,,11,63,,3139805,Mar de Espanha,70,,20130501000000,Implantação,20130501000000,Implantação
2703,11,,2,31,,40,30,,3139904,Maria da Fé,105,,20130501000000,Implantação,20130501000000,Implantação
2705,4,,12,31,,34,24,,3140100,Marilac,56,,20130501000000,Implantação,20130501000000,Implantação
2706,1,,1,31,,10,9,,3140159,Mário Campos,55,,20150213115243,bruna.costa,20130501000000,Implantação
2707,10,,9,31,,11,63,,3140209,Maripá de Minas,65,,20130501000000,Implantação,20130501000000,Implantação
2708,4,,12,31,,27,17,,3140308,Marliéria,34,,20130501000000,Implantação,20130501000000,Implantação
2709,11,,2,31,,40,30,,3140407,Marmelópolis,125,,20130501000000,Implantação,20130501000000,Implantação
2710,9,,10,31,,13,10,,3140506,Martinho Campos,120,,20130501000000,Implantação,20130501000000,Implantação
2711,5,,9,31,,55,41,,3140530,Martins Soares,40,,20130501000000,Implantação,20130501000000,Implantação
2712,6,,3,31,,4,4,,3140555,Mata Verde,102,,20130501000000,Implantação,20130501000000,Implantação
2713,1,,12,31,,35,25,,3140605,Materlândia,160,,20130501000000,Implantação,20130501000000,Implantação
2714,1,,1,31,,10,9,,3140704,Mateus Leme,43,,20150707160027,marcos.lopes,20130501000000,Implantação
2715,10,,9,31,,49,37,,3140803,Matias Barbosa,25,,20150511165904,bruna.costa,20130501000000,Implantação
2716,8,,5,31,,46,34,,3140852,Matias Cardoso,272,,20130501000000,Implantação,20130501000000,Implantação
2718,8,,5,31,,46,34,,3141009,Mato Verde,220,,20130501000000,Implantação,20130501000000,Implantação
2719,1,,1,31,,98,75,,3141108,Matozinhos,32,,20130501000000,Implantação,20130501000000,Implantação
2721,9,,4,31,,31,21,,3141306,Medeiros,190,,20130501000000,Implantação,20130501000000,Implantação
2722,6,,3,31,,42,31,,3141405,Medina,48,,20170519093828,ana.flavia,20130501000000,Implantação
2723,4,,12,31,,56,42,,3141504,Mendes Pimentel,75,,20150923144800,marcos.lopes,20130501000000,Implantação
2724,10,,9,31,,93,70,,3141603,Mercês,68,,20150807154734,bruna.costa,20130501000000,Implantação
2725,4,,12,31,,37,27,,3141702,Mesquita,58,,20130501000000,Implantação,20130501000000,Implantação
2726,3,,3,31,,57,43,,3141801,Minas Novas,200,,20130501000000,Implantação,20130501000000,Implantação
2727,11,,2,31,,22,64,,3141900,Minduri,165,,20141107151107,ana.claudia,20130501000000,Implantação
2728,8,,5,31,,15,11,,3142007,Mirabela,72,,20130501000000,Implantação,20130501000000,Implantação
2729,10,,9,31,,61,45,,3142106,Miradouro,140,,20170202092611,heloisa,20130501000000,Implantação
2730,10,,9,31,,61,45,,3142205,Miraí,62,,20170118092853,marcos.lopes,20130501000000,Implantação
2731,8,,5,31,,47,40,,3142254,Miravânia,,,20130501000000,Implantação,20130501000000,Implantação
2733,9,,10,31,,13,10,,3142403,Moema,130,,20130501000000,Implantação,20130501000000,Implantação
2734,1,,10,31,,28,18,,3142502,Monjolos,190,,20130501000000,Implantação,20130501000000,Implantação
2735,11,,2,31,,97,74,,3142601,Monsenhor Paulo,35,,20130501000000,Implantação,20130501000000,Implantação
2736,8,,5,31,,47,40,,3142700,Montalvânia,348,,20130501000000,Implantação,20130501000000,Implantação
2737,12,,8,31,,95,72,,3142809,Monte Alegre de Minas,66,,20150120122207,ana.claudia,20130501000000,Implantação
2738,8,,5,31,,58,34,,3142908,Monte Azul,250,,20170120155025,marcos.lopes,20130501000000,Implantação
2739,11,,2,31,,36,26,,3143005,Monte Belo,55,,20130501000000,Implantação,20130501000000,Implantação
2740,12,,8,31,,59,51,,3143104,Monte Carmelo,125,,20130501000000,Implantação,20130501000000,Implantação
2741,6,,3,31,,4,4,,3143153,Monte Formoso,172,,20130501000000,Implantação,20130501000000,Implantação
2742,11,,2,31,,86,65,,3143203,Monte Santo de Minas,90,,20130501000000,Implantação,20130501000000,Implantação
2743,8,,5,31,,60,44,,3143302,Montes Claros,0,,20160118092844,bruna.costa,20130501000000,Implantação
2745,8,,5,31,,88,58,,3143450,Montezuma,320,,20170412145547,marcos.lopes,20130501000000,Implantação
2746,1,,10,31,,87,66,,3143500,Morada Nova de Minas,222,,20130501000000,Implantação,20130501000000,Implantação
2747,1,,10,31,,28,18,,3143609,Morro da Garça,130,,20130501000000,Implantação,20130501000000,Implantação
2748,1,,1,31,,38,28,,3143708,Morro do Pilar,76,,20150312100144,cristiane.dutra,20130501000000,Implantação
2750,10,,9,31,,61,45,,3143906,Muriaé,105,,20130501000000,Implantação,20130501000000,Implantação
2751,5,,12,31,,55,41,,3144003,Mutum,210,,20160425150304,monique.campos,20130501000000,Implantação
2752,11,,2,31,,36,26,,3144102,Muzambinho,74,,20160711161630,heloisa,20130501000000,Implantação
2753,4,,12,31,,34,24,,3144201,Nacip Raydan,94,,20170512101832,ana.flavia,20130501000000,Implantação
2754,6,,11,31,,62,46,,3144300,Nanuque,170,,20130501000000,Implantação,20130501000000,Implantação
2755,4,,12,31,,37,27,,3144359,Naque,23,,20160930152947,marcos.lopes,20130501000000,Implantação
2758,2,,6,31,,82,62,,3144508,Nazareno,50,,20160810141828,rosangela,20130501000000,Implantação
2759,11,,6,31,,50,38,,3144607,Nepomuceno,75,,20150824164406,bruna.costa,20130501000000,Implantação
2760,8,,5,31,,88,58,,3144656,Ninheira,,,20130501000000,Implantação,20130501000000,Implantação
2761,4,,12,31,,56,42,,3144672,Nova Belém,132,,20130501000000,Implantação,20130501000000,Implantação
2762,1,,1,31,,48,36,,3144706,Nova Era,32,,20130501000000,Implantação,20130501000000,Implantação
2764,6,,12,31,,41,67,,3144904,Nova Módica,100,,20130501000000,Implantação,20130501000000,Implantação
2766,8,,5,31,,46,34,,3145059,Nova Porteirinha,,,20130501000000,Implantação,20130501000000,Implantação
2767,11,,2,31,,36,26,,3145109,Nova Resende,142,,20130501000000,Implantação,20130501000000,Implantação
2768,9,,4,31,,65,48,,3145208,Nova Serrana,50,,20170127164452,marcos.lopes,20130501000000,Implantação
2769,6,,3,31,,89,67,,3145307,Novo Cruzeiro,120,,20170817165527,marcos.lopes,20130501000000,Implantação
2770,6,,11,31,,1,1,,3145356,Novo Oriente de Minas,80,,20160701142805,marcos.lopes,20130501000000,Implantação
2771,8,,5,31,,76,58,,3145372,Novorizonte,0,,20161020141243,rosangela,20130501000000,Implantação
2773,8,,5,31,,12,44,,3145455,Olhos-d'Água,,,20130501000000,Implantação,20130501000000,Implantação
2774,11,,2,31,,85,64,,3145505,Olímpio Noronha,92,,20130501000000,Implantação,20130501000000,Implantação
2775,9,,4,31,,78,60,,3145604,Oliveira,80,,20170713121910,marcos.lopes,20130501000000,Implantação
2776,10,,9,31,,80,61,,3145703,Oliveira Fortes,65,,20130501000000,Implantação,20130501000000,Implantação
2777,9,,1,31,,65,48,,3145802,Onça de Pitangui,80,,20130501000000,Implantação,20130501000000,Implantação
2778,5,,9,31,,73,55,,3145851,Oratórios,22,,20130501000000,Implantação,20130501000000,Implantação
2779,10,,9,31,,19,12,,3145877,Orizânia,140,,20130501000000,Implantação,20130501000000,Implantação
2783,6,,11,31,,89,67,,3146206,Ouro Verde de Minas,60,,20130501000000,Implantação,20130501000000,Implantação
2784,8,,5,31,,76,58,,3146255,Padre Carvalho,,,20130501000000,Implantação,20130501000000,Implantação
2785,6,,3,31,,64,47,,3146305,Padre Paraíso,100,,20130501000000,Implantação,20130501000000,Implantação
2786,1,,10,31,,87,66,,3146404,Paineiras,248,,20130501000000,Implantação,20130501000000,Implantação
2787,9,,4,31,,31,21,,3146503,Pains,110,,20130501000000,Implantação,20130501000000,Implantação
2788,8,,5,31,,46,34,,3146552,Pai Pedro,,,20130501000000,Implantação,20130501000000,Implantação
2789,2,,9,31,,8,7,,3146602,Paiva,60,,20170207154557,ana.flavia,20130501000000,Implantação
2790,10,,9,31,,51,39,,3146701,Palma,,,20130501000000,Implantação,20130501000000,Implantação
2791,6,,3,31,,4,4,,3146750,Palmópolis,191,,20130501000000,Implantação,20130501000000,Implantação
2792,1,,1,31,,65,66,,3146909,Papagaios,70,,20170713114410,marcos.lopes,20130501000000,Implantação
2794,9,,1,31,,65,48,,3147105,Pará de Minas,70,,20170505143214,natalia.araujo,20130501000000,Implantação
2795,11,,2,31,,53,3,,3147204,Paraguaçu,27,,20151124155609,bruna.costa,20130501000000,Implantação
2796,11,,2,31,,40,30,,3147303,Paraisópolis,70,,20130501000000,Implantação,20130501000000,Implantação
2799,11,,2,31,,85,64,,3147600,Passa Quatro,180,,20151222092900,bruna.costa,20130501000000,Implantação
2800,9,,4,31,,78,60,,3147709,Passa Tempo,130,,20170118160025,marcos.lopes,20130501000000,Implantação
2801,10,,2,31,,49,37,,3147808,Passa-Vinte,165,,20170904135430,heloisa,20130501000000,Implantação
2802,11,,2,31,,66,49,,3147907,Passos,0,,20170511154522,marcos.lopes,20130501000000,Implantação
2803,8,,5,31,,15,11,,3147956,Patis,,,20130501000000,Implantação,20130501000000,Implantação
2805,12,,8,31,,68,51,,3148103,Patrocínio,152,,20170113164133,marcos.lopes,20130501000000,Implantação
2806,10,,9,31,,61,45,,3148202,Patrocínio do Muriaé,140,,20130501000000,Implantação,20130501000000,Implantação
2808,4,,12,31,,83,59,,3148400,Paulistas,170,,20130501000000,Implantação,20130501000000,Implantação
2809,6,,11,31,,1,1,,3148509,Pavão,100,,20130501000000,Implantação,20130501000000,Implantação
2810,4,,12,31,,83,59,,3148608,Peçanha,112,,20130501000000,Implantação,20130501000000,Implantação
2812,10,,9,31,,19,12,,3148756,Pedra Bonita,160,,20130501000000,Implantação,20130501000000,Implantação
2813,5,,9,31,,99,76,,3148806,Pedra do Anta,54,,20130501000000,Implantação,20130501000000,Implantação
2814,9,,4,31,,30,20,,3148905,Pedra do Indaiá,50,,20170306154752,marcos.lopes,20130501000000,Implantação
2816,11,,2,31,,40,30,,3149101,Pedralva,70,,20130501000000,Implantação,20130501000000,Implantação
2817,8,,5,31,,47,35,,3149150,Pedras de Maria da Cruz,158,,20130501000000,Implantação,20130501000000,Implantação
2819,1,,1,31,,98,75,,3149309,Pedro Leopoldo,40,,20160120150317,soraia.miranda,20130501000000,Implantação
2820,10,,9,31,,49,37,,3149408,Pedro Teixeira,50,,20170529083736,natalia.araujo,20130501000000,Implantação
2821,10,,9,31,,11,63,,3149507,Pequeri,85,,20170503102029,marcos.lopes,20130501000000,Implantação
2822,1,,1,31,,65,66,,3149606,Pequi,75,,20130501000000,Implantação,20130501000000,Implantação
2823,9,,4,31,,79,20,,3149705,Perdigão,40,,20130501000000,Implantação,20130501000000,Implantação
2824,13,,8,31,,7,6,,3149804,Perdizes,130,,20130501000000,Implantação,20130501000000,Implantação
2825,11,,4,31,,50,38,,3149903,Perdões,100,,20150129073223,ana.claudia,20130501000000,Implantação
2826,4,,12,31,,34,27,,3149952,Periquito,38,,20130501000000,Implantação,20130501000000,Implantação
2827,6,,12,31,,41,67,,3150000,Pescador,90,,20130501000000,Implantação,20130501000000,Implantação
2828,10,,9,31,,49,37,,3150109,Piau,50,,20130501000000,Implantação,20130501000000,Implantação
2829,4,,12,31,,20,13,,3150158,Piedade de Caratinga,100,,20130501000000,Implantação,20130501000000,Implantação
2830,5,,9,31,,73,55,,3150208,Piedade de Ponte Nova,32,,20150930123835,marcos.lopes,20130501000000,Implantação
2831,2,,6,31,,82,62,,3150307,Piedade do Rio Grande,78,,20160823141533,ana.flavia,20130501000000,Implantação
2832,1,,1,31,,10,9,,3150406,Piedade dos Gerais,106,,20130501000000,Implantação,20130501000000,Implantação
2833,9,,4,31,,31,21,,3150505,Pimenta,110,,20140901084856,ana.claudia,20130501000000,Implantação
2834,4,,12,31,,27,17,,3150539,Pingo-d'Água,43,,20130501000000,Implantação,20130501000000,Implantação
2835,8,,5,31,,81,11,,3150570,Pintópolis,,,20130501000000,Implantação,20130501000000,Implantação
2836,9,,4,31,,43,32,,3150604,Piracema,100,,20130501000000,Implantação,20130501000000,Implantação
2837,13,,8,31,,33,23,,3150703,Pirajuba,0,,20161025151139,marcos.lopes,20130501000000,Implantação
2839,11,,2,31,,40,30,,3150901,Piranguçu,83,,20170706093707,heloisa,20130501000000,Implantação
2840,11,,2,31,,40,30,,3151008,Piranguinho,60,,20150923103718,monique.campos,20130501000000,Implantação
2841,10,,9,31,,2,2,,3151107,Pirapetinga,0,,20170803143603,marcos.lopes,20130501000000,Implantação
2842,8,,5,31,,70,53,,3151206,Pirapora,169,,20160425150129,monique.campos,20130501000000,Implantação
2843,10,,9,31,,93,70,,3151305,Piraúba,35,,20130501000000,Implantação,20130501000000,Implantação
2844,9,,1,31,,65,48,,3151404,Pitangui,70,,20130501000000,Implantação,20130501000000,Implantação
2846,13,,8,31,,33,23,,3151602,Planura,,,20130501000000,Implantação,20130501000000,Implantação
2847,11,,2,31,,53,3,,3151701,Poço Fundo,46,,20150602141021,bruna.costa,20130501000000,Implantação
2850,1,,10,31,,87,66,,3152006,Pompéu,100,,20170703141150,natalia.araujo,20130501000000,Implantação
2851,5,,9,31,,73,55,,3152105,Ponte Nova,,,20130501000000,Implantação,20130501000000,Implantação
2853,6,,3,31,,42,31,,3152170,Ponto dos Volantes,450,,20130501000000,Implantação,20130501000000,Implantação
2854,8,,5,31,,46,34,,3152204,Porteirinha,174,,20130501000000,Implantação,20130501000000,Implantação
2855,5,,9,31,,99,76,,3152303,Porto Firme,80,,20170213145429,ana.flavia,20130501000000,Implantação
2856,6,,11,31,,89,67,,3152402,Poté,40,,20150520113713,bruna.costa,20130501000000,Implantação
2858,11,,2,31,,85,64,,3152600,Pouso Alto,150,,20130501000000,Implantação,20130501000000,Implantação
2859,2,,6,31,,82,62,,3152709,Prados,35,,20170103143519,rosangela,20130501000000,Implantação
2860,12,,8,31,,95,72,,3152808,Prata,85,,20130501000000,Implantação,20130501000000,Implantação
2861,11,,2,31,,86,65,,3152907,Pratápolis,40,,20130501000000,Implantação,20130501000000,Implantação
2863,10,,9,31,,93,70,,3153103,Presidente Bernardes,68,,20130501000000,Implantação,20130501000000,Implantação
2864,1,,10,31,,28,18,,3153202,Presidente Juscelino,156,,20150917143847,monique.campos,20130501000000,Implantação
2865,3,,3,31,,29,19,,3153301,Presidente Kubitschek,60,,20170321094449,natalia.araujo,20130501000000,Implantação
2867,5,,9,31,,55,41,,3153509,Alto Jequitibá,26,,20130501000000,Implantação,20130501000000,Implantação
2868,1,,1,31,,87,66,,3153608,Prudente de Morais,10,,20130501000000,Implantação,20130501000000,Implantação
2869,1,,10,31,,13,66,,3153707,Quartel Geral,226,,20130501000000,Implantação,20130501000000,Implantação
2872,5,,9,31,,73,55,,3154002,Raul Soares,69,,20130501000000,Implantação,20130501000000,Implantação
2873,10,,9,31,,51,39,,3154101,Recreio,0,,20160425150207,monique.campos,20130501000000,Implantação
2874,5,,9,31,,55,41,,3154150,Reduto,36,,20130501000000,Implantação,20130501000000,Implantação
2875,2,,6,31,,82,62,,3154200,Resende Costa,45,,20170113170225,marcos.lopes,20130501000000,Implantação
2876,4,,12,31,,75,57,,3154309,Resplendor,117,,20130501000000,Implantação,20130501000000,Implantação
2877,2,,6,31,,8,7,,3154408,Ressaquinha,23,,20130501000000,Implantação,20130501000000,Implantação
2879,8,,5,31,,46,34,,3154507,Riacho dos Machados,212,,20130501000000,Implantação,20130501000000,Implantação
2881,11,,6,31,,50,38,,3154705,Ribeirão Vermelho,110,,20130501000000,Implantação,20130501000000,Implantação
2883,5,,9,31,,73,55,,3154903,Rio Casca,40,,20130501000000,Implantação,20130501000000,Implantação
2884,5,,9,31,,73,55,,3155009,Rio Doce,28,,20141211095254,ana.claudia,20130501000000,Implantação
2887,1,,1,31,,10,9,,3155306,Rio Manso,80,,20130501000000,Implantação,20130501000000,Implantação
2890,8,,5,31,,88,58,,3155603,Rio Pardo de Minas,317,,20130501000000,Implantação,20130501000000,Implantação
2891,1,,1,31,,48,36,,3155702,Rio Piracicaba,90,,20130501000000,Implantação,20130501000000,Implantação
2892,10,,9,31,,93,70,,3155801,Rio Pomba,35,,20130501000000,Implantação,20130501000000,Implantação
2894,1,,1,31,,35,25,,3156007,Rio Vermelho,200,,20130501000000,Implantação,20130501000000,Implantação
2895,2,,6,31,,82,62,,3156106,Ritápolis,18,,20130501000000,Implantação,20130501000000,Implantação
2896,10,,9,31,,84,63,,3156205,Rochedo de Minas,60,,20130501000000,Implantação,20130501000000,Implantação
2899,10,,9,31,,61,45,,3156452,Rosário da Limeira,100,,20130501000000,Implantação,20130501000000,Implantação
2900,8,,5,31,,76,58,,3156502,Rubelita,252,,20130501000000,Implantação,20130501000000,Implantação
2901,6,,3,31,,4,4,,3156601,Rubim,120,,20170223143259,natalia.araujo,20130501000000,Implantação
2903,1,,12,31,,35,25,,3156809,Sabinópolis,130,,20130501000000,Implantação,20130501000000,Implantação
2905,8,,5,31,,76,58,,3157005,Salinas,221,,20130501000000,Implantação,20130501000000,Implantação
2906,6,,3,31,,4,4,,3157104,Salto da Divisa,201,,20141127145933,ANA.CLAUDIA,20130501000000,Implantação
2907,1,,1,31,,38,28,,3157203,Santa Bárbara,84,,20160804153602,marcos.lopes,20130501000000,Implantação
2908,4,,12,31,,20,13,,3157252,Santa Bárbara do Leste,125,,20130501000000,Implantação,20130501000000,Implantação
2910,2,,6,31,,8,7,,3157302,Santa Bárbara do Tugúrio,40,,20130501000000,Implantação,20130501000000,Implantação
2911,2,,6,31,,82,62,,3157336,Santa Cruz de Minas,6,,20130501000000,Implantação,20130501000000,Implantação
2912,8,,5,31,,76,58,,3157377,Santa Cruz de Salinas,,,20130501000000,Implantação,20130501000000,Implantação
2913,5,,9,31,,73,55,,3157401,Santa Cruz do Escalvado,29,,20130501000000,Implantação,20130501000000,Implantação
2914,4,,12,31,,34,24,,3157500,Santa Efigênia de Minas,85,,20130501000000,Implantação,20130501000000,Implantação
2915,8,,5,31,,70,53,,3157609,Santa Fé de Minas,310,,20130501000000,Implantação,20130501000000,Implantação
2916,6,,11,31,,1,1,,3157658,Santa Helena de Minas,210,,20150115163020,bruna.costa,20130501000000,Implantação
2918,1,,1,31,,9,8,,3157807,Santa Luzia,29,,20130501000000,Implantação,20130501000000,Implantação
2921,6,,3,31,,4,4,,3158102,Santa Maria do Salto,184,,20130501000000,Implantação,20130501000000,Implantação
2922,4,,12,31,,77,59,,3158201,Santa Maria do Suaçuí,180,,20130501000000,Implantação,20130501000000,Implantação
2927,2,,6,31,,8,7,,3158706,Santana do Garambéu,67,,20130501000000,Implantação,20130501000000,Implantação
2928,9,,4,31,,17,60,,3158805,Santana do Jacaré,110,,20130501000000,Implantação,20130501000000,Implantação
2929,5,,9,31,,55,41,,3158904,Santana do Manhuaçu,120,,20130501000000,Implantação,20130501000000,Implantação
2930,4,,12,31,,37,27,,3158953,Santana do Paraíso,37,,20151209101436,bruna.costa,20130501000000,Implantação
2931,1,,1,31,,98,75,,3159001,Santana do Riacho,93,,20170818120906,marcos.lopes,20130501000000,Implantação
2934,10,,9,31,,14,37,,3159308,Santa Rita de Jacutinga,150,,20140505091532,ana.araujo,20130501000000,Implantação
2935,4,,12,31,,20,13,,3159357,Santa Rita de Minas,121,,20150417104022,ana.claudia,20130501000000,Implantação
2936,2,,9,31,,8,7,,3159407,Santa Rita de Ibitipoca,70,,20130501000000,Implantação,20130501000000,Implantação
2937,4,,12,31,,75,57,,3159506,Santa Rita do Itueto,157,,20130501000000,Implantação,20130501000000,Implantação
2940,12,,8,31,,44,33,,3159803,Santa Vitória,70,,20170309112609,ana.flavia,20130501000000,Implantação
2941,9,,4,31,,78,60,,3159902,Santo Antônio do Amparo,100,,20130501000000,Implantação,20130501000000,Implantação
2942,10,,9,31,,2,2,,3160009,Santo Antônio do Aventureiro,,,20130501000000,Implantação,20130501000000,Implantação
2943,5,,9,31,,73,55,,3160108,Santo Antônio do Grama,42,,20130501000000,Implantação,20130501000000,Implantação
2944,3,,1,31,,29,19,,3160207,Santo Antônio do Itambé,110,,20130501000000,Implantação,20130501000000,Implantação
2945,6,,3,31,,4,4,,3160306,Santo Antônio do Jacinto,210,,20170106100933,marcos.lopes,20130501000000,Implantação
2946,9,,4,31,,79,20,,3160405,Santo Antônio do Monte,70,,20150824151154,bruna.costa,20130501000000,Implantação
2947,8,,5,31,,88,58,,3160454,Santo Antônio do Retiro,,,20130501000000,Implantação,20130501000000,Implantação
2948,1,,1,31,,38,28,,3160504,Santo Antônio do Rio Abaixo,90,,20130501000000,Implantação,20130501000000,Implantação
2949,1,,10,31,,28,18,,3160603,Santo Hipólito,190,,20130501000000,Implantação,20130501000000,Implantação
2950,10,,9,31,,80,61,,3160702,Santos Dumont,50,,20130501000000,Implantação,20130501000000,Implantação
2951,11,,2,31,,90,68,,3160801,São Bento Abade,55,,20130501000000,Implantação,20130501000000,Implantação
2953,4,,12,31,,20,13,,3160959,São Domingos das Dores,260,,20130501000000,Implantação,20130501000000,Implantação
2954,1,,1,31,,48,36,,3161007,São Domingos do Prata,75,,20170109144905,marcos.lopes,20130501000000,Implantação
2955,4,,12,31,,56,42,,3161056,São Félix de Minas,83,,20140328084116,ana.araujo,20130501000000,Implantação
2957,9,,4,31,,78,60,,3161205,São Francisco de Paula,100,,20130501000000,Implantação,20130501000000,Implantação
2958,13,,8,31,,33,23,,3161304,São Francisco de Sales,0,,20160915090842,marcos.lopes,20130501000000,Implantação
2959,10,,9,31,,61,45,,3161403,São Francisco do Glória,210,,20170130144536,rosangela,20130501000000,Implantação
2960,10,,9,31,,93,70,,3161502,São Geraldo,28,,20130501000000,Implantação,20130501000000,Implantação
2961,4,,12,31,,34,24,,3161601,São Geraldo da Piedade,65,,20130501000000,Implantação,20130501000000,Implantação
2962,4,,12,31,,34,24,,3161650,São Geraldo do Baixio,90,,20130501000000,Implantação,20130501000000,Implantação
2964,9,,4,31,,30,20,,3161809,São Gonçalo do Pará,30,,20160315112627,soraia.miranda,20130501000000,Implantação
2966,11,,2,31,,97,74,,3162005,São Gonçalo do Sapucaí,70,,20130501000000,Implantação,20130501000000,Implantação
2968,11,,2,31,,66,49,,3162203,São João Batista do Glória,20,,20130501000000,Implantação,20130501000000,Implantação
2969,8,,5,31,,26,16,,3162252,São João da Lagoa,,,20130501000000,Implantação,20130501000000,Implantação
2971,8,,5,31,,15,11,,3162401,São João da Ponte,140,,20170811144843,marcos.lopes,20130501000000,Implantação
2972,8,,5,31,,47,40,,3162450,São João das Missões,,,20130501000000,Implantação,20130501000000,Implantação
2974,5,,9,31,,55,41,,3162559,São João do Manhuaçu,,,20130501000000,Implantação,20130501000000,Implantação
2975,4,,12,31,,56,42,,3162575,São João do Manteninha,124,,20160906090101,marcos.lopes,20130501000000,Implantação
2976,4,,12,31,,37,27,,3162609,São João do Oriente,77,,20170330115245,ana.flavia,20130501000000,Implantação
2977,8,,5,31,,26,16,,3162658,São João do Pacuí,,,20130501000000,Implantação,20130501000000,Implantação
2978,8,,5,31,,88,58,,3162708,São João do Paraíso,306,,20130501000000,Implantação,20130501000000,Implantação
2979,4,,12,31,,83,59,,3162807,São João Evangelista,150,,20130501000000,Implantação,20130501000000,Implantação
2980,10,,9,31,,84,63,,3162906,São João Nepomuceno,85,,20130501000000,Implantação,20130501000000,Implantação
2981,1,,1,31,,10,9,,3162922,São Joaquim de Bicas,35,,20130501000000,Implantação,20130501000000,Implantação
2982,11,,2,31,,66,49,,3162948,São José da Barra,30,,20130501000000,Implantação,20130501000000,Implantação
2984,4,,12,31,,34,24,,3163003,São José da Safira,92,,20150820094100,bruna.costa,20130501000000,Implantação
2985,9,,1,31,,65,48,,3163102,São José da Varginha,100,,20130501000000,Implantação,20130501000000,Implantação
2986,11,,2,31,,40,30,,3163201,São José do Alegre,45,,20130501000000,Implantação,20130501000000,Implantação
2987,6,,12,31,,41,67,,3163300,São José do Divino,110,,20130501000000,Implantação,20130501000000,Implantação
2989,4,,12,31,,83,59,,3163508,São José do Jacuri,155,,20150922095658,bruna.costa,20130501000000,Implantação
2990,5,,9,31,,55,41,,3163607,São José do Mantimento,200,,20170512101138,heloisa,20130501000000,Implantação
2991,11,,2,31,,85,64,,3163706,São Lourenço,135,,20130501000000,Implantação,20130501000000,Implantação
2992,5,,9,31,,99,76,,3163805,São Miguel do Anta,67,,20130501000000,Implantação,20130501000000,Implantação
2994,5,,9,31,,73,55,,3164001,São Pedro dos Ferros,,,20130501000000,Implantação,20130501000000,Implantação
2995,4,,12,31,,83,59,,3164100,São Pedro do Suaçuí,137,,20130501000000,Implantação,20130501000000,Implantação
2996,8,,5,31,,81,11,,3164209,São Romão,214,,20130501000000,Implantação,20130501000000,Implantação
2999,10,,9,31,,61,45,,3164431,São Sebastião da Vargem Alegre,45,,20130501000000,Implantação,20130501000000,Implantação
3000,4,,12,31,,20,13,,3164472,São Sebastião do Anta,150,,20130501000000,Implantação,20130501000000,Implantação
3001,4,,12,31,,77,59,,3164506,São Sebastião do Maranhão,190,,20130501000000,Implantação,20130501000000,Implantação
3002,9,,4,31,,30,20,,3164605,São Sebastião do Oeste,30,,20130501000000,Implantação,20130501000000,Implantação
3003,11,,2,31,,86,65,,3164704,São Sebastião do Paraíso,50,,20130501000000,Implantação,20130501000000,Implantação
3005,11,,2,31,,85,64,,3164902,São Sebastião do Rio Verde,153,,20141219093333,ana.claudia,20130501000000,Implantação
3006,2,,6,31,,82,62,,3165008,São Tiago,48,,20130501000000,Implantação,20130501000000,Implantação
3007,11,,2,31,,86,65,,3165107,São Tomás de Aquino,80,,20130501000000,Implantação,20130501000000,Implantação
3008,11,,2,31,,90,68,,3165206,São Thomé das Letras,60,,20130501000000,Implantação,20130501000000,Implantação
3009,2,,2,31,,82,62,,3165305,São Vicente de Minas,90,,20130501000000,Implantação,20130501000000,Implantação
3010,11,,2,31,,40,30,,3165404,Sapucaí-Mirim,95,,20160607105720,heloisa,20130501000000,Implantação
3011,4,,12,31,,34,24,,3165503,Sardoá,71,,20130501000000,Implantação,20130501000000,Implantação
3012,1,,1,31,,25,15,,3165537,Sarzedo,35,,20170410091713,marcos.lopes,20130501000000,Implantação
3013,6,,11,31,,54,67,,3165552,Setubinha,140,,20130501000000,Implantação,20130501000000,Implantação
3014,5,,9,31,,73,55,,3165560,Sem-Peixe,0,,20150813095559,bruna.costa,20130501000000,Implantação
3016,10,,9,31,,11,63,,3165602,Senador Cortes,90,,20130501000000,Implantação,20130501000000,Implantação
3017,10,,9,31,,93,70,,3165701,Senador Firmino,30,,20170217124707,marcos.lopes,20130501000000,Implantação
3019,3,,3,31,,29,19,,3165909,Senador Modestino Gonçalves,90,,20130501000000,Implantação,20130501000000,Implantação
3021,1,,12,31,,35,25,,3166105,Senhora do Porto,96,,20130501000000,Implantação,20130501000000,Implantação
3022,2,,6,31,,8,7,,3166204,Senhora dos Remédios,55,,20170207162217,ana.flavia,20130501000000,Implantação
3024,11,,2,31,,22,64,,3166402,Seritinga,160,,20130501000000,Implantação,20130501000000,Implantação
3025,1,,1,31,,35,25,,3166501,Serra Azul de Minas,140,,20170707124918,marcos.lopes,20130501000000,Implantação
3026,9,,10,31,,13,10,,3166600,Serra da Saudade,190,,20130501000000,Implantação,20130501000000,Implantação
3027,6,,11,31,,62,46,,3166709,Serra dos Aimorés,175,,20130501000000,Implantação,20130501000000,Implantação
3028,7,,8,31,,68,50,,3166808,Serra do Salitre,75,,20130501000000,Implantação,20130501000000,Implantação
3029,11,,2,31,,3,3,,3166907,Serrania,23,,20170210104408,ana.flavia,20130501000000,Implantação
3030,8,,5,31,,46,34,,3166956,Serranópolis de Minas,,,20130501000000,Implantação,20130501000000,Implantação
3031,11,,2,31,,22,64,,3167004,Serranos,164,,20130501000000,Implantação,20130501000000,Implantação
3032,3,,1,31,,29,19,,3167103,Serro,90,,20130501000000,Implantação,20130501000000,Implantação
3034,10,,9,31,,93,70,,3167301,Silveirânia,48,,20130501000000,Implantação,20130501000000,Implantação
3038,4,,12,31,,34,24,,3167707,Sobrália,52,,20130501000000,Implantação,20130501000000,Implantação
3039,11,,2,31,,85,64,,3167806,Soledade de Minas,130,,20130501000000,Implantação,20130501000000,Implantação
3040,10,,9,31,,93,70,,3167905,Tabuleiro,45,,20130501000000,Implantação,20130501000000,Implantação
3041,8,,5,31,,88,58,,3168002,Taiobeiras,268,,20170607151359,marcos.lopes,20130501000000,Implantação
3042,5,,12,31,,55,41,,3168051,Taparuba,260,,20130501000000,Implantação,20130501000000,Implantação
3044,9,,4,31,,31,21,,3168200,Tapiraí,160,,20130501000000,Implantação,20130501000000,Implantação
3045,1,,1,31,,16,8,,3168309,Taquaraçu de Minas,70,,20130501000000,Implantação,20130501000000,Implantação
3046,4,,12,31,,34,24,,3168408,Tarumirim,68,,20130501000000,Implantação,20130501000000,Implantação
3047,5,,9,31,,99,76,,3168507,Teixeiras,25,,20130501000000,Implantação,20130501000000,Implantação
3048,6,,11,31,,89,67,,3168606,Teófilo Otoni,0,,20170606085832,natalia.araujo,20130501000000,Implantação
3049,4,,12,31,,27,17,,3168705,Timóteo,12,,20170216154322,ana.flavia,20130501000000,Implantação
3050,2,,6,31,,82,62,,3168804,Tiradentes,15,,20130501000000,Implantação,20130501000000,Implantação
3052,10,,9,31,,93,70,,3169000,Tocantins,10,,20170124111816,marcos.lopes,20130501000000,Implantação
3055,10,,9,31,,19,12,,3169208,Tombos,175,,20130501000000,Implantação,20130501000000,Implantação
3056,11,,2,31,,90,68,,3169307,Três Corações,30,,20130501000000,Implantação,20130501000000,Implantação
3058,11,,2,31,,91,69,,3169406,Três Pontas,25,,20170120163948,marcos.lopes,20130501000000,Implantação
3059,4,,12,31,,34,24,,3169505,Tumiritinga,70,,20130501000000,Implantação,20130501000000,Implantação
3060,12,,8,31,,95,72,,3169604,Tupaciguara,58,,20150212152343,bruna.costa,20130501000000,Implantação
3061,3,,3,31,,92,43,,3169703,Turmalina,190,,20130501000000,Implantação,20130501000000,Implantação
3063,10,,9,31,,93,70,,3169901,Ubá,,,20130501000000,Implantação,20130501000000,Implantação
3064,8,,5,31,,15,11,,3170008,Ubaí,161,,20130501000000,Implantação,20130501000000,Implantação
3065,4,,12,31,,20,13,,3170057,Ubaporanga,95,,20150826140746,bruna.costa,20130501000000,Implantação
3067,12,,8,31,,95,72,,3170206,Uberlândia,,,20130501000000,Implantação,20130501000000,Implantação
3068,6,,11,31,,1,1,,3170305,Umburatiba,190,,20130501000000,Implantação,20130501000000,Implantação
3070,13,,8,31,,45,23,,3170438,União de Minas,0,,20170222135649,marcos.lopes,20130501000000,Implantação
3072,5,,9,31,,73,55,,3170503,Urucânia,25,,20130501000000,Implantação,20130501000000,Implantação
3073,8,,5,31,,81,11,,3170529,Urucuia,280,,20130501000000,Implantação,20130501000000,Implantação
3074,4,,12,31,,20,13,,3170578,Vargem Alegre,135,,20130501000000,Implantação,20130501000000,Implantação
3076,8,,5,31,,88,58,,3170651,Vargem Grande do Rio Pardo,,,20130501000000,Implantação,20130501000000,Implantação
3077,11,,2,31,,97,74,,3170701,Varginha,0,,20170519164544,marcos.lopes,20130501000000,Implantação
3079,8,,5,31,,70,53,,3170800,Várzea da Palma,156,,20160125122655,soraia.miranda,20130501000000,Implantação
3080,8,,5,31,,15,11,,3170909,Varzelândia,176,,20130501000000,Implantação,20130501000000,Implantação
3082,8,,5,31,,46,34,,3171030,Verdelândia,170,,20130501000000,Implantação,20130501000000,Implantação
3083,3,,3,31,,92,43,,3171071,Veredinha,200,,20130501000000,Implantação,20130501000000,Implantação
3084,13,,8,31,,94,71,,3171105,Veríssimo,,,20130501000000,Implantação,20130501000000,Implantação
3085,4,,9,31,,20,13,,3171154,Vermelho Novo,108,,20130501000000,Implantação,20130501000000,Implantação
3087,5,,9,31,,99,76,,3171303,Viçosa,45,,20151201105004,natalia.araujo,20130501000000,Implantação
3088,10,,9,31,,61,45,,3171402,Vieiras,160,,20130501000000,Implantação,20130501000000,Implantação
3089,4,,12,31,,34,24,,3171501,Mathias Lobato,40,,20130501000000,Implantação,20130501000000,Implantação
3090,6,,3,31,,5,5,,3171600,Virgem da Lapa,290,,20170310094244,marcos.lopes,20130501000000,Implantação
3091,11,,2,31,,85,64,,3171709,Virgínia,152,,20130501000000,Implantação,20130501000000,Implantação
3092,1,,12,31,,35,25,,3171808,Virginópolis,171,,20130501000000,Implantação,20130501000000,Implantação
3093,4,,12,31,,83,59,,3171907,Virgolândia,94,,20130501000000,Implantação,20130501000000,Implantação
3094,10,,9,31,,93,70,,3172004,Visconde do Rio Branco,18,,20130501000000,Implantação,20130501000000,Implantação
3095,10,,9,31,,2,2,,3172103,Volta Grande,,,20130501000000,Implantação,20130501000000,Implantação
3096,6,,2,31,,40,30,,3172202,Wenceslau Braz,85,,20170213105803,ana.flavia,20130501000000,Implantação
653,,,,21,,,,,2112209,Timon,0,,20210118084228,rosilene,20130501000000,Implantação
452,,,,21,,,,,2100154,Agua Doce do Maranhão,0,,20220422073106,yago,20130501000000,Implantação
564,,,,21,,,,,2106607,MATOES,0,,20220621073343,yago,20130501000000,Implantação
