co_seq_unidade_saude,co_seq_distrito,co_seq_tp_logradouro,co_seq_municipio,no_unidade_saude,co_ref_unidade,nu_cnes,no_logradouro,nu_logradouro,cmp_nr_logradouro,no_bairro,nu_cep,nu_telefone,nu_fax,ds_email,dt_hr_ultima_alteracao,aut_ultima_alteracao,dt_hr_registro,aut_registro,nu_telefone_auxiliar
1,,113,450,SEC.MUNIC. DE ACAILANDIA,00535-01,6383572,ANITA GARIBALDE                                                CENTRO,,,,,,,,20170908095401,Implantação,20170908095401,Implantação,
2,,113,451,SEMUS AFONSO CUNHA,00679-01,7946724,ANTONIO BACELAR,S/N,,PRACA DA COMUNIDADE,,,,,20170908095401,Implantação,20170908095401,Implantação,
8,,113,456,CENTRO DE S DA MULHER,00209-01,2458861,RODOVIARIA,S/N,,CENTRO,,,,,20170908095401,Implantação,20170908095401,Implantação,
10,,113,457,HOSP ALTO A.PINDARE,00222-01,2462192,NOVA,S/N,,CENTRO,,,,,20170908095401,Implantação,20170908095401,Implantação,
11,,113,458,SEC.MUNC.DE SAUDE,00721-01,6831737,CEL LINDOLFO LUSTOSA,S/N,,CENTRO,,,,,20170908095401,Implantação,20170908095401,Implantação,
16,,113,462,UNID.M.S.M.MONTELES,00203-01,2309580,PRESIDENTE MEDICI,846,,CENTRO,,,,,20170908095401,Implantação,20170908095401,Implantação,
19,,113,465,APAE DE ARAIOSES,00294-01,3190749,BEIJAMIM CONSTANTINO,S/N,,CENTRO,,,,,20170908095401,Implantação,20170908095401,Implantação,
21,,113,467,ARARI-U.M.J.0LIVEIRA,00072-01,2451573,MAJOR PESTANA,S/N,,CENTRO,,,,,20170908095401,Implantação,20170908095401,Implantação,
22,,113,468,HOSP.MATER.AXIXAENSE,00163-01,2308908,SENADOR JOSE SARNEY ,131,,CENTRO,,,,,20170908095401,Implantação,20170908095401,Implantação,
23,,113,469,HOSP.MATER-INF,00449-01,6922902,1,50,,ESPERANÇA,,,,,20170908095401,Implantação,20170908095401,Implantação,
27,,113,472,C.de S.de Bacurituba,00612-01,2656094,BENJAMIM CONSTANTINO,S/N,,CENTRO,,,,,20170908095401,Implantação,20170908095401,Implantação,
31,,113,474,SEC M DE SAUDE B GRAJAU,00489-01, 6744168,AGRIPINO SILVEIRO GALVAO,1035,,VILA CANADA,,,,,20170908095401,Implantação,20170908095401,Implantação,
32,,113,475,H.M.INFANTIL B.CORDA,00285-01,2462583,FRANCISCO MARANHAO,S/N,,CENTRO,,,,,20170908095401,Implantação,20170908095401,Implantação,
33,,113,475,HOS.SAO JOSE B.CORDA ,00350-01,2462591,PEDRO BRAGA ,126,,CENTRO,,,,,20170908095401,Implantação,20170908095401,Implantação,
39,,113,480,UND.MISTA S.BEQUIMAO,00506-01,2726688,CAPITAO J CASTRO,S/N,,CENTRO,,,,,20170908095401,Implantação,20170908095401,Implantação,
43,,113,484,APAE BOM JESUS DAS SELVAS,00629-01,2644142,BURITIRANA ,240,,CENTRO,,,,,20170908095401,Implantação,20170908095401,Implantação,
44,,113,484,CENTRO DE S.A.NASC-,00600-01,2644142,ADALTO LOPES,S/N,,CENTRO,,,,,20170908095401,Implantação,20170908095401,Implantação,
40,,113,481,C.S.SAO BERNARDO,00590-01,2463377,NOVA,S/N,,CENTRO,65723000,(  ),(  ),,20190221093028,hiago,20170908095401,Implantação,(  )
17,,113,463,CENTRO DE S. NOSSA Sª DE FATIMA,00419-01,2306522,TANCREDO NEVES,86,,CENTRO,65275000,(98)984895906,(  ),CLEONILDODOSSANTOS@GMAIL.COM,20190221115519,paulo,20170908095401,Implantação,(  )
14,,113,461,CENTRO DE S.G.REGO,00416-01,2646404,NINA RODRIGUES,S/N,,CENTRO,65490000,(  ),(  ),,20190325123938,hiago,20170908095401,Implantação,(  )
30,,113,474,C.ESP. DR. SEBASTIAO MARTINS,00123-01,2460378,AGRIPINO SILVEIRO GALVAO,1035,,CENTRO,65660000,(  ),(  ),,20190521083333,hiago,20170908095401,Implantação,(  )
24,,113,470,U.B.S. DR. DOMAR BRITO ANCELES,00573-01,2390434,JOSE DA SILVA CALVET,S/N,,CENTRO,65143000,(98)988083874,(  ),,20190521090210,hiago,20170908095401,Implantação,(98)996133580
45,,113,485,UBS. MARIA NAILDE,00742-01,2715864,DA ESPERANCA,S/N,RES. JOANNA D CUNHA,CENTRO,65704000,(99)981326062,(  ),JDARKBACABAL@GMAIL.COM,20190612152013,carliane,20170908095401,Implantação,(99)984203039
7,,113,455,UBS. DE ALTAMIRA,00593-01,2309572,GETULIO VARGAS ,S/N,,CENTRO,     ,(  ),(  ),,20190612153648,carliane,20170908095401,Implantação,(  )
6,,113,454,HOSP.MUNICIPAL FRANCISCA SOUSA ALMEIDA,00503-01,7137818,ALDORICO MACHADO,S/N,,CENTRO,65610000,(99)988476311,(  ),,20190619082532,hiago,20170908095401,Implantação,(  )
49,,113,488,HOSP BURITINENSE,00142-01,9219277,ANTONIO MOURAO,84,,CENTRO,,,,,20170908095401,Implantação,20170908095401,Implantação,
47,,113,487,U.B.S. JOAQUIM TIMOTEO,00532-01,2464578,OLARIA,S/N,,CENTRO,     ,(  ),(  ),,20220304142222,yago,20170908095401,Implantação,(  )
38,,113,479,U.B.S. DEP. LUIS COELHO,00669-01,2645335,PRAÇA JOSE SARNEY ,S/N,,CENTRO,65885000,(89)988087543,(  ),,20210812140831,yago,20170908095401,Implantação,(89)988087543
25,,113,471,SEMUS DE BACURI,00508-01,7977859,7 DE SETEMBRO,S/N,,CENTRO,     ,(  ),(  ),,20211228095653,yago,20170908095401,Implantação,(  )
26,,113,471,U.B.S. SÃO JOÃO BATISTA,00578-01,2463989,CESAR BANDEIRA,S/N,,CENTRO,65270000,(  ),(  ),,20211228095711,yago,20170908095401,Implantação,(  )
20,,113,466,U.B.S. DR. MARIA AMALIA JORGE TEIXEIRA,00392-01,2604116,RIO BRANCO,S/N,,CENTRO,     ,(  ),(  ),,20220221092845,yago,20170908095401,Implantação,(  )
37,,113,477,U.B.S. BELA VISTA,00639-01,2663821,1 DE JANEIRO,S/N,,CENTRO,65535000,(  ),(  ),,20220308081947,yago,20170908095401,Implantação,(  )
46,,113,486,U.B.S. CEL. ANTONIO GUILHERME,00476-01,2309815,CEL.A .MANOEL,S/N,,CENTRO,65520000,(  ),(  ),,20220407083238,yago,20170908095401,Implantação,(  )
34,,113,476,U.B.S. VALTER COSTA,00504-01,7013620,ANTONIO DIAS,28,,CENTRO,     ,(  ),(  ),,20220324123710,yago,20170908095401,Implantação,(  )
35,,113,476,U.B.S. MURICI,00695-01,7746830,DOMINGOS CARVALHO ,S/N,,MURICI,     ,(  ),(  ),,20220324123730,yago,20170908095401,Implantação,(  )
13,,113,460,SEMUS DE AMARANTE,00452-01,6969836,DEPUTADO LARROQUE,S/N,,CENTRO,65923000,(  ),(  ),,20220525072416,yago,20170908095401,Implantação,(  )
5,,113,453,U.B.S. DR.N. GUTERRES,00168-01,2452774,SÃO SEBASTIAO,259,,CENTRO,     ,(  ),(  ),,20221004075033,yago,20170908095401,Implantação,(  )
3,,113,451,U.B.S. RAIMUNILDES DA SILVA REIS,00530-01,6922988,PRACA DA COMUNIDADE,56,,CENTRO,65505000,(99)988018818,(  ),DELANY_SO@HOTMAIL.COM,20230802082527,yago,20170908095401,Implantação,(  )
36,,113,478,U.B.S. CENTRO DE SAÚDE ,00580-01,,COMERCIO- LADO B,1,RES. ELAINE DO LAGO,CENTRO,65335000,(98)996162094,(  ),FONTENELENATHALIA@GMAIL.COM,20230802085351,thalyta,20170908095401,Implantação,(  )
12,,113,459,U.B.S. IVETE LEMOS,00678-01,2309548,TANCREDO NEVES,S/N,,CENTRO,65293000,(98)984723282,(  ),,20240509153038,yago,20170908095401,Implantação,(  )
15,,113,462,CT.DE S.ISAAC FRANCISCO MONTELES,00617-01,3453081,SENADOR JOSE SARNEY ,250,,TORRE,     ,(  ),(  ),,20231117101159,thalyta,20170908095401,Implantação,(  )
28,,113,451,BALSAS-SOC.BENF.HOSP,00008-01,2450143,DR ROOSEVELT KURY,80,,CENTRO,     ,(  ),(  ),,20240708163616,marcia,20170908095401,Implantação,(  )
54,,113,490,SEC M DE BURITICUPU,00020-01,2450429,SANTA LUZIA ,S/N,,TERRA BEL,,,,,20170908095401,Implantação,20170908095401,Implantação,
72,,113,500,SEC. M. S. CARUTAPERA,00396-01,2463784,PADRE MARIO BACCA,S/N,,CENTRO,,,,,20170908095401,Implantação,20170908095401,Implantação,
83,,113,507,CIDELANDIA-HOSP.MUNC,00603-01,2726610,XV DE NOVEMBRO ,S/N,,CENTRO,,,,,20170908095401,Implantação,20170908095401,Implantação,
86,,113,509,SEMUS COELHO NETO,00674-01,6355870,DR LUIZ RAIMUNDO,S/N,,CENTRO,,,,,20170908095401,Implantação,20170908095401,Implantação,
95,,113,510,HOSP.REG.CARLOS MACI,00581-01,2726645,RUI BARBOSA ,S/N,,CENTRO,,,,,20170908095401,Implantação,20170908095401,Implantação,
78,,113,505,U.B.S. ANNE RAIMUNDA,00454-01,2311127,AV. JUSCELINO KUBITSCHEK,S/N,,CENTRO,65299000,(98)984626461,(  ),LEONARDOBATISTAMARTINEZ123@GMAIL.COM,20190125123522,hiago,20170908095401,Implantação,(  )
74,,113,501,MAT. CARMOS.COUTINHO,00662-01,2453665,DR WALTER BRITO ,S/N,,CAMPO DE BELEM,65609070,(99)981140605,(  ),MSSENFERMEIRA@GMAIL.COM,20190131133903,hiago,20170908095401,Implantação,(99)981961616
69,,0,498,HOSP. SAO JOSE,00626-01,2726637,AV. LINDOLFO FLORIO,S/N,,VISTA ALEGRE,65735000,(99)992154504,(  ),RIVA3000@GMAIL.COM,20190221085928,hiago,20170908095401,Implantação,(99)992084409
70,,113,499,HOSP.MUNC. DE CAROL,00010-01,2449439,BENEDITO LEITE,57,,CENTRO,     ,(99)982368501,(  ),ENFERMEIRASUZANE@HOTMAIL.COM,20190314115158,paulo,20170908095401,Implantação,(  )
68,,113,497,HOSP. STA. FILOMENA,00207-01,2307510,PAULO RODRIGUES,S/N,,CENTRO,65465000,(  ),(  ),,20190325124339,hiago,20170908095401,Implantação,(  )
57,,113,492,CENTRO DE S. ACACIO C. PINHO,00668-01,2462893,GETULIO VARGAS ,S/N,,CENTRO,65165000,(99)996059534,(  ),,20190329105008,paulo,20170908095401,Implantação,(  )
56,,113,491,CENTRO DE SAÚDE DE BURITIRANA,00722-01,2464357,DOM PEDRO II,S/N,RES.MARIA DE F GOMES,CENTRO,65935000,(99)999773292,(  ),FATIMA-MAG@HOTMAIL.COM,20190612155002,carliane,20170908095401,Implantação,(99)984010674
64,,113,495,SECRETARIA MUNICIPAL DE SAUDE,00634-01,7788371,BOM JESUS ,S/N,RES.BRUNA SILVA,CENTRO,65968000,(99)984605658,(  ),SAUDECAMPESTRE@GMAIL.COM,20190612160822,carliane,20170908095401,Implantação,(  )
97,,113,511,SEC. MUNIC. SAUDE,00694-01,6672892,GRANDE,S/N,,CENTRO,,,,,20170908095401,Implantação,20170908095401,Implantação,
98,,113,512,APAE-COROATA,00133-01,7984197,GONCALVES DIAS,655,,CENTRO,,,,,20170908095401,Implantação,20170908095401,Implantação,
66,,113,496,HOSP. MUN. SOFIA J CRUZ,00101-01,2603896,LUIS DOMINGUES,S/N,,CENTRO,     ,(  ),(  ),,20210910145913,yago,20170908095401,Implantação,(  )
52,,113,489,SEMUS BURITI BRAVO,00490-01,,LOURDITA RAPOSO ,S/N,,CENTRO,65685000,(  ),(  ),,20211228084652,yago,20170908095401,Implantação,(  )
96,,113,511,U.B.S. JOSE ALCOFORADO DE ALBUQUERQUE,00453-01,2603926,DO GRUPO,S/N,,CENTRO,     ,(  ),(  ),,20221004081534,yago,20170908095401,Implantação,(  )
67,,113,496,U.B.S. CANDIDO MENDES,00309-01,,LUIS DOMINGUES,71,,CENTRO COMERCIAL,65280000,(98)984667922,(  ),ALDAMARIA@HOTMAIL.COM.BR,20210910145831,yago,20170908095401,Implantação,(98)984274547
65,,113,496,HOSP. FLORIANO C MATOS,00577-01,7510055,COELHO NETO,S/N,,CENTRO,     ,(  ),(  ),,20210910145934,yago,20170908095401,Implantação,(  )
77,,113,504,U.B.S. JOSE TORRES EVANGELISTA,00523-01,2464543,DO COMERCIO,S/N,,CENTRO,65288000,(  ),(  ),,20211215095554,yago,20170908095401,Implantação,(  )
61,,113,494,U.B.S. GAMELEIRA,00702-01,2461749,IVAR SALDANHA,S/N,,CENTRO,65210000,(  ),(  ),,20211221085342,yago,20170908095401,Implantação,(  )
53,,124,489,U.B.S. ACRISIO PINTO,00196-01,3000079,PICARRA,S/N,RES. FERNANDA SILVA,MULTIRAO,65685000,(99)988100948,(  ),,20211228084523,yago,20170908095401,Implantação,(99)999537592
51,,113,489,U.B.S. ANAXAGORAS VICENTE AIRES,00313-01,2457288,5 DE JULHO,5,,CENTRO,     ,(  ),(  ),,20211228084557,yago,20170908095401,Implantação,(  )
50,,113,489,U.B.S. SANTA MARIA,00696-01,7274564,R. 01 ,S/N,,CENTRO,65685000,(  ),(  ),,20211228084732,yago,20170908095401,Implantação,(  )
79,,36,506,C.S. BENU MENDES,00615-01,2310325,RDº OLIVEIRA,155,,AREAL,65500000,(98)991142450,(  ),NOEMESOUSA2035@GMAIL.COM,20220111122549,yago,20170908095401,Implantação,(  )
81,,113,506,U.B.S. BAIRRO CRUZ,00740-01,6533361,CORRENTE,S/N,,CENTRO,     ,(  ),(  ),,20220111122611,yago,20170908095401,Implantação,(  )
80,,113,506,U.B.S. FONTE DO MATO,00741-01,2310252,MATO,S/N,,FONTE DO MATO,65500000,(98)981653614,(  ),FERNANDA_RMACHADO@HOTMAIL.COM,20220111122625,yago,20170908095401,Implantação,(  )
82,,113,506,U.B.S. NOVO CASTELO,00743-01,3255212,TANCREDO NEVES,S/N,,CENTRO,     ,(  ),(  ),,20220111122644,yago,20170908095401,Implantação,(  )
85,,113,508,HOSP. GERAL DR° MARCOLINO JR,00358-01,2449641,RIO DE JANEIRO,77,,SÃO FRANCISCO,65400000,(99)988545716,(  ),LULOBAO2010@HOTMAIL.COM,20220111140425,yago,20170908095401,Implantação,(  )
60,,113,493,HOSP. DR. FRANCISCO GIUSTI,00568-01,2646447,MANOEL MENDONCA,S/N,,CENTRO,     ,(  ),(  ),,20220214111656,yago,20170908095401,Implantação,(  )
58,,113,493,U.B.S. LUIS AZEVEDO FONSECA,00579-01,3326853,MANOEL MENDONCA,180,,CENTRO,     ,(  ),(  ),,20220214111730,yago,20170908095401,Implantação,(  )
59,,113,493,U.B.S. ODORICO A. MATOS,00658-01,5111889,SÃO LOURENÇO,S/N,,CENTRO,     ,(  ),(  ),,20220214111755,yago,20170908095401,Implantação,(  )
89,,113,509,U.B.S. SAO FRANCISCO,00545-01,2306719,FRANCISCO ANTONIO DE SOUSA,S/N,,CENTRO,65620000,(98)982746044,(  ),IRANILSAMOURA@HOTMAIL.COM,20220317094701,yago,20170908095401,Implantação,(  )
93,,113,509,U.B.S. FAMILIA QUIABOS,00572-01,3028437,JUSTINO DA S BASTOS,S/N,,QUIABOS,65620000,(  ),(  ),,20220317094719,yago,20170908095401,Implantação,(  )
90,,113,509,U.B.S. SAO JUDAS TADEU,00673-01,,DR LUIS RAIMUNDO,S/N,,CENTRO,     ,(  ),(  ),,20220317094758,yago,20170908095401,Implantação,(  )
92,,113,509,U.B.S. DANIEL GUANABARA,00680-01,2306700,VIRTUDES,S/N,,CENTRO,     ,(  ),(  ),,20220317094818,yago,20170908095401,Implantação,(  )
91,,113,509,U.B.S. ANTONIO NONATO SAMPAIO,00705-01,2306735,SANTA MARIA,S/N,,CENTRO,     ,(  ),(  ),,20220317094940,yago,20170908095401,Implantação,(  )
88,,113,509,U.B.S. SANTO ANTONIO,00686-01,,DEMOCRACI,S/N,,CENTRO,65620000,(  ),(  ),,20220317094921,yago,20170908095401,Implantação,(  )
63,,113,495,U.B.S. MAE ZEFINHA,00585-01,7510810,GOIAS,S/N,,TORRE,65968000,(  ),(  ),,20220330135250,yago,20170908095401,Implantação,(  )
99,,113,512,SEC. MUN. DE SAUDE,00729-01,5916232,JOSE SARNEY,159,,CENTRO,,,,,20170908095401,Implantação,20170908095401,Implantação,
102,,113,515,HOSP.HERMES MONTEIRO,00715-01,2702746,DUQUE DE CAXIAS,S/N,,CENTRO,,,,,20170908095401,Implantação,20170908095401,Implantação,
103,,113,516,SMS DUQUE BACELAR,00591-01,6884369,ZUZA MACHADO ,112,,BEIRA RIO,,,,,20170908095401,Implantação,20170908095401,Implantação,
108,,113,518,HOSP.MUNC. ESTREITO,00486-01,2310821,TANCREDO NEVES,1411,,CENTRO,,,,,20170908095401,Implantação,20170908095401,Implantação,
117,,113,522,UNID. MISTA M JESUS,00281-01,7475799,ARISTEU NOGUEIRA,S/N,,CENTRO,,,,,20170908095401,Implantação,20170908095401,Implantação,
121,,113,526,SEC.M.GOV.ACHER,00421-01,2462036,PRES CASTELO BRANCO ,290,,CENTRO,,,,,20170908095401,Implantação,20170908095401,Implantação,
123,,113,527,SEC.MUNC. DE SAUDE,00584-01,2464659,URBANO ROCHA,550,,CENTRO,,,,,20170908095401,Implantação,20170908095401,Implantação,
124,,113,528,C. S. PEDRO C SILVA,00448-01,3604764,11 DE MARCO,90,,CENTRO,,,,,20170908095401,Implantação,20170908095401,Implantação,
125,,113,528,HOSPITAL E. MACHADO,00375-01,2461153,11 DE MARCO,90,,CENTRO,,,,,20170908095401,Implantação,20170908095401,Implantação,
134,,113,533,HOSP SÃO FCO. ASSIS,00197-01,6957501 ,DR ROBERTO COLOMBO,5,,CENTRO,,,,,20170908095401,Implantação,20170908095401,Implantação,
137,,113,536,SECRET.M.SAUDE ICATU,00698-01,7512104,EURICO GASPAR DUTRA,S/N,,CENTRO,,,,,20170908095401,Implantação,20170908095401,Implantação,
142,,113,540,SEC. M.S.DE ITAIPAVA,00516-01,5519160,GUAJAJARA ,S/N,,CENTRO,,,,,20170908095401,Implantação,20170908095401,Implantação,
100,,113,513,U.B.S. FLAVIO SILVA,00156-01,2454610,GETULIO VARGAS ,20,,CENTRO,65268000,(98)984865448,(  ),GRIFFESURFFESPORT@HOTMAIL.COM,20190125132814,hiago,20170908095401,Implantação,(  )
109,,113,518,U.B.S. ALTO BONITO,00624-01,2310864,NUNES FREIRE,S/N,,CENTRO,65975000,(99)981295899,(  ),YSABORGES83@HOTMAIL.COM,20190221083858,paulo,20170908095401,Implantação,(  )
107,,113,518,CENT. MUN. DE S. ESTREITO,00415-01,2310880,JOAO CASTELO,S/N,,CENTRO,     ,(99)981544322,(  ),ENF.JOSELIACHAVES@GMAIL.COM,20190221083659,paulo,20170908095401,Implantação,(  )
112,,113,518,U.B.S. VILA VALEC,00709-01,5284422,MARIA EDUARDA,S/N,,CENTRO,65975000,(99)981029788,(  ),LORENA.AL_LACERDA@HOTMAIL.COM,20190221084614,paulo,20170908095401,Implantação,(  )
110,,113,518,U.B.S SÃO JOÃO,00630-01,7848218,ALDAIR,S/N,,CENTRO,65975000,(99)991458479,(  ),LUANAMILHOMEM@HOTMAIL.COM,20190221091252,paulo,20170908095401,Implantação,(  )
105,,113,518,U. BAS.DE S.PLANALTO III,00621-01,2310902,U,S/N,,PLANALTO III,65975000,(99)81253959,(  ),KAMICAARAUJO@HOTMAIL.COM,20190221091450,paulo,20170908095401,Implantação,(  )
111,,113,518,UBS JORGE ANDRADE,00687-01,2645521,CEARA ,15,,PLANALTO ,65975000,(99)981248376,(  ),TECA._@HOTMAIL.COM,20190221093020,paulo,20170908095401,Implantação,(  )
139,,113,538,U.B.S. SÃO FRANCISCO,00425-01,6226302,SÃO FRANCISCO,S/N,,CENTRO,65720000,(  ),(  ),,20190221093754,hiago,20170908095401,Implantação,(  )
104,,113,517,HOSP.SANTA MARTA,00676-01,2455625,07 DE SETEMBRO,177,,CENTRO,65750000,(  ),(  ),,20190221105344,hiago,20170908095401,Implantação,(  )
135,,113,534,H.MUNICIPAL MARIA ALICE COUTINHO,00618-01,4007514,JOSE BRUNO DE BARROS,S/N,,CENTRO,65255000,(  ),(  ),,20190325083510,carliane,20170908095401,Implantação,(  )
113,,113,519,UBS. LUSO ROCHA,00418-01,2465086,TOCANTINS,143,RES.ERCILYDA COSTA,CENTRO,65995000,(99)981166991,(  ),ELYDARIRIBEIRO@HOTMAIL.COM,20190612164752,carliane,20170908095401,Implantação,(  )
143,,36,540,HOSP. MUN. RAIMUNDO R. CIQUEIRA,00483-01,7354606,"AV. TIMBIRAS, ",S/N,,CENTRO,65948000,(99)984229508,(  ),,20190619084350,hiago,20170908095401,Implantação,(99)984225818
145,,113,542,SEC.MUNIC. DE SAUDE,00648-01,7647921,RIO BRANCO,S/N,,SÃO SEBASTIAO,,,,,20170908095401,Implantação,20170908095401,Implantação,
146,,113,543,UNID.B.S.B.A.DA SILV,00640-01,2464861,CAMPO,S/N,,CENTRO,,,,,20170908095401,Implantação,20170908095401,Implantação,
149,,113,546,CENTRO S. M. SARNEY,00473-01,2451379,MENDES PEREIRA,S/N,,CENTRO,,,,,20170908095401,Implantação,20170908095401,Implantação,
150,,113,547,C.MUN.DE S. JUNCO MA,00301-01,2613778,EPIFANIO RIBEIRO ,131,,CENTRO,,,,,20170908095401,Implantação,20170908095401,Implantação,
151,,113,547,SEC. M. DE JUNCO DO MA,00345-01,6661092,EPIFANIO RIBEIRO ,131,,CENTRO,,,,,20170908095401,Implantação,20170908095401,Implantação,
128,,113,531,C.S. GOVERNADOR NUNES FREIRE,00457-01,2457105,ALTO SAO JOSE,S/N,RES.FRANCISCA S LIMA,CENTRO,65284000,(98)984949582,(  ),JANEL8314@GMAIL.COM,20210610073255,yago,20170908095401,Implantação,(98)984943973
130,,113,531,U.B.S. VILA MARANHAO,00623-01,6209300,COLONE,180,RES.DEUSILENE CARVAL,VL. MARANHAO,65284000,(98)981604992,(  ),DEUSILENECARVALHO1964@GMAIL.COM,20210610073333,yago,20170908095401,Implantação,(  )
131,,113,531,SEC.M.S. GOV. FREIRE,00446-01,5367042,7 DE SETEMBRO,S/N,,CENTRO,     ,(  ),(  ),,20210610073406,yago,20170908095401,Implantação,(  )
132,,113,532,U.B.S. DE GRACA ARANHA,00342-01,2452898,SÃO FRANCISCO,S/N,,CENTRO,65785000,(  ),(  ),,20220307112023,yago,20170908095401,Implantação,(  )
138,,113,537,U.B.S. CLOVES LUIS SOARES,00434-01,2450682,CASTRO ALVES,S/N,,NOVO,65345000,(  ),(  ),,20220315141117,yago,20170908095401,Implantação,(  )
116,,113,521,U.B.S. OTAVIO LIMA DE ARRUDA,00414-01,2460580,SILVA JARDIM,S/N,,VILA VIANA,65943000,(  ),(  ),,20220425080506,yago,20170908095401,Implantação,(  )
118,,113,523,HOSP. MUN. ANTONIO MENDES JARDIM,00376-01,2529777,07 DE SETEMBRO ,125,,CENTRO,65695000,(  ),(  ),,20220627083428,yago,20170908095401,Implantação,(  )
127,,113,530,U.B.S. DEP. CESAR BANDEIRA ,00472-01,2645254,JK,BR 316,,CENTRO,65363000,(  ),(  ),,20220624123540,yago,20170908095401,Implantação,(  )
101,,113,514,U.B.S. DAVINOPOLIS,00681-01,2559523,JOAO PESSOA,285,,CENTRO,65927000,(  ),(  ),,20221019111021,yago,20170908095401,Implantação,(  )
114,,113,520,U.B.S. F.LEONCIO,00433-01,6595766,ALTINO RESPLANDES,420,,CENTRO,65964000,(  ),(  ),,20230208080200,yago,20170908095401,Implantação,(  )
136,,113,535,HOSP. ELDA R. FONSECA,00297-01,2462095,CAMPO,S/N,,CENTRO,65180000,(  ),(  ),,20230523092313,yago,20170908095401,Implantação,(  )
119,,113,524,U.B.S. APRIGIO OLIVEIRA SILVA,00458-01,2463806,BENEDITO JORGE,S/N,,CENTRO,65283000,(  ),(  ),,20240318085922,yago,20170908095401,Implantação,(  )
122,,113,526,UND BASICA DE SAUDE DE GOV. ARCHER,00221-01,2461900,ANTONIO FILHO,S/N,,CENTRO,     ,(  ),(  ),,20241028141802,thalyta,20170908095401,Implantação,(  )
159,,113,548,SEMUS-Lago da Pedra,00398-01,6190529,HUMBERTO DE CAMPOS ,S/N,,CENTRO,,,,,20170908095401,Implantação,20170908095401,Implantação,
165,,113,550,SEC. MNC. DE L.VERDE,00677-01,6412300,KENNEDY,S/N,,CENTRO,,,,,20170908095401,Implantação,20170908095401,Implantação,
167,,113,553,UMS LAGOA GRANDE,00689-01,7070497,JOAO GOMES CARLOTA,S/N,,CENTRO,,,,,20170908095401,Implantação,20170908095401,Implantação,
170,,113,556,SEC MUNIC DE SAUDE,00548-01,7195001,BARAO DO RIO BRANCO,S/N,,CENTRO,,,,,20170908095401,Implantação,20170908095401,Implantação,
171,,113,556,UM LUIZINHA PIRES,00632-01,2646633,BARAO DO RIO BRANCO,S/N,,CENTRO,,,,,20170908095401,Implantação,20170908095401,Implantação,
173,,113,558,HOSP.M.M.COSTA LIMA,00465-01,2309513,MA KM 01,S/N,,CENTRO,,,,,20170908095401,Implantação,20170908095401,Implantação,
182,,113,562,HOSP TALES RIBEIRO,00029-01,6566006,RAIMUNDO VIEIRA ALMEIDA,S/N,,CENTRO,,,,,20170908095401,Implantação,20170908095401,Implantação,
184,,113,563,H.M.DR AFONSO MATOS,00362-01,2461005,MAJOR HERACLITO,675,,CENTRO,,,,,20170908095401,Implantação,20170908095401,Implantação,
185,,113,564,MATOES-CENTRO S. STA,00085-01,2450623,MUNDICO MORAES,859,,CENTRO,,,,,20170908095401,Implantação,20170908095401,Implantação,
190,,113,569,C S RAIMUNDO MEDEIROS,00704-01,7637454,MARIA FIRMINHA,S/N,,CENTRO,,,,,20170908095401,Implantação,20170908095401,Implantação,
191,,113,570,HOSP NEWTON SERRA,00505-01,7321252,PRESIDENTE KENNEDY,37,,CENTRO,,,,,20170908095401,Implantação,20170908095401,Implantação,
178,,113,559,U.B.S. CENTRO DO JACY,00707-01,2455579,RUA DO EVANGELIO,S/N,,CENTRO,65284000,(98)984714959,(  ),,20190125125131,hiago,20170908095401,Implantação,(98)984530777
177,,113,559,SEMUS-MARACACUME,00716-01,,NOVA BETEL ,S/N,,CENTRO,     ,(  ),(  ),,20190125125429,hiago,20170908095401,Implantação,(  )
163,,113,549,HOSP. MUN. ALCY ALVES ARRUDA,00521-01,2307707,SÃO PEDRO ,S/N,,CENTRO,65710000,(  ),(  ),,20190221093337,hiago,20170908095401,Implantação,(  )
187,,113,566,HOSP. MUN. DOMINGOS LOPES,00543-01,2311356,CEL FRANCISCO MACATRAO,274,,CENTRO,65545000,(98)984822495,(  ),,20190221081827,hiago,20170908095401,Implantação,(  )
164,,113,552,C.S.PEDRO PAULO CORTEZ,00563-01,2307227,FREI JOSE,S/N,,CENTRO,65712000,(  ),(  ),,20190221093557,hiago,20170908095401,Implantação,(  )
147,,113,544,C.S.JENIPAPO DOS  VIEIRAS,00518-01,2311364,R. ANTONIO MILHOMEM,S/N,,CENTRO,65962000,(  ),(  ),,20190320072439,hiago,20170908095401,Implantação,(  )
188,,113,567,HOSP. MUNIC. MIRADOR,00307-01,6805752,AV. CENTRAL,S/N,,MURICOCA,65850000,(  ),(  ),,20190521085558,hiago,20170908095401,Implantação,(  )
148,,113,545,HOSP. MUN. J. LISBOA,00423-01,2457911, AV.IMPERATRIZ,1390,,CENTRO,65922000,(99)991034600,(  ),,20190619082340,hiago,20170908095401,Implantação,(99)1016825
192,,113,570,UND.M.DR.ANT. HADAD,00442-01,7325584,PRESIDENTE KENNEDY,370,,CENTRO,,,,,20170908095401,Implantação,20170908095401,Implantação,
193,,113,571,CENTRO S.PEDRO VIANA,00557-01,2656329,FABRICIO FERRAZ ,77,,CENTRO,,,,,20170908095401,Implantação,20170908095401,Implantação,
198,,113,575,U.MISTA ENEI TAVARES,00620-01,2457253,COMERCIO ,S/N,,CENTRO,,,,,20170908095401,Implantação,20170908095401,Implantação,
201,,113,578,HOSP-MUN-CRISTINO,00128-01,6408427,OSEIAS DA MOTA CUTRIM,S/N,,CENTRO,,,,,20170908095401,Implantação,20170908095401,Implantação,
183,,113,562,C.S. A.R.DE SOUSA,00366-01,6643981,SEVERO ANTONIO GARRETO,S/N,,ACUDE,     ,(  ),(  ),,20210523090520,yago,20170908095401,Implantação,(  )
202,,113,579,U.B.S VILA SAO PEDRO,00510-01,2530996,COLEGIO ,S/N,,PAU DEITADO,     ,(  ),(  ),,20210608085444,thalyta,20170908095401,Implantação,(  )
158,,113,548,U.B.S. DO BAIRRO,00725-01,3595048,ANTONIA COELHO,S/N,,CENTRO,     ,(  ),(  ),,20210810073647,yago,20170908095401,Implantação,(  )
162,,113,548,U.B.S. VILA DA PAZ,00728-01,,VILA DA PAZ,S/N,,ZONA RURAL,     ,(  ),(  ),,20210810074756,yago,20170908095401,Implantação,(  )
152,,113,548,U.B.S. VILA ROQUE,00711-01,6237827,NUNES FREIRE,S/N,,CENTRO,     ,(  ),(  ),,20210810074831,yago,20170908095401,Implantação,(  )
155,,113,548,U.B.S. SANTA TEREZA,00713-01,2531569,POV. SANTA TEREZA,S/N,,ZONA RURAL,65715000,(  ),(  ),,20210810075123,yago,20170908095401,Implantação,(  )
153,,113,548,U.B.S. MACAUBA,00720-01,6237835,CORONEL PEDRO BOGEA,S/N,,CENTRO,65715000,(  ),(  ),,20210810075212,yago,20170908095401,Implantação,(  )
186,,113,565,C.S. JOSE ARAUJO,00586-01,2464748,AV. FRANCISCO SAMPAIO ,S/N,,CENTRO,65468000,(  ),(  ),,20211209075324,yago,20170908095401,Implantação,(  )
179,,113,559,U.B.S. AMELIA LOPES,00664-01,6533671,FERNAO DIAS,S/N,,CENTRO,     ,(  ),(  ),,20241001153243,thalyta,20170908095401,Implantação,(  )
166,,113,551,U.B.S. CLARO CRUZ,00526-01,2462850,AV. JACY SARAIVA SANTOS SILVA,71,,CENTRO,65683000,(  ),(  ),,20220330131815,yago,20170908095401,Implantação,(  )
180,,113,560,U.B.S. AFONSO CORDEIRO,00551-01,7135645,DEP RAIMUNDO LEAL ,S/N,,CENTRO,65714000,(  ),(  ),,20220315135822,yago,20170908095401,Implantação,(  )
144,,113,541,HOSP. REG. ADELIA MATOS FONSECA,00104-01,2530236,HUMBERTO DE CAMPOS ,S/N,,CENTRO,65485000,(  ),(  ),,20220826080252,yago,20170908095401,Implantação,(  )
189,,113,568,HOSPITAL.M.P.V.C. BEZERRA,00330-01,2455463,FAIXA,S/N,,CENTRO,     ,(  ),(  ),,20221202075125,thalyta,20170908095401,Implantação,(  )
174,,113,559,U.B.S. MARACAÇUMÉ,00488-01,2455552,NOVA BETEL ,S/N,,MANGUEIRA,     ,(  ),(  ),,20241003160316,thaiane,20170908095401,Implantação,(  )
203,,113,579,U.B.S. SANTA RITA DE CASSIA,00730-01,6209688,JUSCELINO RESENDE,S/N,,CENTRO,     ,(  ),(  ),,20241107140554,thalyta,20170908095401,Implantação,(  )
157,,113,548,U.B.S. JAGUAR,00726-01,6237843,AV WENSCELAU FERREIRA DE MORAIS,S/N,,JAGUAR,65715000,(99)98419346,(  ),,20230510140106,thalyta,20170908095401,Implantação,(  )
161,,113,548,U.B.S. CAJUEIRO,00714-01,6237932,TRAV DA RUA UNIÃO,S/N,,CENTRO,65715000,(99)984407764,(  ),MARIASELMA7608@GMAIL.COM,20230510140500,thalyta,20170908095401,Implantação,(  )
160,,113,548,U.B.S. SERRA DOURADA,00727-01,2390450,RUA RUI BARBOSA,80,,SERRA DOURADA,65715000,(99)985009623,(  ),MARIAIZABELMELOLEMOS@GMAIL.COM,20230510140912,thalyta,20170908095401,Implantação,(  )
154,,113,548,U.B.S. CENTRO,00718-01,,RUA PRESIDENTE MEDICE SN,S/N,,RODOVIARIA,65715000,(99)981774455,(  ),RAQUELMOTA2021@GMAIL.COM,20230523160851,thalyta,20170908095401,Implantação,(  )
206,,113,580,C.SAUDE SAO CARLOS,00460-01,2464101,SANTO ANTONIO,1,,CENTRO,,,,,20170908095401,Implantação,20170908095401,Implantação,
207,,113,581,Paraibano-ESF.V.Apar,00599-01,7195648,JUSTINO VIEIRA,S/N,,CENTRO,,,,,20170908095401,Implantação,20170908095401,Implantação,
208,,113,581,SEC.MN. S. PARAIBANO,00583-01,7195648,JUSTINO VIEIRA,S/N,,CENTRO,,,,,20170908095401,Implantação,20170908095401,Implantação,
212,,113,583,SEMUS P. FRANCA,00699-01,7038801,PAZ ,9,,CENTRO,,,,,20170908095401,Implantação,20170908095401,Implantação,
214,,113,585,DEP.DE VIG.EPIDERMO,00564-01,2529920,DEMETRIO RIBEIRO,S/N,,CENTRO,,,,,20170908095401,Implantação,20170908095401,Implantação,
220,,113,590,HOSP SÃO SEBASTIAO,00409-01,2460726,UNIAO ,S/N,,PORTINHO,,,,,20170908095401,Implantação,20170908095401,Implantação,
221,,113,591,SEC-DE SAUDE,00539-01,7868197,BRASIL,S/N,,FILIPINHO,,,,,20170908095401,Implantação,20170908095401,Implantação,
225,,113,594,SEMUS-PIO XII,00034-01,7394152,JOA PAULO II,S/N,,CENTRO,,,,,20170908095401,Implantação,20170908095401,Implantação,
229,,113,598,CT.S.MARIZ.DE J.GONÃ,00663-01,2464225,CASTELO BRANCO,S/N,,CENTRO,,,,,20170908095401,Implantação,20170908095401,Implantação,
230,,113,598,UND.M.MARIZELIA,00436-01,9171169,CASTELO BRANCO,S/N,,CENTRO,,,,,20170908095401,Implantação,20170908095401,Implantação,
233,,113,601,CENTRO DE S.P.MEDICI,00522-01,2644436,COMERCIO ,S/N,,CENTRO,,,,,20170908095401,Implantação,20170908095401,Implantação,
236,,113,603,UND.M.EMILIA S.UCHOA,00561-01,2655969,PIO XII,S/N,,CENTRO,,,,,20170908095401,Implantação,20170908095401,Implantação,
237,,113,604,CENTRO S. V. NUNES,00482-01,2644185,16 DE OUTUBRO,S/N,,CENTRO,,,,,20170908095401,Implantação,20170908095401,Implantação,
217,,36,588,HOSP.MUNIC.PEDRO CUNHA MENDES,00467-01,2464268,PEDRO CUNHA MENDES,3270,,CENTRO,65206000,(  ),(  ),,20190219122604,hiago,20170908095401,Implantação,(  )
227,,113,596,AMB.MUN. PRES.MEDICI,00093-01,2530201,SÃO SEBASTIAO,5,,CENTRO,65740000,(  ),(  ),,20190221094119,hiago,20170908095401,Implantação,(  )
216,,113,587,U.B.S. DR.PEDRO BARROSO,00035-01,2457679,CIRO REGO ,77,,CENTRO,65725000,(  ),(  ),,20190221103425,hiago,20170908095401,Implantação,(  )
239,,113,606,HOSP. MUN. DE RIACHÃO,00231-01,2460955,COELHO PAREDE,100,,CENTRO,65990000,(  ),(  ),,20190221112540,hiago,20170908095401,Implantação,(  )
228,,113,597,HOSP/MAT.ADERSON MARINHO,00441-01,2307154,MARECHAL HERMES,S/N,,CENTRO,65970000,(  ),(  ),,20190222080839,hiago,20170908095401,Implantação,(  )
194,,139,571,U. B. SAUDE KRIKATI,00734-01,2531879,ALDEIA SÃO JOSÉ,S/N,,MA 280,65936000,(99)984033332,(  ),KAUANASOUSALIMA@GMAIL.COM,20190226110802,carliane,20170908095401,Implantação,(  )
197,,113,574,CENTRO DE SAUDE CANDIDA SILVA REGO,00519-01,2645424,JOSE SARNEY,S/N,,CENTRO,65808000,(  ),(  ),,20190325085715,carliane,20170908095401,Implantação,(  )
226,,113,595,U.B.S. PROF. BACELAR VIANA,00520-01,2645696,SATURINO BELO,S/N,,CENTRO,65495000,(  ),(  ),,20190325122814,hiago,20170908095401,Implantação,(  )
235,,113,602,U.B.S. RAIMUNDO BARROSO,00575-01,6760538,AV. PADRE LUIS RISSO,S/N,,CENTRO,65204000,(  ),(  ),,20190325130607,hiago,20170908095401,Implantação,(  )
223,,113,592,SEMUS DE PINDARÉ- MIRIM,00701-01,7170173,TRILHO,S/N,RES.LIDYANE SOUZA,CENTRO,65370000,(98)987049349,(  ),LIDY_RIBEIRO88@HOTMAIL.COM,20190612144543,carliane,20170908095401,Implantação,(  )
200,,113,577,UNIDADE MISTA DR JOSE MURAD,00633-01,2449323,SANTA LUZIA ,S/N,RES. CLEA NASCIMENTO,ANTONIO CAFÉ,65706000,(98)981426549,(  ),CILENEBELINHA@HOTMAIL.COM,20190612153957,carliane,20170908095401,Implantação,(  )
195,,113,572,CENTRO SANTA ANA,00666-01,2307278,DR PAULO RAMOS,S/N,,CENTRO,     ,(  ),(  ),,20200124105732,thalyta,20170908095401,Implantação,(  )
240,,113,607,SC.M.SAUDE R.FIQUENE,00477-01,7397631,PRINCIPAL,S/N,,CENTRO,,,,,20170908095401,Implantação,20170908095401,Implantação,
243,,113,609,UND MISTA BOM JESUS,00643-01,2646498,MANOEL PAZ SOBRINHO,S/N,,CENTRO,,,,,20170908095401,Implantação,20170908095401,Implantação,
253,,113,617,SEMUS SANTANA MARANHAO,00228-01,6549160,GOV ROSEANA SARNEY,S/N,,CENTRO,,,,,20170908095401,Implantação,20170908095401,Implantação,
255,,113,618,HOSP.MUNC.MONS.AMARO,00558-01,7651740,PALMEIRAS,S/N,,CENTRO,,,,,20170908095401,Implantação,20170908095401,Implantação,
215,,113,586,UNIDADE MISTA HOSPITALAR DR. CARLOS MACIEIRA,00470-01,2453347,DESEMBARGADOR SARNEY,S/N,RES.RAIMUNDA SALAZAR,CENTRO,65716000,(98)984884417,(  ),JACKSONCHAVES@HOTMAIL.COM,20090420023241,thalyta,20170908095401,Implantação,(  )
238,,113,605,C.S. DR RAFAEL,00305-01,6574572,PRINCIPAL,S/N,,INHAUMA,     ,(  ),(  ),,20210523085636,yago,20170908095401,Implantação,(  )
252,,113,617,C.S. SANTANA,00312-01,6390471,ROSEANA SARNEY,S/N,,CENTRO,     ,(  ),(  ),,20210523085725,yago,20170908095401,Implantação,(  )
199,,113,576,C.S. II N.OLINDA,00400-01,2646110,SESPE,S/N,,CENTRO,65274000,(  ),(  ),,20210523090640,yago,20170908095401,Implantação,(  )
210,,113,582,U.B.S. 1° DE MAIO,00670-01,,ARAIOSES,S/N,,CENTRO,     ,(  ),(  ),,20210601093201,yago,20170908095401,Implantação,(  )
209,,113,582,LAB DE AN CL 1° DE MAIO,00675-01,2454769,CAROLINA,66,,CENTRO,     ,(  ),(  ),,20210601093246,yago,20170908095401,Implantação,(  )
196,,113,573,U.B.S. DR° JOSE MARTINS,00030-01,6768105,MANOEL VICENTE,S/N,,CENTRO,65450000,(  ),(  ),,20220310144557,yago,20170908095401,Implantação,(  )
211,,113,583,HOSP. MUN. P. AFONSO COSTA,00628-01,2613751,10 DE NOVEMBRO,S/N,,CENTRO,     ,(  ),(  ),,20210826142909,yago,20170908095401,Implantação,(  )
213,,113,584,U.B.S. JOAQUIM GONCALO DE SOUSA,00201-01,2458454,AMELIA GONCALO DE SOUSA,S/N,,CENTRO,65870000,(  ),(  ),,20220110121031,yago,20170908095401,Implantação,(  )
256,,113,619,U.B.S. DR. ZERBINE,00431-01,2461234,IMPERIO,94,,CENTRO,     ,(  ),(  ),,20220117093134,yago,20170908095401,Implantação,(  )
219,,113,589,HOSP. MAT. INF. PENALVA,00614-01,6523587,COMERCIO ,S/N,,CENTRO,     ,(  ),(  ),,20220805103339,yago,20170908095401,Implantação,(  )
205,,113,579,U.B.S. VILA CAFETEIRA,00724-01,7238738,PAO DA VIDA,S/N,,CENTRO,     ,(  ),(  ),Brunaviana2612@gmail.com,20250320145446,thalyta,20170908095401,Implantação,(  )
247,,113,612,SEMUS SANTA INES,00043-01,6631231,21 DE AGOSTO,S/N,,CENTRO,65300000,(  ),(  ),,20220824111557,yago,20170908095401,Implantação,(  )
244,,113,610,U.B.S. DE SANTA FILOMENA,00750-01,7216033,ARISTON COSTA,S/N,,CENTRO,65763000,(  ),(  ),,20240506074912,yago,20170908095401,Implantação,(  )
257,,113,620,U.H.CASSYANA  S.MAGA,00540-01,8013659,25 DE MARCO,S/N,,CENTRO,,,,,20170908095401,Implantação,20170908095401,Implantação,
258,,113,621,HOSP.V.R.ARAGAO,00616-01,2460831,XV DE NOVEMBRO ,S/N,,SÃO JUDAS,,,,,20170908095401,Implantação,20170908095401,Implantação,
263,,113,625,SC.MNC.D/S.FELIX D/B,00641-01,2463946,GRANDE,S/N,,CENTRO,,,,,20170908095401,Implantação,20170908095401,Implantação,
266,,113,628,UND.M.JOSE M.JACINTO,00198-01,2460432,CRISTOVAO CAVALCANTE,S/N,,CENTRO,,,,,20170908095401,Implantação,20170908095401,Implantação,
272,,113,632,SEC. M.SAO J.PATOS,00091-01,6786723,FLORIANO PEIXOTO,153,,CENTRO,,,,,20170908095401,Implantação,20170908095401,Implantação,
250,,36,615,HOSPITAL/MATRENIDADE DR. ZECA MOREIRA,00202-01,2465655,HERMELINDA PEDROSA,S/N,,CENTRO,65540000,(98)988249002,(  ),CARLESSANDRACOUTO@HOTMAIL.COM,20190329085956,carliane,20170908095401,Implantação,(  )
274,,113,634,U.M SAO J.D.BASILIOS,00547-01,2457342,ODILON,S/N,,CENTRO,     ,(  ),(  ),,20190521085113,hiago,20170908095401,Implantação,(  )
251,,113,616,C. DE ESPECIALIDADE E IMUNIZACÃO,00161-01,7578563,TRAV. FERDINAN,S/N,,CENTRO,65145000,(98)991658911,(  ),,20190521090834,hiago,20170908095401,Implantação,(98)991692005
271,,113,632,HOSPITAL REGIONAL CELSO DA ROCHA SANTOS,00571-04,,JOAQUIM TAVORA,S/N,RES.WMAYVAN SOUSA,CAJAZEIRAS,65665000,(99)984411240,(  ),WMAYVAN20@HOTMAIL.COM,20190612144058,carliane,20170908095401,Implantação,(99)984431832
262,,113,624,HOSP.CARLOS MACIEIRA,00165-01,2461277,ARTUR VIEIRA,02,RES.MARY TEIXEIRA,CENTRO,65790000,(99)991747941,(  ),JANETH.B@HOTMAIL.COM,20190612161107,carliane,20170908095401,Implantação,(99)992271381
291,,113,635,CENTRO DE SAÚDE AMAR,00348-01,2308444,DEPUTADO LUIS ROCHA,24,,FIALHO,65010000,(  ),(  ),,20240426100832,thalyta,20170908095401,Implantação,(  )
284,,113,635,C.S. DR. JOSE DE RIBAMAR FRAZAO CORREA,00537-01,2698005,TANCREDO NEVES,S/N,,MARACANA,65010000,(  ),(  ),,20250226084148,thalyta,20170908095401,Implantação,(  )
300,,113,635,MAT. MARIA DO AMPARO,00079-01,2457776,ELGITHA BRANDAO,S/N,,ANIL,     ,(  ),(  ),,20210523083431,yago,20170908095401,Implantação,(  )
304,,113,635,U.M. COROADINHO,00110-01,2455773,VITORIA,S/N,,COROADINHO,65010000,(  ),(  ),,20220824083417,yago,20170908095401,Implantação,(  )
279,,113,635,HOSP. DA CRIANCA DR° ODORICO DE AMARAL MATOS ,00115-01,2458799,FRANCESES,S/N,,ALEMANHA,65010000,(  ),(  ),,20220824083614,yago,20170908095401,Implantação,(  )
289,,113,635,U.B.S. B. DE FATIMA,00114-01,7934815,ADEMAR DE BARROS,S/N,,FATIMA,65010000,(  ),(  ),,20220824083543,yago,20170908095401,Implantação,(  )
294,,113,635,CENTRO DE SAÚDE PEDRINHAS I,00692-01,2309262,BR 135 ,26,KM 12,Z. RURAL,65010000,(  ),(  ),,20240506085135,thalyta,20170908095401,Implantação,(  )
303,,113,635,U.B.S. TIBIRI,00346-01,2458780,SANTO ANTONIO,S/N,,TIBIRI,65010000,(  ),(  ),,20220824084032,yago,20170908095401,Implantação,(  )
286,,113,635,CENTRO DE SAÚDE YVES PARGA,00529-01,2456818,"Principal, BR 135, KM 18",S/N,,Vila Maranhão,65091242,(  ),(  ),,20231031143728,thalyta,20170908095401,Implantação,(  )
283,,113,635,CLÍNICA DA FAMÍLIA DO ANJO DA GUARDA,00109-01,2464624,PORTUGUESES,S/N,,ANJO DA GUARDA,65010000,(  ),(  ),,20250411085031,thalyta,20170908095401,Implantação,(  )
280,,113,635,U.B.S. ATO GUANARE,00569-01,3365816,VITORIA,S/N,,COROADINHO,     ,(  ),(  ),,20210523084323,yago,20170908095401,Implantação,(  )
293,,113,635,U.B.S. SÃO RAIMUNDO,00636-01,2309297,JOSE SARNEY,S/N,,MAURO FECURY,65010000,(  ),(  ),,20220824084957,yago,20170908095401,Implantação,(  )
281,,113,635,U.B.S. GENESIO REGO,00733-01,2698013,PADRE ANTONIO ,S/N,,COHAB ANIL,65010000,(  ),(  ),,20220824085119,yago,20170908095401,Implantação,(  )
270,,113,631,HOSP. MUN. DE SAO JOAO DO SOTER,00659-01,7215746,ESPERANCA,S/N,,CENTRO,65615000,(99)984051723,(  ),,20220830121743,yago,20170908095401,Implantação,(99)984131200
275,,113,635,MAT. BENEDITO LEITE COHAB,00737-01,2309254,JERONIMO ALBUQUERQUE,650,,COHAB ANIL III ,65051210,(  ),(  ),,20210523084551,yago,20170908095401,Implantação,(  )
267,,113,629,U.B.S. DR° BENEDITO CARVALHO,00515-01,2464500,R. DA ALEGRIA,S/N,,CENTRO,65385000,(98)985215235,(  ),,20210810085602,yago,20170908095401,Implantação,(  )
246,,113,611,U.B.S. ANTENOR ABREU,00411-01,2454327,DOM PEDRO II,S/N,,CENTRO,65208000,(  ),(  ),,20210810082718,yago,20170908095401,Implantação,(  )
268,,113,629,HOSP. MUN. SAO JOAO DO CARU,00660-01,2465108,BRILHANTE,75,,CENTRO,65385000,(  ),(  ),,20210810085746,yago,20170908095401,Implantação,(  )
261,,113,623,U.B.S. SAO JOSE,00492-01,7041691,ASSEMBLEIA,S/N,,CENTRO,65888000,(  ),(  ),,20210913142442,yago,20170908095401,Implantação,(  )
264,,113,626,U.B.S. SÃO FRANCISCO,00751-01,7271158,07 DE SETEMBRO,S/N,,CENTRO,     ,(  ),(  ),,20220111094331,yago,20170908095401,Implantação,(  )
265,,113,627,HOSP. MUNN. DR.LUIS G.MARTIN,00683-01,2457512,HERMES VIANA,S/N,,CENTRO,     ,(  ),(  ),,20220428083952,yago,20170908095401,Implantação,(  )
242,,113,609,U.B.S. BOM JESUS,00649-01,,MANOEL PAZ SOBRINHO,S/N,RES.TEREZA ARAGAO,CENTRO,65830000,(99)981609459,(  ),TEREZAMACHADO.ENF@GMAIL.COM,20220805102746,yago,20170908095401,Implantação,(  )
287,,113,635,U.B.S. JAILSON DE DEUS,00708-01,2645750,04 QD 101,S/N,,CIDADE OLIMPICA III,65010000,(  ),(  ),,20220824085058,yago,20170908095401,Implantação,(  )
298,,113,635,MAT. MATERNO INFANTIL,00074-01,2726653,SILVA JARDIM,215,,CENTRO,65010000,(  ),(  ),,20220824083057,yago,20170908095401,Implantação,(  )
277,,113,635,APAE,00062-01,2458322,GRANJA BARRETO ,S/N,,OITEIRO DA CRUZ,65010000,(  ),(  ),,20220824083025,yago,20170908095401,Implantação,(  )
297,,113,635,U.B.S. VILA EMBRATEL,00239-01,3376265,14,S/N,,VILA EMBRATEL,65010000,(  ),(  ),,20220824083944,yago,20170908095401,Implantação,(  )
254,,113,618,CENTRO DE SAÚDE MONSENHOR AMARO,00484-01,6580157 ,PALMEIRAS,S/N,,CENTRO,65195000,(99)999645152,(  ),,20231113095259,thalyta,20170908095401,Implantação,(99)988250740
282,,113,635,CENTRO DE SAÚDE DJALMA MARQUES,00141-01,,AV. 01,S/N,,MATOES TURU,65065680,(  ),(  ),,20250414081923,thalyta,20170908095401,Implantação,(  )
278,,113,635,C. S SALOMAO FIQUENE,00105-1,,AV. N.S. DE NAZARE,00,,COHATRAC II,65010000,(  ),(  ),SALOMAOFIQUENE1@GMAIL.COM,20240722101915,thalyta,20170908095401,Implantação,(  )
276,,113,635,C.S. ITAPERA,00107-01,2309440,PRINCIPAL,S/N,,ITAPERA,65010000,(  ),(  ),,20250103114713,thalyta,20170908095401,Implantação,(  )
307,,113,637,HOSP. M. SAO MATEUS,00393-01,2646544,RODOVIARIA,S/N,,CENTRO,,,,,20170908095401,Implantação,20170908095401,Implantação,
311,,113,639,HOSP E MAT PUBLICA,00598-01,7867581,ANTONIO FILISMINO,S/N,,TAVARES,,,,,20170908095401,Implantação,20170908095401,Implantação,
317,,113,645,UND.M.S.Ma.J.MACHADO,00149-01,7064268,CONEGO ADSON,S/N,,CENTRO,,,,,20170908095401,Implantação,20170908095401,Implantação,
321,,113,649,H.M.AUGUSTO S.MILHOM,00194-01,2655896,SÃO JOAO PARAIBANO,123,,CENTRO,,,,,20170908095401,Implantação,20170908095401,Implantação,
322,,113,649,SEC.MUNC.S. DO NORTE,00155-01,7502435,SÃO JOAO PARAIBANO,123,,CENTRO,,,,,20170908095401,Implantação,20170908095401,Implantação,
325,,113,652,H.M.V. ABDALLA,00524-01,2646625,URBANO SANTOS,808,,CENTRO,,,,,20170908095401,Implantação,20170908095401,Implantação,
332,,113,657,U.B.S. MUNICIPAL DE TURIACU,00613-01,6471293,JOAO ANASTACIO DOS SANTOS,S/N,,CENTRO,65278000,(98)984876825,(  ),,20190125132240,hiago,20170908095401,Implantação,(  )
312,,113,640,UNIDADE MISTA SÃO RAIMUNDO NONATO,00582-01,7137958,TENENTE ROSA,S/N,,CENTRO,     ,(  ),(  ),,20190215085744,hiago,20170908095401,Implantação,(  )
319,,113,647,U.B.S. SEDE II,00445-01,2614103,JUCAREIRAS,S/N,,CENTRO,65269000,(  ),(  ),,20190219123229,hiago,20170908095401,Implantação,(  )
314,,36,642,C.S. JULIA DE CASTRO,00550-01,2645416,JOAO CASTELO,S/N,,CENTRO,65758000,(  ),(  ),,20190221094004,hiago,20170908095401,Implantação,(  )
313,,113,641,U.B.S. MANOEL MORENO,00560-01,2463423,R. RAIMUNDO RENOVATO,S/N,,CENTRO,     ,(  ),(  ),,20190221105755,hiago,20170908095401,Implantação,(  )
331,,113,656,HOSP. DAS CLINICA,00697-01,6553567,15 DE NOVEMBRO,82,,CENTRO,65763000,(  ),(  ),,20190221113806,hiago,20170908095401,Implantação,(  )
334,,113,658,C S THIAGO M COSTA,00456-01,2464896,R. MACAUBA,S/N,,CENTRO,65276000,(  ),(  ),,20190320091620,hiago,20170908095401,Implantação,(  )
333,,113,658,C. DE S. SANTO ANTONIO,00688-01,3444651,SANTO ANTONIO,S/N,,CENTRO,     ,(  ),(  ),,20190320091709,hiago,20170908095401,Implantação,(  )
308,,113,637,PRONTO SOCORRO,00542-01,5122198,RODOVIARIA,S/N,,CENTRO,65470000,(  ),(  ),,20190325110146,hiago,20170908095401,Implantação,(  )
306,,113,636,CENTRO DE SAÚDE WILSON CURVINA,00499-01,2310813,JOAO PESSOA,S/N,RES.ALDAIR ARRUDA,CENTRO,65708000,(98)982477349,(  ),ALDAIR_UNIVER2012@HOTMAIL.COM,20190612152225,carliane,20170908095401,Implantação,(99)984590798
315,,113,643,CENTRO DE ESPECIALIDADE I ,00204-01,2450453,DOM PEDRO ,S/N,RES. ANDRESSA SOUZA,CENTRO,65220000,(98)991766713,(  ),DESSA2209.AS@GMAIL.COM,20190612154237,carliane,20170908095401,Implantação,(  )
338,,113,661,HOSP.BENITO M.SOUSA,00158-01,2459620,INDEPENDENCIA,S/N,,CENTRO,,,,,20170908095401,Implantação,20170908095401,Implantação,
340,,113,663,HOSP.M.N.S.DA PENHA,00627-01,2457571,PRESIDENTE MEDICI,S/N,,CENTRO,,,,,20170908095401,Implantação,20170908095401,Implantação,
343,,113,666,HOSP.MUNC.DE ZE DOCA,00422-01,2465469,OSVALDO CRUZ,465,,CENTRO,,,,,20170908095401,Implantação,20170908095401,Implantação,
29,,113,473,SOC MED. HOSP.C.REI,00080-01,2450151,COELHO NETO,596,,CENTRO,,,,diergo@mail.com,20170908095401,Implantação,20170908095401,Implantação,
309,,113,638,H.M.DE SÃOPEDRO DA ÁGUA BRANCA,00644-01,2646366,SESP,1,,CENTRO,65920000,(  ),(  ),,20250226174137,Admin,20170908095401,Implantação,(  )
295,,113,635,U.B.S. VILA SARNEY,00538-01,2645769,CANTINHO DO CEU,06,,MARACANA,65099110,(  ),(  ),,20220824084852,yago,20170908095401,Implantação,(  )
326,,113,653,HOSP. REG. ALARICO NUNES PACHEC,00645-01,2452782,LUIS FIRMINO SOUSA,2258,,SÃO BENEDITO,65630340,(86)988138406,(  ),GARDPAULA@GMAIL.COM,20220829113409,yago,20170908095401,Implantação,(86)988574704
341,,113,664,HOSP. KALIL MOISES SILVA,00092-01,2455706,CARLOS R FIGUEREDO,S/N,,CENTRO,     ,(  ),(  ),,20230704074650,yago,20170908095401,Implantação,(  )
290,,113,635,CENTRO DE SAÚDE PEDRINHAS II,00113-01,2456923,PAZ,S/N,,PEDRINHAS II,65099030,(  ),(  ),,20240109144356,thalyta,20170908095401,Implantação,(  )
335,,113,659,U.B.S. ROSA JARDIM,00443-01,2459949,SANTA ROSA DO JARDIM,S/N,,CENTRO,65580000,(  ),(  ),,20220407085957,yago,20170908095401,Implantação,(  )
330,,113,655,HOSP. MUN. JOAO ALBERTO,00509-01,6581609,COMERCIO ,S/N,,CENTRO,65378000,(  ),(  ),,20210810084537,yago,20170908095401,Implantação,(  )
323,,113,650,U.B.S. A.GUIMARAES,00700-01,2644304,AURELIANO SOUSA,S/N,,CENTRO,65668000,(99)35531124,(  ),,20211221111833,yago,20170908095401,Implantação,(  )
328,,113,654,U.B.S. JOSENIL B. NASCIMENTO,00637-01,2603950,SAO JOAQUIM,S/N,,CENTRO,65727000,(99)996469593,(  ),MARLYLEAL0412@GMAIL.COM,20231010151421,yago,20170908095401,Implantação,(  )
329,,113,654,U.B.S. JERUSALEM,00314-01,2310775,AV. SÃO MIGUEL,S/N,,JERUSALEM,65727000,(99)981052235,(  ),EUNICESOARESDACOSTADIAS@GMAIL.COM,20231010151234,yago,20170908095401,Implantação,(  )
310,,113,639,HOSP AMANCIO COUTINHO,00657-01,6603726,ANTONIO FELEMINO,509,,SETOR TAVARES,65978000,(  ),(  ),,20220118123717,yago,20170908095401,Implantação,(  )
316,,113,644,U.B.S. ROSEANA SARNEY,00601-01,2531828,HUMBERTO DE CAMPOS ,S/N,,CENTRO,65709000,(  ),(  ),,20220329080503,yago,20170908095401,Implantação,(  )
339,,113,662,U.B.S. VIANA,00332-01,2454432,JORGE DUALIB,S/N,,CENTRO,65215000,(  ),(  ),,20220329082008,yago,20170908095401,Implantação,(  )
346,,113,466,U.B.S. JOAO PAULO II,00759-01,,RIO BRANCO,,,CENTRO,65945000,(  ),(  ),,20220510084731,yago,20181116103305,julyana,(  )
348,,0,466,U.B.S. MARIA DA SILVA ,00762-01,,POV CAJAZEIRAS,S/N,,ZONA RURAL,65945000,(  ),(  ),,20220510084821,yago,20181116103703,julyana,(  )
345,,139,466,U.B.S. HERCULANO MAIA ,00764-01,,POV LAGOA GRANDE RIBEIRO FEITOSA,5,,ZONA RURAL,65945000,(  ),(  ),,20220510084851,yago,20181116103119,julyana,(  )
347,,0,466,U.B.S. JOAQUIM RAFAEL ,00768-01,,POVOADO JOAQUIM RAFAEL,S/N,,ZONA RURAL,65945000,(  ),(  ),,20220510085111,yago,20181116103429,julyana,(  )
288,,113,635,C. S. JOAO DE DEUS,00131-01,2455803,GARDENIA RIBEIRO GONÇALVES,S/N,,JOAO DE DEUS,65010000,(  ),(  ),,20240801095236,thalyta,20170908095401,Implantação,(  )
324,,113,651,U.B.S. IRMAS URSULINAS S.J. SOMASCAS,00631-01,,SOL NASCENTE,S/N,,SÃO JOAO,     ,(  ),(  ),,20230801104636,yago,20170908095401,Implantação,(  )
327,,113,654,U.B.S. DR. PEDRO BARROSO,00647-01,5654343,AV. DEP. CARLOS MELO,2004,,AEROPORTO,65727000,(99)984873740,(  ),ANTONIASILVANA2014@GMAIL.COM,20231010151130,yago,20170908095401,Implantação,(  )
355,,113,501,HOSP SINHA CASTELO ,00211-01,,CEL LIBANIO LOBO ,700,,CENTRO,65600001,(  ),(  ),,20181116105445,julyana,20181116105445,julyana,(  )
344,,36,473,HOSPITAL REGIONAL DE BALSAS,00769-01,,DR EDIMAR ALVES DE OLIVEIRA,S/N,,CENTRO,65800001,(  ),(  ),,20181116112005,julyana,20181114094328,julyana,(  )
356,,0,501,U.B.S BAIXINHA,00744-01,,RUA DA BAIXINHA,110,,CENTRO,65600001,(  ),(  ),,20200320121510,hiago,20181116110143,julyana,(  )
360,,113,501,U.B.S TRIZIDELA,00745-01,,ODORICO MENDES,600,,CENTRO,65600001,(  ),(  ),,20200320121540,hiago,20181116110635,julyana,(  )
369,,36,501,U.B.S ITAPECURUZINHO,00749-01,,MA-034,S/N,,ITAPECURUZINHO,65600000,(  ),(  ),,20200320121612,hiago,20190110113217,carliane,(  )
358,,36,501,U.B.S MUTIRAO,00752-01,,ALVORADA ,S/N,,,65600001,(  ),(  ),,20200320121639,hiago,20181116110341,julyana,(  )
359,,84,501,U.B.S NOVA CAXIAS,00753-01,,RAIMUNDO SANTOS,S/N,,,65600001,(  ),(  ),,20200320121701,hiago,20181116110457,julyana,(  )
357,,36,501,U.B.S COHAB,00754-01,,04,S/N,,COHAB,65600001,(  ),(  ),,20200320121719,hiago,20181116110246,julyana,(  )
361,,113,501,U.B.S VILA ALECRIM,00755-01,,ARARI ,S/N,,CENTRO,65600001,(  ),(  ),,20200320121757,hiago,20181116111224,julyana,(  )
370,,113,501,U.B.S VILA SÃO JOSÉ,00770-01,,NOVA VIDA,S/N,,,65600000,(  ),(  ),,20200320121815,hiago,20190110113921,carliane,(  )
371,,113,501,U.B.S CALDEIRÕES,00771-01,,CALDEIRÕES,661,,,65600000,(  ),(  ),,20200320121831,hiago,20190110114127,carliane,(  )
372,,54,501,U.B.S CAXIRIMBU (1ºDISTRITO)  ,00772-01,,LOCALIDADE CAXIRIMBU,S/N,,,65600000,(  ),(  ),,20200320121850,hiago,20190110114501,carliane,(  )
373,,113,501,U.B.S SAÚDE PEQUIZEIRO,00773-01,,NOSSA SENHORA DE FÁTIMA,210,,,65600000,(  ),(  ),,20200320121907,hiago,20190110114804,carliane,(  )
368,,36,635,C.S. TURU II,00241-01,,Sete,S/N,,Turu,65065760,(98)991362503,(  ),CENTROSAUDETURU@GMAIL.COM,20241010134806,thalyta,20181231122541,carliane,(  )
374,,113,635,C.S. JANAINA,00672-01,,Cafeteira,S/N,,Vila Janaína,65058830,(98)984231371,(  ),C.S.JANAINA12@GMAIL.COM,20130109013624,thalyta,20190116092433,carliane,(  )
337,,113,660,HOSP.MUNC.VALDIR MELO,00267-01,2464454,SOL,S/N,,CENTRO,65530000,(  ),(  ),,20240304140214,thalyta,20170908095401,Implantação,(  )
377,,113,666,U.B.S. RAIMUNDA PAVÃO,00781-01,,PAZ ,S/N ,,JOSIAS,65365000,(98)999084674,(  ),SHIRLEY.SANTOS83@HOTMAIL.COM ,20210523084930,yago,20190116110601,carliane,(98)981792327
378,,113,666,U.B.S. JOSE BISPO DOS SANTOS,00782-01,,SAO JOAO ,S/N,,BOA ESPERANCA,65365000,(98)982158511,(  ),SHEYLANIVEA@HOTMAIL.COM,20210523084943,yago,20190116110737,carliane,(98)982033198
379,,113,666,U.B.S. IGARAPÉ GRANDE,00783-01,,GRANDE,S/N,POV. IGARAPÉ GRANDE,Z. RURAL,65365000,(98)981601617,(  ),PAULAASSIS5@HOTMAIL.COM,20210523085000,yago,20190116111112,carliane,(  )
380,,113,666,U.B.S. GILBERTO VIEIRA BASTOS,00784-01,,GRANDE,S/N,,PARAISO DO SOBRAL,65365000,(98)981233922,(  ),,20210523085015,yago,20190116111243,carliane,(  )
381,,36,666,U.B.S. EDILSON MONTEIRO RODRIGUES,00785-01,, BR 316 KM 181,S/N ,TRÊS SATUBAS,,65365000,(98)981448156,(  ),CHIMENDESROSILEIA@HOTMAIL.COM,20210523085031,yago,20190116111629,carliane,(  )
382,,113,666,U.B.S. AURICELIA DE SOUSA N. MACHADO,00786-01,,SOL,S/N,,CENTRO,65365000,(98)981821976,(  ),OLIMPIANV10@HOTMAIL.COM,20210523085049,yago,20190116111825,carliane,(  )
383,,113,666,U.B.S. EUDINEIA ALVES VERAS CUTRIM,00787-01,,CAJARI,S/N,,VILA BARROSO,65365000,(98)991046963,(  ),,20210523085106,yago,20190116111936,carliane,(  )
384,,113,666,U.B.S. VILA NOVA,00788-01,,AMORIM,677,,VILA NOVA,65365000,(98)981334734,(  ),FRANCILDA021@GMAIL.COM,20210523085122,yago,20190116112119,carliane,(  )
386,,54,666,U.B.S. MARIA ALVES COSTA DO NASCIMENTO,00790-01,,POV. NOVA CONQUISTA,S/N,,Z. RURAL,65365000,(98)981075415,(  ),RAISSAMOURA2011@HOTMAIL.COM,20210523085154,yago,20190116112542,carliane,(  )
387,,113,666,U.B.S. VEREADOR BENEDITO B. AMORIM,00791-01,,ASSEMBLEIA ,S/N,,EBENEZIA,65365000,(98)982842926,(  ),SAMPAIOTIAGO026@HOTMAIL.COM,20210523085208,yago,20190116112721,carliane,(  )
388,,54,666,U.B.S. QUADRA QUEIROZ,00792-01,,POV. QUADRA QUEIROZ ,S/N,,Z. RURAL,65365000,(98)991488125,(  ),CHARLES_09@HOTMAIL.COM,20210523085225,yago,20190116112951,carliane,(  )
389,,113,666,U.B.S. BENEDITO DA LUZ,00793-01,,GUARANI ,S/N,,SAO FRANCISCO,65365000,(98)981449746,(  ),PEDRORIBEIRO_CHAGAS@HOTMAIL.COM,20210523085242,yago,20190116113124,carliane,(  )
375,,113,635,U.B.S. MACHADO DE ASSIS,00190-01,,Machado de Assis,S/N,,Liberdade,65035380,(  ),(  ),AVELAR_REGINA@HOTMAIL.COM,20220824083814,yago,20190116104436,carliane,(  )
362,,113,626,U.B.S. MAGNALDO FERNANDES ,00746-01,,JUSTIANIANO SOARES ,S/N,,CENTRO,65929000,(99)991940636,(  ),,20220111094222,yago,20181211075342,carliane,(  )
363,,54,626,U.B.S. DR PINTO,00747-01,,RUA BOM JESUS,S/N,Z. RURAL,POVOADO TRECHO SECO,65929000,(99)999867773,(  ),,20220111094246,yago,20181211080043,carliane,(  )
364,,113,626,U.B.S. SEBASTIAO MATIAS,00748-01,,PADRE CICERO,S/N,,CENTRO,65929000,(99)988376344,(  ),,20220111094306,yago,20181211080758,carliane,(  )
350,,0,466,U.B.S. PEDRO FERREIRA DE ARAUJO,00760-01,,VILA NONATO,,,ZONA RURAL,65945000,(  ),(  ),,20220510084747,yago,20181116103849,julyana,(  )
351,,0,466,U.B.S. VALDENOR PEREIRA DOS SANTOS,00761-01,,"POV CALUMBI, RUA DA IGREJA EVANGELIA",S/N,,ZONA RURAL,65945000,(  ),(  ),,20220510084803,yago,20181116103950,julyana,(  )
352,,0,466,U.B.S. FRANCISCO GUARIM ,00763-01,,AV PRINCIPAL ,S/N,,,65945000,(  ),(  ),,20220510084836,yago,20181116104513,julyana,(  )
354,,0,466,U.B.S. CICERO MENEZES DE SOUSA,00765-01,,POV COCAL DOS CABRITOS,S/N,,,65945000,(  ),(  ),,20220510084908,yago,20181116104802,julyana,(  )
349,,0,466,U.B.S. MARIA ICLEIA BENICIO VILARINS,00766-01,,R. DO COLEGIO,S/N,,POV. SANTA LUZIA/ ZONA RURAL,65945000,(  ),(  ),,20220510084924,yago,20181116103745,julyana,(  )
353,,36,466,U.B.S. POLO INDIGENA ,00767-01,,DEPUTADO ULISSES GUIMARAES,S/N,,,65945000,(  ),(  ),,20220510085023,yago,20181116104612,julyana,(  )
367,,36,635,U.M. DO BEQUIMAO,00077-01,,Contorno,S/N,,BEQUIMAO,65061670,(98)32128701,(  ),,20220824083148,yago,20181219113807,carliane,(  )
366,,113,635,CENTRO DE SAÚDE GAPARA,00625-01,,Projetada,S/N,,Gapara,65083550,(98)32423656,(  ),,20240925090527,thalyta,20181217105404,carliane,(  )
260,,113,622,HOSP M FELIPE JORGE,00164-01,2451565,MA 034 KM 03,S/N,,ABREU (CENTRO),     ,(  ),(  ),,20190125084243,hiago,20170908095401,Implantação,(  )
395,,113,622,U.B.S. FORMOSA,00801-01,,RUA PRINCIPAL,01,,POVOADO FORMOSA ,65550000,(98) 34771230,(  ),,20190125085335,hiago,20190125085335,hiago,(  )
396,,113,622,U.B.S. MAMUÍ,00802-01,,CONJUNTO NOVO,01,,MAMUI,65550000,(  ),(  ),LETICIAASSAD@HOTMMAIL.COM,20190125090201,hiago,20190125090201,hiago,(  )
397,,113,622,U.B.S. SAO RAIMUNDO,00803-01,,RUA PRINCIPAL,01,,POVOADO SÃO RAIMUNDO,65550000,(  ),(  ),GABYCOSTA88@HOTMAIL.COM,20190125090706,hiago,20190125090706,hiago,(  )
398,,113,622,U.B.S. DR. EDENIR FERREIRA DE SOUSA,00804-01,,RUA PRINCIPAL,01,,POVOADO CURRAIS,65550000,(98)981910944,(  ),LIVIA_SILVA1994@HOTMAIL.COM,20190125091055,hiago,20190125091055,hiago,(98)996096765
399,,36,622,U.B.S. BERNARDO COELHO DE ALMEIDA,00805-01,,CUSTODIO DE ALMEIDA LIMA,01,,PLANALTO,65550000,(86)999031722,(  ),TEONILIASANTOS2@GMAIL.COM,20190125092048,hiago,20190125092048,hiago,(98)989131636
400,,113,622,U.B.S. JOSE DAMASCENO,00806-01,,RUA PRINCIPAL,01,,POVOADO COQUEIRO,65550000,(86)998015930,(  ),SAMARALCOSTA@HOTMAIL.COM,20190125095235,hiago,20190125095235,hiago,(98)982304660
401,,133,622,U.B.S. MAMORANA,00807-01,,RUA PRINCIPAL,01,,POV. MAMORANA,65550000,(98)984824577,(  ),BRUNALETICIE@HOTMAIL.COM,20190125095557,hiago,20190125095557,hiago,(  )
402,,113,622,U.B.S. FAVEIRA,00808-01,,RUA BERNARDO LIMA,01,,CENTRO,65550000,(86)999690691,(  ),LARISSAARAGAO3@HOTMAIL.COM,20190125100337,hiago,20190125100337,hiago,(  )
403,,113,622,U.B.S. NILZA COELHO LIMA,00809-01,,RUA ALUIZIO DE AZEVEDO,01,,CENTRO,65550000,(  ),(  ),,20190125100730,hiago,20190125100730,hiago,(  )
133,,113,533,HOSP. SANTA NEUSA,00173-01,2462729,HELTON NUNES,784,,RODOVIARIA,65940000,(99)35326322,(  ),HSNEUSA@HOTMAIL.COM,20190125101709,hiago,20170908095401,Implantação,(99)992108264
404,,113,572,CENTO DE SAUDE SANTA ANA,00810-01,,RUA DR PAULO RAMOS,01,,CENTRO,65160000,(98)988007485,(  ),VETA.MENEZES@GMAIL.COM,20190125102336,hiago,20190125102336,hiago,(98)987794251
482,,36,501,U.B.S. EUGENIO COUTINHO,00886-01,7926863,"MATÕES, QD. N,",20,,EUGENIO COUTINHO,65604560,(  ),(  ),,20190218120528,hiago,20190218120528,hiago,(  )
405,,124,500,U.B.S. FRANCISCO PLACIDO DE SOUSA,00811-01,,01 DE JANEIRO,05,,SÃO JOSE,65295000,(98)984264889,(  ),AB.CARUTAPERA@YAHOO.COM,20190125103530,hiago,20190125103530,hiago,(  )
406,,113,500,U.B.S. ROSA ALMEIDA DE ARAUJO,00756-01,,R. 01 DE MAIO,01,,VILA DURADOURO,65295000,(98)984788084,(  ),AB.CARUTAPERA@YAHOO.COM,20190125103847,hiago,20190125103847,hiago,(  )
73,,113,500,UBS MARIA RIBEIRO LOPES,00739-01,,CAJUEIRO,S/N,,SANTA RITA,65295000,(98)984799300,(  ),AB.CARUTAPERA@YAHOO.COM,20190125104454,hiago,20170908095401,Implantação,(  )
71,,113,500,C.S. SUZETE DE OLIVEIRA BORGES,00479-01,,PADRE MARIO BACCA,S/N,,CENTRO,65295000,(98)999067881,(  ),AB.CARUTAPERA@YAHOO.COM,20190125104828,hiago,20170908095401,Implantação,(  )
407,,113,500,U.B.S. SAO LOURENCO,00812-01,,RUA PRINCIPAL,01,,POVOADO SÃO LOURENÇO,65295000,(98)984497756,(  ),AB.CARUTAPERA@YAHOO.COM,20190125105136,hiago,20190125105136,hiago,(  )
408,,113,500,U.B.S. MANOEL HENRIQUE DE QUEIROZ,00813-01,,MA,308,,POVOADO LIVRAMENTO,65295000,(98)984836801,(  ),AB.CARUTAPERA@YAHOO.COM,20190125105528,hiago,20190125105528,hiago,(  )
409,,113,500,U.B.S. MOARCI BRAGA,00814-01,,AV. BEIRA RIO,S/N,,POV. DE MANAUS DA BEIRA,65295000,(98)984713642,(  ),AB.CARUTAPERA@YAHOO.COM,20190125105828,hiago,20190125105828,hiago,(  )
410,,113,601,C.S. SAUDE RAIMUNDO JURUCA,00815-01,,RUA DO COMERCIO,S/N,,CENTRO,65279000,(98)987141697,(  ),MARYNATAPINHEIRO@HOTMAIL.COM,20190125115007,hiago,20190125115007,hiago,(  )
411,,113,585,DEPARTAMENTO DE VIG. EPIDIMIOLOGICA,00816-01,,AV. DEMETRIO RIBEIRO,S/N,,CENTRO,65585000,(98)987891712,(  ),SEMUSPN@GMAIL.COM,20190125115708,hiago,20190125115708,hiago,(98)988618851
269,,113,630,UBS.LAURO P.DA SILVA,00646-01,7863225,DOMINGOS GONZAGA,S/N,,SÃO SEBASTIÃO,65973000,(99)981954057,(  ),IDELMAROLIVEIRA930@GMAIL.COM,20190125120324,hiago,20170908095401,Implantação,(99)984486029
320,,113,648,HOSP.MUN.F.A.BERETTA,00432-01,2646595,ANA GOMES VIANA,S/N,,CENTRO,65925000,(99)981750102,(  ),,20190125122205,hiago,20170908095401,Implantação,(  )
413,,113,505,U.B.S. CAMILO DA SILVA,00818-01,,RUA DO HOSPITAL,S/N,,CHEGA TUDO,65299000,(98)981614785,(  ),FLAVIASIMOES91@GMAIL.COM,20190125122941,hiago,20190125122941,hiago,(  )
414,,113,505,U.B.S. DO LIMÃO,00819-01,,RUA DO COMERCIO,S/N,,POV. LIMÃO,65299000,(98)985391619,(  ),,20190125123259,hiago,20190125123259,hiago,(  )
176,,113,559,U.B.S. SAO FRANCISCO,00661-01,6064647,OSVALDO CRUZ,S/N,,CENTRO,65289000,(98)984313311,(  ),TALPALMEIRA@HOTMAIL.COM,20190125124540,hiago,20170908095401,Implantação,(  )
175,,113,559,U.B.S. CIDADE NOVA,00706-01,5435552,SÃO PEDRO ,247,,CENTRO,65289000,(98)984416331,(  ),KATY.ALS@HOTMAIL.COM,20190125124817,hiago,20170908095401,Implantação,(98)984250007
415,,113,559,U.B.S. MARACACUME I,00820-01,,RUA NOVA BETEL,S/N,,CENTRO,65289000,(98)985189921,(  ),,20190125125744,hiago,20190125125744,hiago,(98)985136660
416,,113,559,U.B.S. MARACACUME II,00821-01,,RUA LERMÃO DIAS,S/N,,CENTRO,65289000,(98)984053005,(  ),THAIANECARNEIRO@HOTMAIL.COM,20190125130146,hiago,20190125130146,hiago,(98)984455179
418,,113,559,U.B.S. BEIRA RIO,00823-01,,RUA. DOM JOÃO VI,S/N,,CENTRO,65289000,(98)988054509,(  ),JULIANETO16@GMAIL.COM,20190125130724,hiago,20190125130724,hiago,(  )
41,,113,482,POSTO DE SAUDE VALDEMAR OLIVEIRA,00495-01,2464969,ROSEANA SARNEY,S/N,,CENTRO,65292000,(98)985301900,(  ),,20190125131948,hiago,20170908095401,Implantação,(  )
419,,113,513,U.B.S. CURURUPU I E II,00824-01,,GONÇALVES DIAS,S/N,,BAIRRO DE FATIMA,65268000,(98)984480229,(  ),LUCIASFREITAS@LIVE.COM,20190125133229,hiago,20190125133229,hiago,(  )
420,,0,513,U.B.S. BARREIROS ,00825-01,,R. GENARAL OZORIO,S/N,,SÃO BENEDITO,65268000,(98)984442030,(  ),ANDREZADIAS74@GMAIL.COM,20190125133428,hiago,20190125133428,hiago,(  )
390,,113,666,U.B.S. JOSE GOMES SILVESTRE,00794-01,,SAO LUIS,S/N,,AMORIM,65365000,(98)982318400,(  ),LEUDEBRANDAO@HOTMAIL.COM,20210523085303,yago,20190116113302,carliane,(  )
391,,113,666,U.B.S. MARIA ROLIM,00795-01,,MANOEL ANDRADE ,80,,SANTA TEREZINHA,65365000,(98)983038484,(  ),VIVIANELEMOS24101989@GMAIL.COM,20210523085321,yago,20190116113440,carliane,(  )
392,,113,666,U.B.S. EDLA DE ALMEIDA COSTA,00796-01,,PAXIÚBA,S/N,,CENTRO,65365000,(98)981465135,(  ),GILCILENEMARQUES@GMAIL.COM,20210523085339,yago,20190116113612,carliane,(  )
417,,113,559,U.B.S. CAJUEIRO,00822-01,,RUA NOVA ESPERANÇA,S/N,,POV. CAJUEIRO,65289000,(98)984021881,(  ),,20230420083809,yago,20190125130441,hiago,(  )
394,,113,635,U. S. F. SÃO FRANCISCO,00800-01,,das Paparaubas,,"QD. 13, LT. 31",Jardim São Francisco,65076000,(  ),(  ),,20240603084447,thalyta,20190124134030,hiago,(  )
421,,0,513,U.B.S. AREIA BRANCA,00826-01,,RODOVIARIA GOVERNADOR ANTONIO DINO,S/N,,AREIA BRANCA,65268000,(98)84442030,(  ),ANDREZADIAS74@GMAIL.COM,20190125133700,hiago,20190125133700,hiago,(  )
422,,0,513,U.B.S. COMUNIDADE QUILOMBOLA ALIANÇA,00827-01,,R. PRINCIPAL,00,,POV ALIANÇA,65268000,(98)981884220,(  ),LILIANCPU@GMAIL.COM,20190125133926,hiago,20190125133926,hiago,(  )
423,,0,513,U.B.S. AQUILES LISBOA,00828-01,,R. PRNCIPAL,00,,POV. AQUILES LISBOA,65268000,(98)984556034,(  ),GABRYELLABREU19@HOTMAIL.COM,20190125134150,hiago,20190125134150,hiago,(  )
424,,0,513,U.B.S. TAPERA DE BAIXO,00829-01,,R. PRINCIPAL,00,,POV. TAPERA DE BAIXO,65216800,(98)984011232,(  ),ADRIANAASOARES@HOTMAIL.COM,20190125134355,hiago,20190125134355,hiago,(  )
425,,0,513,U.B.S. MARACUJATIUA,00830-01,,R. PRINCIPAL,00,,PRAIA MARACUJATIUA,65268000,(98)998131930,(  ),SCARLIANY728@GMAIL.COM,20190125134626,hiago,20190125134626,hiago,(  )
426,,0,513,U.B.S. DE RUMO,00831-01,,COMUNIDADE QUILOMBOLA DE RUMO,00,,Z. RURAL,65268000,(98)984847169,(  ),GLEICE_SILVA36@HOTMAIL.COM,20190125134825,hiago,20190125134825,hiago,(  )
84,,113,508,ASSOC. PESTALLOZZI,00082-01,2449870,AFONSO PENA,83,,CENTRO,65400000,(99)988545716,(  ),LULOBAO2010@HOTMAIL.COM,20190125140007,hiago,20170908095401,Implantação,(  )
428,,0,607,U.B.S. SUMAUMA,00832-01,2645572,R. PARANA,S/N,,CENTRO,65938000,(99)981657157,(  ),,20190131121903,hiago,20190131121903,hiago,(99)981142343
429,,0,607,U.B.S. FRANCISCO MACIEL REGO,00833-01,2645564,R. PROFESSORA SONIA,S/N,,POV. LAJEADO,65938000,(99)984442437,(  ),,20190131122116,hiago,20190131122116,hiago,(99)988379814
430,,0,607,U.B.S. JOSE SKAF,00834-01,5468175,R. DO CAMPO,S/N,,POV. ARRAIAS,65938000,(  ),(  ),,20190131122307,hiago,20190131122307,hiago,(  )
433,,0,547,U.B.S VERA CRUZ,00837-01,,R. PRINCIPAL,S/N,,POV. VERA CRUZ,65294000,(98)984965899,(  ),SECRATIARIADESAUDEJUNCOMA@GMAIL.COM,20190131130419,hiago,20190131130419,hiago,(98)984965899
435,,113,652,CENTRO DE REFERENCIA EM SAUDE VICTORIANO ABDALLA ,00840-01,,URBANO SANTOS ,S/N,,CENTRO,65420000,(99)984177031,(  ),,20190131122951,carliane,20190131122951,carliane,(99)982475274
437,,36,528,CENTRO DE SAUDE PEDRO CUNHA E SILVA,00841-01,,11 DE MARCO,S/N,,,65780000,(99)984395556,(  ),SEMUSGEB@HOTMAIL.COM,20190131123417,carliane,20190131123417,carliane,(99)981571290
438,,0,625,U.B.S JOSE PIAUI,00842-01,,R. TITO MARTINS,,,CENTRO,65890000,(99)982657484,(  ),ANDREIASOARES.COM@HOTMAIL.COM,20190131133430,hiago,20190131133430,hiago,(99)984315690
440,,0,455,U.B.S. FELIPE MARCIEL LARANJEIRA,00844-01,,R. NICOLAU DINO,S/N,,CENTRO,65293000,(  ),(  ),,20190131140237,hiago,20190131134628,hiago,(  )
439,,0,455,U.B.S. ADELSON RIBEIRO DE CARVALHO,00843-01,,HUMBERTO DE CAMPOS,S/N,,Z. RURAL,65293000,(  ),(  ),,20190131140144,hiago,20190131134328,hiago,(  )
442,,0,458,U.B.S MARIA EULINA,00846-01,,R. ANTONIA GLORIA SOBRINHO,S/N,,CENTRO,65810000,(  ),(  ),,20190215090617,hiago,20190215090617,hiago,(  )
443,,0,458,HOSP. MUNICIPAL DE ALTO DO PARNAIBA,00847-01,,PRAÇA LINDOLFO LUSTOSA,S/N,,CENTRO,65810000,(  ),(  ),,20190215091042,hiago,20190215091042,hiago,(  )
445,,0,605,U.M. DR° NEMERCIA DIAS PINHEIRO,00849-01,,R. BOA ESPERANÇA ,S/N,,CENTRO,65138000,(  ),(  ),,20190215091825,hiago,20190215091825,hiago,(  )
446,,0,450,U.B.S. CIKEL,00850-01,,R. DOGIVAL PINHEIRO,100,,CENTRO,65930000,(  ),(  ),,20190215092217,hiago,20190215092217,hiago,(  )
447,,0,450,U.B.S. DR° DALVADISIO MOREIRA DOS SANTOS,00851-01,,R. RIO GRANDE ,S/N,,CENTRO,65930000,(99)988616610,(99)988282854,LUCIELMA35@HOTMAIL.COM,20190215092536,hiago,20190215092536,hiago,(99)988282854
449,,0,1001,U.B.S.F DE FREXEIRAS,00853-01,,RUA PRINCIPAL,,,POVOADO FREXEIRAS,65545000,(98)988815467,(  ),ELYSCALDAS20@HOTMAIL.COM,20190215095659,paulo,20190215095659,paulo,(  )
450,,0,564,U.B.S. LOLITA BATISTA,00854-01,3523969,POV. SANTO ANTONIO,00,,Z. RURAL,65645000,(99)981725004,(  ),,20190215100445,hiago,20190215100445,hiago,(86)988976291
451,,0,564,U.B.S. MARAJÁ,00855-01,2450607,POV. MARAJA,00,,Z. RURAL,65645000,(99)981955197,(  ),,20190215100832,hiago,20190215100832,hiago,(99)984642880
452,,0,564,U.B.S. POV. ONÇA,00856-01,3524035,POV. ONÇA,00,,Z. RURAL,65645000,(99)982344210,(  ),,20190215101646,hiago,20190215101646,hiago,(99)982344210
454,,0,564,U.B.S. BENEDITO COLAÇA VEGAS,00858-01,,POV. LARANJEIRAS,00,,Z. RURAL,65645000,(99)981937429,(  ),,20190215103708,hiago,20190215103708,hiago,(99)981937429
385,,113,666,U.B.S. JOÃO DA COSTA LIMA,00789-01,,40 DO BIS,S/N,,QUADRO,65365000,(98)981258709,(  ),FERNANDUUH_FLEYDSON@HOTMAIL.COM,20210523085137,yago,20190116112316,carliane,(  )
455,,0,564,U.B.S. ROMOALDO NUNES DE ALMEIDA,00859-01,3524043,POV. MANDACARU,00,,Z. RURAL,65645000,(99)988369246,(  ),,20220114111810,yago,20190215104152,hiago,(99)988369246
457,,0,564,U.B.S. MARIA JOSE DOS ANJOS,00861-01,3523950,POV. UNICO,00,,Z. RURAL,65645000,(99)988487858,(  ),,20220114111834,yago,20190215110543,hiago,(  )
453,,0,564,U.B.S. CARMOSINHA COUTINHO,00857-01,,POV. PEDREIRAS,00,,Z. RURAL,65645000,(  ),(  ),,20220114111904,yago,20190215103353,hiago,(  )
436,,0,651,U.B.S. TASSO FRAGOSO / SEDE,00839-01,,R. DO BARBOSO,S/N,,CENTRO,65820000,(99)982680725,(  ),,20220407075854,yago,20190131132958,hiago,(99)982128612
218,,113,589,HOSP. MUN. JESUS DE NAZARÉ,00159-01,2454947,SATURNINO BELO,S/N,,CENTRO,65213000,(98)984608616,(  ),,20220805103304,yago,20170908095401,Implantação,(98)984608616
427,,36,635,U.M. SÃO BERNARDO,00089-01,,TIRADENTES,S/N,,SAO BERNARDO,65055000,(98)32122804,(  ),,20220824083214,yago,20190129081848,carliane,(  )
431,,0,550,U.B.S. VER. JOSE ROCHEL ARAUJO,00835-01,,R. PRINCIPAL,S/N,,POV. SANTA MARIA,65705000,(99)996410056,(  ),LINDEANEALVES@HOTMAIL.COM,20230420085711,yago,20190131124608,hiago,(99)999850163
432,,0,451,U.B.S. RAIMUNDO DE MELO DUQUE BACELAR,00836-01,,POV. LOIOLA,S/N,,Z. RURAL,65505000,(86)998265879,(  ),EDNOCN@GMAIL.COM,20230802082711,yago,20190131125833,hiago,(  )
638,,0,516,U.B.S. SÃO JOSE,01053-01,,AV. SÃO JOSE,00,,CENTRO ,65620000,(89)999826576,(  ),MONITORAMENTOAPS2021@GMAIL.COM,20231002081307,yago,20190314080647,hiago,(  )
441,,0,526,U.B.S. RAIMUNDO BARBOSA DE SOUSA,00845-01,2461927,R. ANTONIO FIALHO FILHO,S/N,,CENTRO,65770000,(  ),(  ),,20241028160013,thalyta,20190215085550,hiago,(  )
434,,0,547,U.B.S. DE SODRELANDIA,00838-01,,R. DO COMERCIO ,S/N,,CENTRO,65294000,(98)984249324,(  ),SECRETARIADESAUDEJUNCOMA@HOTMAIL.COM,20241122120303,yago,20190131130914,hiago,(98)984249324
458,,0,564,U.B.S. MARCILENE CARVALHO DE SOUSA,00862-01,3523977,POV. SANTA LUZIA,00,,Z. RURAL,65645000,(99)988042230,(  ),,20190215110856,hiago,20190215110856,hiago,(99)988042230
459,,0,564,U.B.S. FRANCISCO IZAEL PEREIRA BAZAR JR.,00863-01,,R. PRINCIPAL,00,,CENTRO,65645000,(89)994099899,(  ),,20190215111107,hiago,20190215111107,hiago,(99)988598072
460,,0,564,U.B.S. PEDRO ALVES PINHEIROS,00864-01,,AV. SARNEY,00,,TAIOBA,65645000,(99)984350324,(  ),,20190215111531,hiago,20190215111531,hiago,(99)996512771
468,,0,558,U.B.S. VAZANTINHA,00872-01,,POV. BACURI,00,,Z. RURAL,65560000,(  ),(  ),,20190215115155,hiago,20190215115155,hiago,(  )
469,,0,558,U.B.S. SANTA MARIA,00873-01,,POV. SANTA MARIA,00,,Z. RURAL,65560000,(  ),(  ),,20190215115300,hiago,20190215115300,hiago,(  )
470,,0,558,U.B.S. FRANCISCO DE ASSIS CARVALHO,00874-01,,POV. CURRALINHO,00,,Z. RURAL,65560000,(  ),(  ),,20190215115614,hiago,20190215115407,hiago,(  )
471,,0,558,U.B.S. JOANA TOTE,00875-01,,R. FRANCISCO FLORIDO,00,,CENTRO,65560000,(  ),(  ),,20190215115721,hiago,20190215115721,hiago,(  )
472,,0,558,U.B.S. LIDIA FERNANDES DA ROCHA,00876-01,,POV. TRINCHEIRAS,00,,Z. RURAL,65560000,(  ),(  ),,20190215115820,hiago,20190215115820,hiago,(  )
473,,0,558,U.B.S. MUNDOCA FREITAS,00877-01,,VILA NETO CARVALHO,00,,CENTRO,65560000,(  ),(  ),,20190215115927,hiago,20190215115927,hiago,(  )
474,,0,558,U.B.S. TERESINHA SPINDOLA VIEIRA,00878-01,,POV. MELANCIAS,00,,Z. RURAL,65560000,(  ),(  ),,20190215120300,hiago,20190215120300,hiago,(  )
475,,124,501,U.B.S. ANTENOR VIANA ,00879-01,5378796,R. MARANHÃO,00,,ANTENOR VIANA,65606450,(  ),(  ),,20190218115635,hiago,20190218115635,hiago,(  )
476,,0,501,U.B.S. BREJINHO,00880-01,2453770,BR. 316,00,,POV. BREJINHO,65600000,(  ),(  ),,20190218115826,hiago,20190218115826,hiago,(  )
477,,113,501,U.B.S. BOM JESUS,00881-01,2454068,Bom Jesus dos Passos,,,Caldeirões,65608360,(  ),(  ),,20190218115936,hiago,20190218115936,hiago,(  )
478,,36,501,U.B.S. CENTRO,00882-01,2454041,Getúlio Vargas,,,Centro,65608140,(  ),(  ),,20190218120113,hiago,20190218120113,hiago,(  )
479,,36,501,U.B.S. CAMPO DE BELEM,00883-01,7926871,Doutor Walter Brito,,,Campo de Belém,65609070,(  ),(  ),,20190218120206,hiago,20190218120206,hiago,(  )
480,,113,501,U.B.S. CAGALHEIRO,00884-01,2454025,do Fio,3,,Cangalheiro,65606250,(  ),(  ),,20190218120311,hiago,20190218120311,hiago,(  )
481,,6,501,U.B.S. CASTELO BRANCO,00885-01,2453800,Bela Vista,,,Castelo Branco,65604180,(  ),(  ),,20190218120406,hiago,20190218120406,hiago,(  )
483,,113,501,U.B.S. FAZENDINHA,00887-01,5378818,São José,,,Fazendinha,65608600,(  ),(  ),,20190218120619,hiago,20190218120619,hiago,(  )
484,,113,501,U.B.S. LUIZA QUEIROZ,00888-01,9004580,Nossa Senhora das Graças,,,Luiza Queiroz,65607719,(  ),(  ),,20190218120706,hiago,20190218120706,hiago,(  )
485,,113,501,U.B.S. PIRAJA,00889-01,6304761,Belo Horizonte,,Vila DNER,PIRAJA,65608715,(  ),(  ),,20190218120931,hiago,20190218120931,hiago,(  )
486,,113,501,U.B.S. PONTE,00890-01,2453834,dos Prazeres,101,,Ponte,65609640,(  ),(  ),,20190218121036,hiago,20190218121036,hiago,(  )
487,,113,501,U.B.S. SALOBRO,00891-01,2454017,Berenice Castelo,458,,Salobro,65609590,(  ),(  ),,20190218121126,hiago,20190218121126,hiago,(  )
488,,113,501,U.B.S. SÃO FRANCISCO,00892-01,2453983,Aluísio Lobo,411,,São Francisco,65600450,(  ),(  ),,20190218121246,hiago,20190218121246,hiago,(  )
489,,36,501,U.B.S. VILA ARIAS,00893-01,5616778,Vila Arias,1015,,Seriema,65602660,(  ),(  ),,20190218121533,hiago,20190218121533,hiago,(  )
490,,36,501,U.B.S. VOLTA REDONDA,00894-01,2453959,Volta Redonda,,,Volta Redonda,65606730,(  ),(  ),,20190218121634,hiago,20190218121634,hiago,(  )
224,,36,593,HOSP. N. SRA. MERCES MATERNO INFANTIL,00541-01,3018172,JOÃO DOS SANTOS MOREIRA,S/N,,CENTRO,65200000,(98)988135669,(  ),MARIAPADRESN@GMAIL.COM,20190219083436,hiago,20170908095401,Implantação,(98)984801563
495,,113,593,U.B.S. CENTRO DE ESPECIALIDADES MEDICA DE PINHEIRO (CEMP),00899-01,,VIRIATO COSTA,00,,CENTRO,65200000,(  ),(  ),,20190219083936,hiago,20190219083936,hiago,(  )
156,,113,548,U.B.S. TRES LAGOS,00717-01,2531526,POV. TRES LAGOS,S/N,,ZONA RURAL,65715000,(  ),(  ),,20190219085851,hiago,20170908095401,Implantação,(  )
496,,0,548,U.B.S. DOMINGOS MEIRELES,00900-01,,R. PRESIDENTE MEDICE,00,,RODOVIARIA,65715000,(  ),(  ),,20190219090132,hiago,20190219090132,hiago,(  )
500,,0,548,U.B.S. ANTÔNIO DE ASSUNÇÃO DE MORAIS,00904-01,,R. CEL. PEDRO BOGEA,00,,MACAUBA,65715000,(  ),(  ),,20190219090519,hiago,20190219090519,hiago,(  )
461,,0,582,U.B.S. NOVA TERRA,00865-01,,AV. CAROLINA,00,,CENTRO,65640000,(  ),(  ),,20210601093326,yago,20190215113216,hiago,(  )
462,,0,582,U.B.S. CENTRO I,00866-01,,AV. CAROLINA,00,,CENTRO,65640000,(  ),(  ),,20210601093348,yago,20190215113342,hiago,(  )
464,,0,582,U.B.S. SÃO FRANCISCO,00868-01,,R. 16,00,,AGROVEMA,65640000,(  ),(  ),,20210601093439,yago,20190215113755,hiago,(  )
465,,0,582,U.B.S. ANTONIO JOSE DE ASSUNÇÃO,00869-01,,POV. COITES,00,,Z. RURAL,65640000,(  ),(  ),,20210601093459,yago,20190215113923,hiago,(  )
466,,0,582,U.B.S. OLHO DAGUA DO NOGA,00870-01,,POV. OLHO DAGUA DO NOGA,00,,Z. RURAL,65640000,(  ),(  ),,20210601093523,yago,20190215114129,hiago,(  )
467,,0,582,U.B.S. PAIOL DO CENTRO,00871-01,,POV. PAIOL DO CENTRO,00,,Z. RURAL,65640000,(  ),(  ),,20210601093545,yago,20190215114525,hiago,(  )
499,,0,548,U.B.S. IRMÃ MARTA,00903-01,,R. JOSEANE  SALES,00,,PLANALTO,65715000,(99)981174187,(  ),,20230510143511,thalyta,20190219090411,hiago,(  )
456,,0,564,U.B.S. MARIA COUTINHO DE ALMADA,00860-01,7713274,R. PRINCIPAL,00,,CENTRO,65645000,(99)988370368,(  ),,20220405123331,yago,20190215105606,hiago,(99)996439959
497,,0,548,U.B.S. MERCEDES CARVALHO LEITE,00901-01,,R. NUNES FREIRE ,00,,VILA ROCHA,65715000,(99)981184844,(  ),UBSMERCEDESCARVALHOLEITE@GMAIL.COM,20230510140216,thalyta,20190219090223,hiago,(  )
501,,0,548,U.B.S. DELICE DIAS DE OLIVEIRA,00905-01,,R. LEONCIO RODRIGUES RODRIGUES,00,,VILA DA PAZ,65715000,(99)991181682,(  ),SAANAPAULA52@GMAIL.COM,20230510143307,thalyta,20190219090634,hiago,(  )
463,,0,582,U.B.S. DARCY MACIEL SILVEIRA,00867-01,,POV. BREJO DE SÃO FELIX,00,,Z. RURAL,65640000,(  ),(  ),,20250306141301,thalyta,20190215113601,hiago,(  )
503,,0,522,U.B.S. GILNEAN CHAVES RIBEIRO,00906-01,,R. ANTONIO ALVES CAVALCANTE,00,,BAIRRO NOVA FORTALEZA,65805000,(  ),(  ),,20190219091346,hiago,20190219091346,hiago,(  )
504,,0,536,U.B.S. JUSSATUBA,00908-01,,POV. JUSSATUBA,00,,Z. RURAL,65651700,(  ),(  ),,20190219092517,hiago,20190219092517,hiago,(  )
506,,0,536,U.B.S. SALGADO,00910-01,,AV. PRINCIPAL,00,,SALGADO,65170000,(  ),(  ),,20190219092909,hiago,20190219092909,hiago,(  )
508,,0,512,U.B.S. BACABALZINHO DOS VIANAS,00912-01,,POV. BACALBAZINHO DOS VIANAS,00,,Z. RURAL,65415000,(  ),(  ),,20190219101614,hiago,20190219101614,hiago,(  )
509,,0,512,MACRO REGIONAL DE COROATA,00913-01,,TRAV. BURITI,122,,TRIZIDELA,65415000,(  ),(  ),,20190219101732,hiago,20190219101732,hiago,(  )
510,,0,512,U.B.S. DR° JOÃO MOTA,00914-01,,R. DA CERAMICA,00,,NOVO AREIAL,65415000,(  ),(  ),,20190219101843,hiago,20190219101843,hiago,(  )
511,,0,512,U.B.S. MAÇARANDUBA,00915-01,,R. SENADOR LEITE,00,,MAÇARANDUBA,65415000,(  ),(  ),,20190219101947,hiago,20190219101947,hiago,(  )
512,,0,512,U.B.S. ZE DO COMBATE,00916-01,,AV. PRINCIPAL,00,,PALMEIRA TORTA,65415000,(  ),(  ),,20190219102120,hiago,20190219102120,hiago,(  )
514,,0,512,CENTRO DE SAUDE COROATA (SESP),00918-01,,TRAV. JANSEN MATOS,00,,CENTRO,65415000,(  ),(  ),,20190219102442,hiago,20190219102442,hiago,(  )
515,,0,512,U.B.S. TRIZIDELA II,00919-01,,R. DA SUCAN,00,,TRIZIDELA,65415000,(  ),(  ),,20190219102532,hiago,20190219102532,hiago,(  )
516,,0,512,U.B.S. ANTONIO MARQUES,00920-01,,AV. CASTELO BRANCO,00,,MOCÓ,65415000,(  ),(  ),,20190219102625,hiago,20190219102625,hiago,(  )
75,,113,502,H.M.N.S DE ASSUNCAO,00595-01,2461641,MARIANO V DE NEGREIROS,S/N,,CENTRO,65260000,(98)981420890,(  ),ALANNEABREU@HOTMAIL.COM,20190219103423,paulo,20170908095401,Implantação,(  )
517,,0,502,U.B.S. NOSSA SENHORA DA CONCEIÇÃO,00921-01,,AV. MARIANO VICTAL DE NEGREIROS,,,CENTRO,65260000,(98)984621762,(  ),ALANNEABREU@HOTMAIL.COM,20190219103751,paulo,20190219103751,paulo,(  )
120,,113,525,SC.MC.DE SAUDE GONÇALVES DIAS,00533-01,7529473,SANTA TEREZINHA,S/N,,CENTRO,6577500,(  ),(  ),,20190219104033,hiago,20170908095401,Implantação,(  )
494,,0,571,U.B.S. NOVO HORIZONTE,00898-01,,R. CAEMA,S/N,,ASST. NOVO HORIZONTE,65936000,(99)984090429,(  ),KLEYANECOSTA@HOTMAIL.COM,20190221101630,paulo,20190218123125,hiago,(  )
492,,0,571,U.B.S. OSVALDO BANDEIRA,00896-01,,R. DO BECO ,00,,CENTRO,65936000,(99)981666747,(  ),EMANUELASF92@GMAIL.COM,20190221101804,paulo,20190218122338,hiago,(  )
491,,0,571,U.B.S. FREI ARISTIDES ARIOLI ,00895-01,,AV. RAIMUNDO BARROS,00,,VL. JOÃO ALBERTO,65936000,(99)984306247,(  ),LANA_MIRANDA_BR@HOTMAIL.COM,20190221101944,paulo,20190218122246,hiago,(  )
513,,0,512,U.B.S. VALDIVINO DA CONCEIÇÃO,00917-01,,R. DO ARAME ,00,,VILA VAVA,65415000,(  ),(  ),,20190325083357,carliane,20190219102326,hiago,(  )
448,,54,627,U.B.S. PIQUIZEIRO,00852-01,,RUA PRINCIPAL,,Z.RURAL,POVOADO PIQUIZEIRO,65929000,(86)994882982,(  ),JENNYLAIS@HOTMAIL.COM,20190219115417,carliane,20190215094500,paulo,(  )
722,,113,619,U.B.S. ELIZONETE FERREIRA LIMA,01140-01,,QUATRO,00,,CENTRO,65730000,(  ),(  ),,20220117093308,yago,20190328113148,paulo,(  )
505,,0,536,U.B.S. CACAUEIRO,00909-01,2309882,AV. BANDEIRA,00,,CENTRO,65170000,(98)984416151,(  ),NIMAFRE@YAHOO.COM.BR,20210820092817,yago,20190219092626,hiago,(  )
507,,113,536,U.B.S. MUTIRÃO,00911-01,,R. 05,00,,MUTIRAO,65170000,(98)996132378,(  ),,20211004121905,yago,20190219093033,hiago,(  )
536,,113,570,U.B.S. CASTELO,00940-01,,POVOADO CASTELO,,,ZONA RURAL,65360000,(98)991297282,(  ),ARAIOSESSAUDE@BOL.COM.BR,20220322094142,yago,20190219115439,paulo,(  )
519,,0,465,U.B.S. JOÃO PERES,00923-01,,RUA DAS FLORES,,,CENTRO,65570000,(98)987259934,(  ),ARAIOSESSAUDES@BOL.COM.BR,20220405094804,yago,20190219104916,paulo,(  )
520,,113,465,U.B.S. NOVO HORIZONTE,00924-01,,RUA DAS FLORES,,,CENTRO,65570000,(98)987259934,(  ),ARAIOSESSAUDE@BOL.COM.BR,20220405094820,yago,20190219105243,paulo,(  )
521,,113,465,U.B.S. PIRANGI,00925-01,,RUA DAS FLORES,,,CENTRO,65570000,(98)987259934,(  ),ARAIOSESSAUDE@BOL.COM.BR,20220405094835,yago,20190219105907,paulo,(  )
522,,113,465,U.B.S. GIQUIRI,00926-01,,RUA DAS FLORES,,,CENTRO,65570000,(98)987259934,(  ),ARAIOSESSAUDE@BOL.COM.BR,20220405094858,yago,20190219110140,paulo,(  )
518,,0,465,U.B.S. NOVA CONCEIÇÃO,00922-01,,RUA DAS FLORES,,,CENTRO,65570000,(98)987259934,(  ),ARAIOSESSAUDE@BOL.COM.BR,20220405094749,yago,20190219104628,paulo,(  )
523,,113,465,U.B.S. RODEADOR,00927-01,,RUA DAS FLORES,,,CENTRO,65570000,(98)987259934,(  ),ARAIOSESSAUDE@BOL.COM.BR,20220405094913,yago,20190219110438,paulo,(  )
524,,113,465,U.B.S. REMANSO,00928-01,,RUA DAS FLORES,,,CENTRO,65570000,(98)987259934,(  ),ARAIOSESSAUDE@BOL.COM.BR,20220405094937,yago,20190219110730,paulo,(  )
525,,113,465,U.B.S. JOÃO PERES II,00929-01,,RUA DAS FLORES,,,CENTRO,65570000,(98)987259934,(  ),,20220405094956,yago,20190219111017,paulo,(  )
526,,113,465,U.B.S. SÃO PAULO,00930-01,,RUA DAS FLORES,,,CENTRO,65570000,(98)987259934,(  ),ARAIOSESSAUDE@BOL.COM.BR,20220405095017,yago,20190219111416,paulo,(  )
527,,113,465,U.B.S. BARREIRINHAS,00931-01,,RUA DAS FLORES,,,CENTRO,65570000,(98)987259934,(  ),ARAIOSESSAUDE@BOL.COM.BR,20220405095034,yago,20190219111542,paulo,(  )
528,,113,465,U.B.S. MARIQUITA,00932-01,,RUA DAS FLORES,,,CENTRO,65570000,(98)987259934,(  ),ARAIOSESSAUDE@BOL.COM.BR,20220405095054,yago,20190219111905,paulo,(  )
529,,113,465,U.B.S. BARREIRAS,00933-01,,RUA DAS FLORES,,,CENTRO,65570000,(98)987259934,(  ),ARAIOSESSAUDE@BOL.COM.BR,20220405095113,yago,20190219112117,paulo,(  )
530,,113,465,U.B.S. PLACAS,00934-01,,RUA DAS FLORES,,,CENTRO,65570000,(98)987259934,(  ),ARAIOSESSAUDE@BOL.COM.BR,20220405095131,yago,20190219112506,paulo,(  )
531,,113,465,U.B.S. MAGU CANA BRAVA,00935-01,,RUA DAS FLORES,,,CENTRO,65570000,(98)987259934,(  ),ARAIOSESSAUDE@BOL.COM.BR,20220405095158,yago,20190219112655,paulo,(  )
532,,113,465,U.B.S. CANARIAS,00936-01,,RUA DAS FLORES,,,CENTRO,65570000,(98)987259934,(  ),ARAIOSESSAUDE@BOL.COM.BR,20220405095213,yago,20190219112930,paulo,(  )
533,,113,465,U.B.S. CARNAUBEIRAS,00937-01,,DAS FLORES,,,CENTRO,65570000,(98)987259934,(  ),ARAIOSESSAUDE@BOL.COM.BR,20220405095229,yago,20190219113050,paulo,(  )
534,,113,465,U.B.S. PORTEIRAS,00938-01,,RUA DAS FLORES,,,CENTRO,65570000,(98)987259934,(  ),ARAIOSESSAUDE@BOL.COM.BR,20220405095246,yago,20190219113234,paulo,(  )
539,,0,527,U.B.S. BANANAL,00943-01,,R. SÃO PEDRO,00,,CENTRO,65928000,(  ),(  ),,20190219121803,hiago,20190219121803,hiago,(  )
540,,0,527,U.B.S. RIBEIRÃOZINHO DA ROÇA,00944-01,,AV. FIQUENE,00,,RIBEIRÃOZINHO DA ROÇA,65928000,(  ),(  ),,20190219122015,hiago,20190219122015,hiago,(  )
541,,0,527,U.B.S. ALMERINDA CARDOSO DA SILVA,00945-01,,R. SÃO JOÃO ,00,, VILA EURICO,65928000,(  ),(  ),,20190219122148,hiago,20190219122148,hiago,(  )
542,,0,527,U.B.S. GAMELEIRA,00946-01,,R. SÃO FRANCISCO,0,,CENTRO,65928000,(  ),(  ),,20190219122300,hiago,20190219122300,hiago,(  )
543,,0,527,U.B.S. MANOEL NUNES DA SILVA NETO,00947-01,,R. IMPERATRIZ II,00,,VILA GATATA,65928000,(  ),(  ),,20190219122435,hiago,20190219122435,hiago,(  )
544,,0,480,U.B.S. CENTRO DE SAUDE SANTO ANTONIO,00948-01,,R. CAPITÃO JOSE CASTRO,00,,CENTRO,65248000,(  ),(  ),,20190219122954,hiago,20190219122954,hiago,(  )
551,,124,506,BAIRRO DA CRUZ / SÃO JOSÉ,00955-01,,CORRENTE,S/N,,CENTRO,65500000,(98)991635880,(  ),SIMONE.SOUSA-SILVA@HOTMAIL.COM,20190220081944,paulo,20190220080944,paulo,(  )
576,,0,566,U.B.S.F. MALHADA ALTA,00981-01,,R. MALHADA ALTA,00,,CENTRO,65545000,(  ),(  ),,20190221082230,hiago,20190221082230,hiago,(  )
579,,0,566,U.B.S.F. DE FREXEIRAS,01002-01,,POV. FREXEIRAS,00,,Z. RURAL,65545000,(  ),(  ),,20190221083521,hiago,20190221083521,hiago,(  )
580,,0,566,U.B.S.F. DE SITIO DO MEIO,01003-01,,POV. SITIO DO MEIO,00,,Z. RURAL,65545000,(  ),(  ),,20190221083824,hiago,20190221083824,hiago,(  )
581,,0,566,U.B.S.F. DE RETIRO,01004-01,,POV. RETIRO,00,,Z. RURAL,65545000,(  ),(  ),,20190221084004,hiago,20190221084004,hiago,(  )
582,,139,518,U.B.S. SANTANA,00984-01,,ASSENTAMENTO BRAÇO FORTE,S/N,,ZONA RURAL,65975000,(99)992234762,(  ),FRANCIARA.ITZ@HOTMAIL.COM,20190221084419,paulo,20190221084419,paulo,(  )
106,,36,518,U.B.S. CIBRAZEM,00703-01,5284430,BRASIL,,,VILA CIBRAZEM,65975000,(99)991591260,(  ),ARYANNE-OLIVEIRA@OUTLOOK.COM,20190221085008,paulo,20170908095401,Implantação,(  )
585,,36,539,U.B.S. VILA CAFETEIRA,01007-01,,da Liberdade,34,,Vila Cafeteira,65911500,(  ),(  ),,20220408113916,yago,20190221085048,hiago,(  )
538,,113,506,U.B.S. CORRENTE II,00942-01,,RUA JUCELINO KUBITSCHEK,,,CORRENTE II,65500000,(98)991823326,(  ),ENFMARCIELLY@GMAIL.COM,20220111122706,yago,20190219120848,paulo,(  )
545,,113,506,U.B.S. BAIRRO NOVO,00949-01,,PROJETADA,,,B NOVO,65500000,(98)981434313,(  ),HANNA_PESSOA@HOTMAIL.COM,20220111122726,yago,20190220074342,paulo,(98)991968726
546,,69,506,U.B.S. ELSON DE MELO OLIVEIRA - BOA VISTA,00950-01,,MA 230,,,BOA VISTA,65500000,(98)982090915,(  ),ELLENCRISTINA29@HOTMAIL.COM,20220111122744,yago,20190220075214,paulo,(  )
547,,124,506,U.B.S. CORRENTE I,00951-01,,DA CORRENTE,S/N,,CENTRO,65500000,(98)981003520,(  ),,20220111122759,yago,20190220075505,paulo,(  )
549,,113,506,U.B.S. TIGELA,00953-01,,FRANCISCO RIBEIRO DE AGUIAR,S/N,,TIGELA,65500000,(98)981377383,(  ),GILIANNEAMANDA@HOTMAIL.COM,20220111122827,yago,20190220080406,paulo,(  )
550,,36,506,U.B.S. AREAL,00954-01,,JOSÉ SARNEY,S/N,,AREAL,65500000,(98)991420812,(  ),NAYKA_SILVA@HOTMAIL.COM,20220111122844,yago,20190220080642,paulo,(  )
552,,124,506,U.B.S. CATERPILER,00956-01,,DA ALEGRIA,S/N,,POSTO CATERPILER,65500000,(98)992230477,(  ),ELLENAGUIAR.EDSA@HOTMAIL.COM,20220111122858,yago,20190220081356,paulo,(  )
553,,124,506,HOSP. ANTONIO PONTES DO AGUIAR,00957-01,,JOÃO LOPES,S/N,,CENTRO,65500000,(98)991831678,(  ),,20220111122932,yago,20190220082236,paulo,(  )
555,,113,506,U.B.S. JOSÉ DE SOUSA ALMEIDA ,00959-01,,JOÃO DE DEUS LAGO CASTELO BRANCO,S/N,,CAMPO VELHO,65500000,(98)991498109,(  ),,20220111123004,yago,20190220090644,paulo,(  )
556,,113,506,U.B.S. CAIC,00960-01,,PROJETADA,,,AREAL,65500000,(98)991854387,(  ),AYNOA.ANDRADE@GMAIL.COM,20220111123022,yago,20190220091502,paulo,(  )
557,,113,659,U.B.S. MONTE CASTELO,00961-01,5476968,PRINCIPAL,,,CENTRO,65580000,(86)995884500,(  ),JESSICA-FACULDADE@HOTMAIL.COM,20220407090100,yago,20190220092837,paulo,(  )
563,,36,659,U.B.S. CAJAZEIRAS,00967-01,6330215,PRINCIPAL,,,POV. CAJAZEIRAS,65580000,(86)994163999,(  ),TAMLINHARES2@HOTMAIL.COM,20220407090235,yago,20190220100348,paulo,(  )
564,,113,659,U.B.S. BOM GOSTO,00968-01,2463792,JOAQUIM LUIS SOARES,,,POV. BOM GOSTO,65580000,(98)985308614,(  ),HENDERSONN@HOTMAIL.COM,20220407090250,yago,20190220102949,paulo,(  )
565,,69,659,U.B.S. BARRO DURO II,00969-01,2463857,MA 034,,,CENTRO,65580000,(98)996093262,(  ),AMAPRO.MAGALHAES@HOTMAIL.COM,20220407090335,yago,20190220103251,paulo,(  )
566,,113,659,U.B.S. BARRA,00970-01,5476984,DR PAULO RAMOS,,,CENTRO,65580000,(86)999457074,(  ),YARA.ANGEL@HOTMAIL.COM,20220407090350,yago,20190220103513,paulo,(  )
567,,69,659,U.B.S. BARRO DURO I,00971-01,,MA - 034,,,CENTRO,65580000,(98)988928498,(  ),AMANDA06MATOS@HOTMAIL.COM,20220407090405,yago,20190220104919,paulo,(  )
570,,139,659,U.B.S. SERIEMA,00974-01,2463849,SERIEMA,,,ZONA RURAL,65580000,(86)999630010,(  ),M_FRODRIGUES@HOTMAIL.COM,20220407090506,yago,20190220111001,paulo,(  )
571,,139,659,U.B.S. TUTOIA VELHA,00975-01,2463830,TUTOIA VELHA,,,ZONA RURAL,65580000,(98)996110011,(  ),,20220407090525,yago,20190220111301,paulo,(  )
572,,113,659,U.B.S. SÃO JOSÉ,00976-01,,RUA PRINCIPAL BAIRRO,,,SÃO JOSÉ,65580000,(98)999950672,(  ),,20220407090543,yago,20190220113157,paulo,(  )
573,,113,659,U.B.S. JARDIM,00978-01,2463814,PRINCIPAL,,,CENTRO,65580000,(86)994751038,(  ),GISELEANDRADE2003@HOTMAIL.COM,20220407090601,yago,20190220115006,paulo,(  )
584,,113,539,U.B.S. NOVA IMPERATRIZ,01006-01,,Sousa Lima,00,,Nova Imperatriz,65907150,(  ),(  ),,20220408113857,yago,20190221084718,hiago,(  )
554,,124,506,U.B.S. RENATO LIRA,00958-01,,COELHO,01,,CENTRO,65500000,(98)991552949,(  ),MAYANE.ARODRIGUES@HOTMAIL.COM,20230613112254,yago,20190220082535,paulo,(  )
586,,113,539,U.B.S. CENTRO NOVO,01008-01,,Bayma Júnior,00,,Boca da Mata,65917173,(  ),(  ),,20190221085341,hiago,20190221085341,hiago,(  )
588,,113,518,U.B.S JOSÉ DE RIBAMAR FERREIRA SANTOS,00985-01,,SATURNO,S/N,,CENTRO,65975000,(99)992029857,(  ),LO.MACEDO@HOTMAIL.COM,20190221090942,paulo,20190221090942,paulo,(  )
590,,0,488,U.B.S. BARRO BRANCO,01011-01,,POV. BARRO BRANCO,00,,Z. RURAL,65515000,(  ),(  ),,20190221091311,hiago,20190221091311,hiago,(  )
589,,0,488,U.B.S. BAIXÃO DO CEDRO,01010-01,,POV. BAIXÃO DO CEDRO,00,,Z. RURAL,65515000,(  ),(  ),,20190221091441,hiago,20190221091110,hiago,(  )
591,,0,488,U.B.S. DE CABECEIRAS,01012-01,,POV. CABECEIRAS,00,,Z. RURAL,65515000,(  ),(  ),,20190221092149,hiago,20190221092149,hiago,(  )
592,,0,488,U.B.S. DE MOCAMBINHO,01013-01,,POV. MOCAMBINHO,00,,Z. RURAL,65515000,(  ),(  ),,20190221092342,hiago,20190221092342,hiago,(  )
593,,0,488,U.B.S. DE PITOMBEIRA,01014-01,,POV. PITOMBEIRA,00,,Z. RURAL,65515000,(  ),(  ),,20190221092441,hiago,20190221092441,hiago,(  )
594,,0,488,U.B.S. BACURI DO NESTOR,01015-01,,POV. BACURI DO NESTOR,00,,Z. RURAL,65515000,(  ),(  ),,20190221092608,hiago,20190221092608,hiago,(  )
595,,0,488,U.B.S. DE MARRUAZINHO,01016-01,,POV. MARRUAZINHO,00,,Z. RURAL,65515000,(  ),(  ),,20190221092709,hiago,20190221092709,hiago,(  )
596,,113,518,U.B.S LUIZ HELIO,00986-01,,ROSEANA SARNEY,S/N,,CENTRO,65975000,(99)991655442,(  ),LAISE-BARROS@HOTMAIL.COM,20190221092853,paulo,20190221092749,paulo,(  )
493,,113,571,U.B.S. VILA ANGICAL,00897-01,,R. PRINCIPAL,S/N,,VILA ANGICAL,65936000,(99)984270265,(  ),CAMILA_FIALHO@MSN.COM,20190221101247,paulo,20190218123002,hiago,(  )
259,,113,621,HOSP SÃO BENTO,00405-01,,FELIPE CANDURU,S/N,,CENTRO,65235000,(99)991417671,(  ),HELENREGINA342@GMAIL.COM,20190221102631,paulo,20170908095401,Implantação,(99)988256654
597,,124,621,OUTRA BANDA,00987-01,,DA CRUZ,S/N,,CENTRO,65235000,(99)987219297,(  ),,20190221102845,paulo,20190221102845,paulo,(  )
598,,0,553,U.B.S. SEDE,01017-01,,R. 21 DE ABRIL ,00,,CENTRO,65718000,(  ),(  ),,20190221103150,hiago,20190221103150,hiago,(  )
577,,113,614,U.B.S. DOS TRÊS IRMÃOS,00982-01,,RUA DO COMERCIO,S/N,,CENTRO,65272000,(98)996093817,(  ),GLAUCIANEFSR@GMAIL.COM,20190329090728,carliane,20190221082625,paulo,(  )
601,,0,656,U.B.S. MARIA AMOR DO CEU,01020-01,,POV. IPU-IRU,00,,Z. RURAL,65763000,(  ),(  ),,20190221113940,hiago,20190221113940,hiago,(  )
602,,0,656,U.B.S. MARIA DO SOCORRO BILIO,01021-01,,POV. BELEM,00,,Z. RURAL,65763000,(  ),(  ),,20190221114122,hiago,20190221114122,hiago,(  )
603,,0,656,U.B.S. JOSE BIBI,01022-01,,POV. JOAQUIM DOS MELOS,00,,Z. RURAL,65763000,(  ),(  ),,20190221114221,hiago,20190221114221,hiago,(  )
168,,113,554,UBS MARTINS PIMENTEL,00723-01,6687032,MARANHAO,S/N,,CENTRO,65937000,(99)984464291,(  ),LOURDES_SRIBEIRO22@HOTMAIL.COM,20190221115233,paulo,20170908095401,Implantação,(  )
607,,0,471,U.B.S. NAZARE BORGES PEREIRA,01024-01,,POV. SÃO PAULO,00,,Z. RURAL,65270000,(  ),(  ),,20190222074743,hiago,20190222074743,hiago,(  )
609,,0,471,U.B.S. CAMPINHO,01026-01,,AV. CANDIDA MAFRA ,00,,CENTRO,56270000,(  ),(  ),,20190222075150,hiago,20190222075150,hiago,(  )
610,,0,471,U.B.S. ROSINHA MOREIRA,01027-01,,POV. TRAJANO,00,,Z. RURAL,65270000,(  ),(  ),,20190222075241,hiago,20190222075241,hiago,(  )
611,,0,471,U.B.S. MARIA CLARA PEREIRA,01028-01,,AV. PRINCIPAL,00,,CENTRO,65270000,(  ),(  ),,20190222075344,hiago,20190222075344,hiago,(  )
612,,0,597,U.B.S. PROF. MARIA DO SOCORRO,01029-01,,AV. DALETIM AGUIAR,00,,ENTRONCAMENTO,65970000,(  ),(  ),,20190222081005,hiago,20190222081005,hiago,(  )
613,,0,597,U.B.S. SÃO FRANCISCO,01030-01,,R. MATO GROSSO,00,,SÃO FRANCISCO,65970000,(  ),(  ),,20190222081053,hiago,20190222081053,hiago,(  )
615,,0,597,U.B.S. CORINA,01032-01,,R. ADALTO MOREIRA,00,,CENTRO,65970000,(  ),(  ),,20190222081316,hiago,20190222081316,hiago,(  )
616,,0,597,U.B.S. MARAVILHA,01033-01,,R. 02,00,,ASSENT. MARAVILHA,65970000,(  ),(  ),,20190222081435,hiago,20190222081435,hiago,(  )
617,,0,597,U.B.S. CICERO MARINHO DE MOURA,01034-01,,"BR MA 335, POV. COITE",00,,Z. RURAL,65970000,(  ),(  ),,20190222081541,hiago,20190222081541,hiago,(  )
618,,0,597,U.B.S. SÃO RAIMUNDO,01035-01,,BR-226,00,,Z. RURAL,65970000,(  ),(  ),,20190222081625,hiago,20190222081625,hiago,(  )
619,,0,597,U.B.S. CENTRO,01036-01,,R. ADALTO MOREIRA,00,,CENTRO,65970000,(  ),(  ),,20190222081749,hiago,20190222081749,hiago,(  )
537,,36,530,U.B.S. NEWTON BELLO,00941-01,,AVENIDA NEZINHO BRANDÃO,S/N,,CENTRO,65363000,(98)982866643,(  ),GLAUDUARTECOSTA@GMAIL.COM,20220624123516,yago,20190219115733,paulo,(  )
578,,36,614,U.B.S. MONTE DOURADO,00983-01,,JOÃO MORAIS DE SOUSA,S/N,,CENTRO,65272000,(98)999845118,(  ),DAYANNA_FERRAZ15@HOTMAIL.COM,20210903094746,yago,20190221082949,paulo,(  )
604,,113,614,U.B.S. ALTO ABEL,00988-01,,DO COMERCIO,00,,CENTRO,65272000,(99)99331395,(  ),FRANCISCAFPS1997@GMAIL.COM,20210903094808,yago,20190221121801,paulo,(  )
605,,36,614,U.B.S. VL SANTO ESTEVÃO,00989-01,,PROF. JOÃO MORAIS DE SOUSA,00,,CENTRO,65272000,(86)988788767,(  ),MAYARA_PRISCILLA@HOTMAIL.COM,20210903094842,yago,20190221121957,paulo,(  )
600,,0,487,U.B.S. IGARAPÉ DO MEIO,01019-01,,R. PRINCIPAL,00,,POV. IGARAPÉ DO MEIO,65315000,(98)991730797,(  ),,20211221111106,yago,20190221113531,hiago,(  )
599,,0,487,U.B.S. DE PALESTINA,01018-01,,R. PRINCIPAL,00,,POV. PALESTINA,65315000,(98)991730797,(  ),,20211221111138,yago,20190221113319,hiago,(  )
606,,0,471,U.B.S. IRMÃ CLARA,01023-01,,R. PRESD. KENNEDY,00,,CENTRO,65270000,(  ),(  ),,20211228095629,yago,20190222074644,hiago,(  )
608,,0,471,U.B.S. JOSE LIMA ,01025-01,,POV. PORTUGAL,,,Z. RURAL,65270000,(  ),(  ),,20211228095752,yago,20190222075033,hiago,(  )
614,,0,597,U.B.S. VILA LOBÃO CARMELINA,01031-01,,R. ESPLANADA,00,,V. LOBÃO,65970000,(  ),(  ),,20220114121207,yago,20190222081221,hiago,(  )
568,,113,659,U.B.S. SANTANA DOS CARVALHOS,00972-01,2463863,ZONA RURAL,,,ZONA RURAL,65580000,(86)999409044,(  ),,20220407090426,yago,20190220105619,paulo,(  )
569,,139,659,U.B.S. SÃO BENTO,00973-01,2463881,SÃO BENTO,,,ZONA RURAL,65580000,(86)988394601,(  ),,20220407090451,yago,20190220105855,paulo,(  )
574,,0,659,U.B.S. COMUM,00979-01,6132228,R. DA FELICIDADE,00,,CENTRO,65580000,(  ),(  ),,20220407090620,yago,20190221081407,hiago,(  )
587,,113,539,U.B.S. VILA NOVA,01009-01,,Dom Marcelino,00,,Vila Nova,65912190,(  ),(  ),,20220408113755,yago,20190221085554,hiago,(  )
620,,0,597,U.B.S. DORIVAL HILBERTO M. MILHOMEM,01037-01,,R. SÃO PAULO,00,,VILA NOVA,65970000,(  ),(  ),,20190226114841,carliane,20190222082023,hiago,(  )
622,,36,592,U.B.S ALINE SALGADO,01039-01,,ELIAS HAICKEL/ RESP. LIDYANE SOUZA RIBEIRO,,,CENTRO,65370000,(98)987049349,(  ),LIDY_RIBEIRO88@HOTMAIL.COM,20190227105250,carliane,20190227105250,carliane,(  )
623,,36,592,U.B.S CAMPO AGRICOLA,01040-01,,ELIAS HAICKEL/ RES. LIDYANE SOUZA RIBEIRO,,,CENTRO,65370000,(98)987049349,(  ),LIDY_RIBEIRO88@HOTMAIL.COM,20190227105400,carliane,20190227105400,carliane,(  )
624,,36,592,U.B.S CALANGO,01041-01,,ELIAS HAICKEL/ RESP. LIDYANE SOUZA RIBEIRO,,,CENTRO,65370000,(98)987049349,(  ),LIDY_RIBEIRO88@HOTMAIL.COM,20190227105509,carliane,20190227105509,carliane,(  )
626,,36,592,U.B.S FORMOSA,01043-01,,ELIAS HAICKEL/ RESP. LIDYANE SOUZA RIBEIRO,,,CENTRO,65370000,(98)987049349,(  ),LIDY_RIBEIRO88@HOTMAIL.COM,20190227105719,carliane,20190227105719,carliane,(  )
627,,36,592,U.B.S GUAJAJARAS,01044-01,,ELIAS HAICKEL/ RESP. LIDYANE SOUZA RIBEIRO,,,CENTRO,65370000,(98)987049349,(  ),LIDY_RIBEIRO88@HOTMAIL.COM,20190227105833,carliane,20190227105833,carliane,(  )
628,,36,592,U.B.S. LAGES (Z. RURAL),01045-01,,ELIAS HACKEL/ RESP. LIDYANE SOUZA RIBEIRO,,,CENTRO,65370000,(98)987049349,(  ),LIDY_RIBEIRO88@HOTMAIL.COM,20190227105935,carliane,20190227105935,carliane,(  )
629,,36,592,U.B.S MORADA NOVA (Z. RURAL),01046-01,,ELIAS HAICKEL/ RESP. LIDYANE SOUZA RIBEIRO,,,CENTRO,65370000,(98)987049349,(  ),LIDY_RIBEIRO88@HOTMAIL.COM ,20190227110059,carliane,20190227110059,carliane,(  )
621,,36,592,U.B.S AREIAS (Z. RURAL),01038-01,,ELIAS HAICKEL ,,LDYANE SOUZA RIBEIRO,CENTRO,65370000,(98)987049349,(  ),LIDY_RIBEIRO88@HOTMAIL.COM,20190227110159,carliane,20190227104800,carliane,(  )
630,,36,592,U.B.S PALMEIRA,01047-01,,ELIAS HAICKEL/ RESP. LIDYANE SOUZA RIBEIRO,,,CENTRO,65370000,(98)987049349,(  ),LIDY_RIBEIRO88@HOTMAIL.COM,20190227110323,carliane,20190227110323,carliane,(  )
631,,36,3592,U. B. S PITOMBEIRA,01048-01,,ELIAS HAICKEL/ RESP. LIDYANE SOUZA RIBEIRO,,,CENTRO,65370000,(98)987049349,(  ),LIDY_RIBEIRO88@HOTMAIL.COM,20190227110430,carliane,20190227110430,carliane,(  )
632,,36,592,U.B.S ROSEANA SARNEY ,01049-01,,ELIAS HAICKEL/ RESP. LIDYANE SOUZA RIBEIRO,,,CENTRO,65370000,(98)987049349,(  ),LIDY_RIBEIRO88@HOTMAIL.COM,20190227110536,carliane,20190227110536,carliane,(  )
635,,0,569,U.B.S. MARIA JOSE GONÇALVES,01052-01,,AV. MARIA FIRMINA ,151,,CENTRO ,65265000,(  ),(  ),,20190314080155,hiago,20190314080155,hiago,(  )
636,,113,612,U.B.S JARDIM BRASILIA,01060-01,,RIO DE JANEIRO,S/N,,JARDIM BRASILIA,65301052,(98)991024549,(  ),,20190314080301,paulo,20190314080301,paulo,(  )
637,,113,612,U.B.S BOM FUTURO,01061-01,,GRANDE,S/N,,ZONA RURAL,65300000,(98)982165967,(  ),ALYNE_CAM.POSS@HOTMAIL.COM,20190314080625,paulo,20190314080625,paulo,(  )
643,,0,516,U.B.S. DO FERRO,01056-01,,POV. FERRO,,,Z. RURAL,65620000,(  ),(  ),,20190314081217,hiago,20190314081217,hiago,(  )
644,,36,612,U.B.S AEROPORTO,01064-01,,LUIS BARROS ELOUF,S/N,,AEROPORTO,65302040,(98)983285821,(  ),VIVIANEMARTINS7@HOTMAIL.COM,20190314081405,paulo,20190314081405,paulo,(  )
648,,113,612,U.B.S CANÃA,01067-01,,BALBINO ROLIM,S/N,,ADELAIDE CABRAL,65300730,(98)981394181,(  ),ARTEDETO@HOTMAIL.COM,20190314082438,paulo,20190314082438,paulo,(  )
649,,36,612,U.B.S VILA CONCEIÇÃO,01068-01,,BRASIL,S/N,,MUTIRÃO,65302585,(98)991623431,(  ),,20190314082744,paulo,20190314082744,paulo,(  )
652,,139,612,U.B.S BOM JESUS,01070-01,,BOM JESUS,S/N,,ZONA RURAL,65300000,(98)982200332,(  ),,20190314083332,paulo,20190314083332,paulo,(  )
653,,0,635,U.B.S. ITAPERA,01059-01,,AV. PRINCIPAL ,00,,ITAPERA,65099040,(  ),(  ),,20190314084052,hiago,20190314084052,hiago,(  )
657,,0,563,U.B.S. SEDE,01074-01,,AV. MAJOR HERECLITO,00,,CENTRO,65218000,(  ),(  ),,20190314113037,hiago,20190314113037,hiago,(  )
658,,113,612,U.B.S VILA MILITAR,01090-01,,SÃO LUIS,S/N,,JARDIM NOVA ERA,65306105,(98)984063455,(  ),,20190314113046,paulo,20190314113046,paulo,(  )
659,,36,612,U.B.S PALMEIRA,01091-01,,MUNIZ ,S/N,,BAIRRO DO CÉU,65302410,(98)991721999,(  ),SAMAKS@LIVE.COM,20190314113300,paulo,20190314113300,paulo,(  )
660,,113,612,U.B.S COHEB,01092-01,,SÃO JORGE,S/N,,COHEB,65304149,(98)981470861,(  ),ANNAKANDINELLE@HOTMAIL.COM,20190314113747,paulo,20190314113747,paulo,(  )
661,,0,562,U.B.S. POLICLINICA MANOEL GARRETO DE SOUSA,01075-01,,R. RENATO ARCHER ,00,,CENTRO ,65510000,(  ),(  ),,20190314113950,hiago,20190314113950,hiago,(  )
641,,113,612,U.B.S BARRO VERMELHO,01063-01,,CACAU,S/N,POVOADO BARRO VERMEL,ZONA RURAL,65300000,(98)992001311,(  ),ALAYSACLARICE@GMAIL.COM,20241114083316,thaiane,20190314081104,paulo,(  )
645,,113,612,U.B.S. DJALMA MARQUES,01065-01,,21 DE AGOSTO,361,,CENTRO,65300019,(98)988850706,(  ),LULUSOUSA23@HOTMAIL.COM,20220824111630,yago,20190314081648,paulo,(  )
651,,139,612,U.B.S SÃO JOSE DO ATERRADO,01069-01,,SÃO JOSPE DO ATERRADO,S/N,,ZONA RURAL,65300000,(98)981698002,(  ),,20220824111658,yago,20190314083047,paulo,(  )
625,,36,592,U.B.S CIBRAZEM ,01042-01,,ELIAS HAICKEL ,,,CENTRO,65370000,(98)987444388,(  ),MARIARAIMUNDABFURTADO@GMAIL.COM,20210716091417,yago,20190227105618,carliane,(  )
639,,113,612,U.B.S. SABAK II,01062-01,,GOIAS,S/N,,SABAK,65306550,(98)981428115,(  ),IVANETESANTOS2005@HOTMAIL.COM,20220405104533,yago,20190314080825,paulo,(  )
634,,0,598,U.B.S. CATEAUA,01051-01,,POV. CATEAUA,00,,Z. RURAL,65263000,(98)985662470,(  ),,20220519084623,yago,20190314075619,hiago,(  )
285,,113,635,CENTRO DE SAÚDE VILA ITAMAR,00513-01,2458179,2,S/N,,VILA ITAMAR,65090044,(98)987539425,(  ),CENTRODESAUDEVILAITAMAR@GMAIL.COM,20240205151843,thalyta,20170908095401,Implantação,(  )
642,,0,516,U.B.S. DO POV. ORFÃOS,01055-01,,POV. ORFÃOS,00,,Z. RURAL,65620000,(86)999826576,(  ),MONITORAMENTO@GMAIL.COM,20231002081444,yago,20190314081127,hiago,(  )
655,,0,635,C. S. NAZARÉ NEIVA,01072-01,,R. 15,00,,CONJ. SÃO RAIMUNDO,65058230,(  ),(  ),,20240819090538,thalyta,20190314111004,hiago,(  )
640,,0,516,U.B.S. POV. MOCAMBO DOS MARQUES,01054-01,,POV. MOCAMBO DOS MARQUES,00,,Z. RURAL ,65620000,(86)999826576,(  ),MONITORAMENTO@GMAIL.COM,20231017104527,thalyta,20190314081029,hiago,(  )
647,,36,635,C. S. VILA NOVA,01057-01,,PRAÇA RAIMUNDO DE SOUSA GOMES ,,,VILA NOVA,65082667,(  ),(  ),,20241021094134,thalyta,20190314082202,hiago,(  )
656,,113,635,C.S. MARIA DE LOURDES RODRIGUES,01073-01,,Bom Jardim,385,,Rio Grande,65091775,(  ),(  ),,20250109082819,thalyta,20190314111409,hiago,(  )
654,,36,635,U.S.F SANTA EFIGENIA,01071-01,,João Alberto,02,,Santa Efigênia,65058738,(  ),(  ),,20250121093829,thalyta,20190314110437,hiago,(  )
662,,0,562,U.B.S.  CLINICA DA FAMILIA MARIA DA PENHA,01076-01,,POV. BOM SUCESSO,00,,Z. RURAL,65510000,(  ),(  ),,20190314114058,hiago,20190314114058,hiago,(  )
663,,113,612,U.B.S SABBAK,01093-01,,JUSCELINO KUBITSCHEK,S/N,,SABBAK,65306510,(98)981541466,(  ),LUANABCARVALHO@HOTMAIL.COM,20190314114141,paulo,20190314114141,paulo,(  )
664,,0,562,U.B.S. CLINICA DA FAMILIA ANA LUCIA,01077-01,,POV. CIDADE NOVA,00,,Z. RURAL,65510000,(  ),(  ),,20190314114220,hiago,20190314114220,hiago,(  )
666,,0,562,U.B.S.  POLICLINICA LUIS BRANDÃO ,01079-01,,R. ENATO ARCHER,,,,65510000,(  ),(  ),,20190314114610,hiago,20190314114610,hiago,(  )
667,,36,612,U.B.S VILA MARCONY,01094-01,,CABRAL,S/N,,VILA MARCONY,65304270,(98)984166470,(  ),,20190314114612,paulo,20190314114612,paulo,(  )
669,,113,612,U.B.S SÃO BENEDITO,01095-01,,SÃO BENEDITO,S/N,,SÃO BENEDITO,65300320,(98)982041784,(  ),LALABARROS003@HOTMAIL.COM,20190314114800,paulo,20190314114800,paulo,(  )
674,,0,499,U.B.S. ESTEVÃO PRADO ARAUJO,01082-01,,POV. CANA BRAVA,,,Z. RURAL ,65980000,(  ),(  ),,20190320071515,hiago,20190320071515,hiago,(  )
676,,0,499,U.B.S. DR. JOSE DA SILVA VARÃO,01084-01,,R. SÃO JOSE,,,ALTO COLINA,65980000,(  ),(  ),,20190320071824,hiago,20190320071824,hiago,(  )
678,,0,499,U.B.S. CRISTINO JOSE LIMEIRA,01086-01,,POV. SÃO JOSE DOS PEREIRAS,00,,Z. RURAL,65980000,(  ),(  ),,20190320072041,hiago,20190320072041,hiago,(  )
646,,139,612,U.B.S CALANGO,01066-01,,CATALANGO,S/N,,ZONA RURAL,65300000,(98)981676405,(  ),VITORTHAGORE2017@HOTMAIL.COM,20190325090630,carliane,20190314082141,paulo,(  )
672,,139,499,U.B.S LUÍS DA SILVA BRAGA,01098-01,,CANTO GRANDE,S/N,,ZONA RURAL,65980000,(99)982254160,(  ),,20190325091450,hiago,20190314121408,paulo,(  )
665,,0,562,U.B.S. CLINICA DA FAMILA MARIANO HENRIQUE GUIMARÃES,01078-01,,POV. ANAJAZAL,,,Z. RURAL,65510000,(  ),(  ),,20190329084910,carliane,20190314114440,hiago,(  )
668,,0,562,U.B.S. CLINICA DA FAMILIA RAIMUNDO SOUSA SILVA,01080-01,,POV. SANTA RITA,00,,Z. RURAL,65510000,(  ),(  ),,20190329084942,carliane,20190314114732,hiago,(  )
679,,0,499,U.B.S. MANOEL FIRMINO DE MOURA,01087-01,,R. BRIGADEIRO EDUARDO GOMES,,,TICONCA,65980000,(  ),(  ),,20190320072208,hiago,20190320072208,hiago,(  )
680,,0,452,U.B.S. COQUEIRO,01099-01,3491064,POV. COQUEIRO ,,,Z. RURAL ,65578000,(  ),(  ),,20190320080527,hiago,20190320080527,hiago,(  )
681,,0,452,U.B.S. SALGADINHO,01100-01,,POV. SALGADINHO,00,,Z. RURAL,65578000,(  ),(  ),,20190320080634,hiago,20190320080634,hiago,(  )
682,,0,452,U.B.S. CANA BRAVA,01101-01,,R. NEIDE COSTA,00,,CENTRO ,65578000,(  ),(  ),,20190320080750,hiago,20190320080750,hiago,(  )
684,,0,452,E.S.F. FREXEIRAS,01103-01,,POV. FREXEIRAS,00,,Z. RURAL,65578000,(  ),(  ),,20190320081004,hiago,20190320081004,hiago,(  )
685,,0,475,U.B.S. ALVORADA,01104-01,,AV. 01,00,,VILA ALVORADA,65950000,(  ),(  ),,20190320081754,hiago,20190320081754,hiago,(  )
686,,0,475,U.B.S.  SANTA MARIA,01105-01,,R. RIO JURUA ,00,,TRISIDELA,65950000,(  ),(  ),,20190320081836,hiago,20190320081836,hiago,(  )
687,,0,475,U.B.S. NOSSA SENHORA APARECIDA,01106-01,,R. DEODORO ARRUDA,90,,ARATICUM,65950000,(  ),(  ),,20190320081934,hiago,20190320081934,hiago,(  )
689,,0,658,U.B.S. SANTA LUZIA,01108-01,,R. DA PAVÃO ,00,,SANTA LUZIA,65276000,(  ),(  ),,20190320091941,hiago,20190320091941,hiago,(  )
690,,0,590,U.B.S. SÃO JOÃO ,01109-01,,R. SÃO JOÃO ,00,,CENTRO ,65245000,(  ),(  ),,20190320092212,hiago,20190320092212,hiago,(  )
691,,0,617,U.B.S. COQUEIRO,01110-01,,POV. COQUEIRO ,,,Z. RURAL,65555000,(  ),(  ),,20190320093402,hiago,20190320093402,hiago,(  )
692,,0,617,U.B.S. SÃO JOÃO ,01111-01,,POV. SÃO JOÃO,,,Z. RURAL ,65555000,(  ),(  ),,20190320093454,hiago,20190320093454,hiago,(  )
693,,0,617,U.B.S. SÃO JOSE,01112-01,,POV. BAIXA FUNDA,,,Z. RURAL ,65555000,(  ),(  ),,20190320093619,hiago,20190320093619,hiago,(  )
694,,0,617,U.B.S. CABECEIRAS DO MAGU,01113-01,,POV. CABECEIRAS DO MAGU,00,,Z. RURAL ,65555000,(  ),(  ),,20190320093730,hiago,20190320093730,hiago,(  )
4,,113,452,MARIA CREUZA- APAE ,00594-01,5430976,LOURENÃO VIEIRAZ                            ,S/N,,CENTRO,     ,(  ),(  ),,20190325082459,carliane,20170908095401,Implantação,(  )
696,,0,452,E.S. CURVINHA,01102-01,,POV. CURVINHA,00,,Z. RURAL,65578000,(98)987094798,(  ),,20190325084100,hiago,20190325084100,hiago,(  )
698,,0,591,C.S. N.S. DAS GRAÇAS E BOM CAMINHO,01116-01,,R. DO CAMPO GERALDÃO,00,,CENTRO,65651800,(  ),(  ),,20190325111135,hiago,20190325111135,hiago,(  )
699,,0,591,U.B.S. MARIA DO CARMO DA SILVA,01117-01,,AV. RODOVIARIA,00,,POV. LIVRAMENTO,65180000,(  ),(  ),,20190325111300,hiago,20190325111300,hiago,(  )
700,,0,591,U.B.S. MESSIAS FERREIRA,01118-01,,R. DO TRILHO ,00,,POV. INDEPENDENCIA,65180000,(  ),(  ),,20190325111400,hiago,20190325111400,hiago,(  )
701,,0,591,U.B.S. VERA LUCIA DE SOUSA,01119-01,,POV. PRECATEIRA,00,,Z. RURAL,65180000,(  ),(  ),,20190325111447,hiago,20190325111447,hiago,(  )
677,,101,499,U.B.S. RICARDINA SILVA DE OLIVEIRA,01085-01,,CONSTANCIO GOMES/CARINA SANTOS,S/N,,BREJINHO,65980000,(99)982003879,(  ),ENFERMEIRASUZANE@HOTMAIL.COM,20230810155245,thalyta,20190320071934,hiago,(  )
695,,113,592,U.B.S PITOMBEIRA,01114-01,,R. CANADA,S/N,,CENTRO,65370000,(98)986039171,(  ),SIMOONIYY@GMAIL.COM,20210716091203,yago,20190321082502,carliane,(  )
697,,124,611,U.B.S. JOSE JINKINGS LEITE,01115-01,,SEN. ALEXANDRE COSTA/ RESP. HERIKA CIARA MARTINS,S/N,,,65208000,(98)981928151,(  ),,20210810082651,yago,20190325084920,carliane,(  )
675,,0,499,U.B.S. ALCIDES COELHO ESPINDOLA,01083-01,,POV. BURITIRANA,00,,Z. RURAL,65980000,(99)985502318,(  ),RAFA.ENFERMEIRA5@GMAIL.COM,20240418112541,yago,20190320071636,hiago,(  )
688,,36,598,U.B.S. RIO GRANDE,01107-01,,AV. BETEL,00,PROX. AO HOSPITAL,CENTRO,65263000,(98)998443677,(  ),,20220519084811,yago,20190320082714,hiago,(  )
683,,113,635,U.S.F. SANTA CLARA,01590-01,,R. LUCY SARNEY,19,,VL SANTA CLARA,65010000,(  ),(  ),SANTACLARAUSF@GMAIL.COM,20250324082305,thalyta,20190320080908,hiago,(  )
671,,113,499,U.B.S MELINA DOS SANTOS ,01097-01,,BENEDITO LEITE,57,,CENTRO,65980000,(99)998205964,(  ),ENFERMEIRASUZANE@HOTMAIL.COM,20230810095442,thalyta,20190314120259,paulo,(  )
670,,139,499,U.B.S. SÃO JOÃO DAS CACHOEIRAS,01096-01,,ITAPECURU,S/N,,ZONA RURAL,65980000,(98)988645240,(  ),NOEMAGOES@HOTMAIL.COM,20240418112358,yago,20190314115508,paulo,(  )
376,,113,635,C.S. OLÍMPICA II,00780-01,,R. 16,S/N,Q-182 BL- C,CIDADE OLIMPICA,65058320,(98)988280784,(  ),CSOLIMPICAII@GMAIL.COM,20250116114348,thalyta,20190116105854,carliane,(  )
702,,0,591,U.B.S. CECILIA MARIA DA CONCEIÇÃO,01120-01,,POV. SÃO JOÃO DAS NEVES,00,,Z. RURAL,65180000,(  ),(  ),,20190325111652,hiago,20190325111652,hiago,(  )
703,,0,591,U.B.S. PADRE CLAUDIO,01121-01,,POV. LEVADA,00,,Z. RURAL,65180000,(  ),(  ),,20190325111804,hiago,20190325111804,hiago,(  )
704,,0,568,P.S.F.S.B. TRINGULO,01122-01,,R. DO TRIANGULO ,00,,CRISTOVÃO CAMILO,65495000,(  ),(  ),,20190325115146,hiago,20190325115146,hiago,(  )
705,,0,568,P.S.F.S.B. SANTA CRUZ II,01123-01,,R. NOVA,00,,CENTRO,65495000,(  ),(  ),,20190325115358,hiago,20190325115358,hiago,(  )
706,,0,568,P.S.F.S.B. BAIRRO NOVO II,01124-01,,AV. VERA CRUZ,00,,BAIRRO NOVO ,65495000,(  ),(  ),,20190325115545,hiago,20190325115545,hiago,(  )
708,,0,568,P.S.F.S.B. PINDOVAL,01126-01,,BR. 135,00,,POV. PINDOVAL,65495000,(  ),(  ),,20190325115852,hiago,20190325115852,hiago,(  )
709,,0,568,U.B.S. SANTA CRUZ I,01127-01,,R. DA PRIMAVERA,00,,CENTRO,65495000,(  ),(  ),,20190325115945,hiago,20190325115945,hiago,(  )
710,,0,568,P.S.F.S.B.  SANTA BARBARA,01128-01,,1ª TRAV. DA RUA SÃO PEDRO,00,,SANTA BARBARA,65495000,(  ),(  ),,20190325120112,hiago,20190325120112,hiago,(  )
711,,0,568,P.S.F.S.B. BAIRRO NOVO I,01129-01,,R. 13 DE MAIO ,00,,CENTRO ,65495000,(  ),(  ),,20190325120203,hiago,20190325120203,hiago,(  )
712,,0,661,C.E.A.C,01130-01,,R. NOVA,00,,CENTRO,65430000,(  ),(  ),,20190325121055,hiago,20190325121055,hiago,(  )
713,,0,620,U.B.S. ISABEL L. DA SILVA,01131-01,,R. DAS FLORES,00,,TRIZIDELA,65440000,(  ),(  ),,20190325121934,hiago,20190325121934,hiago,(  )
714,,0,603,HOSP. MUN. CARLOS VIDAL,01132-01,,R. SÃO JORGE,00,,PRESD. VARGAS,65455000,(  ),(  ),,20190325123723,hiago,20190325123723,hiago,(  )
234,,113,602,POSTO S.DE TRES FURO,00514-01,,TRES FUROS,S/N,,CENTRO,65205000,(  ),(  ),,20190325130405,hiago,20170908095401,Implantação,(  )
718,,113,619,U.B.S CENTRO DOS RODRIGUES,01136-01,,EUCLIDES,00,,CENTRO DOS RODRIGUES,65730000,(99)982221931,(  ),,20190328111523,paulo,20190328111523,paulo,(  )
720,,139,619,U.B.S DE PACAS,01138-01,,POVOADOS DAS PACAS,00,,ZONA RURAL,65730000,(99)981083777,(  ),,20190328112653,paulo,20190328112653,paulo,(  )
721,,113,619,U.B.S LAGOA NOVA,01139-01,,GRANDE ,00,,LAGOA NOVA,65730000,(99)91141649,(  ),,20190328112947,paulo,20190328112947,paulo,(  )
723,,36,467,U.B.S LUIS MAGNO CARNEIRO,01141-01,,DA SAUDADE,00,,CENTRO,65480000,(98)981125748,(  ),,20190328114251,paulo,20190328114251,paulo,(  )
726,,69,467,U.B.S BUBASA,01142-01,,BR 222,00,,ZONA RURAL,65480000,(98)999730863,(  ),,20190328114622,paulo,20190328114622,paulo,(  )
729,,69,467,U.B.S DA COREIA,01143-01,,BR 222,00,,ZONA RURAL,65480000,(99)981558164,(  ),,20190328114809,paulo,20190328114809,paulo,(  )
732,,101,467,HOSPITAL JORGE OLIVEIRA,01145-01,,MAJOR PESTANA,00,,CRUZEIRO,65480000,(98)981921020,(  ),,20190328115146,paulo,20190328115146,paulo,(  )
734,,139,467,U.B.S ANTONIA GARROS COSTA - FELIX,01146-01,,FELIX,00,,ZONA RURAL,65480000,(98)981020101,(  ),,20190328115318,paulo,20190328115318,paulo,(  )
735,,113,467,U.B.S JURANDIR ARAUJO AIROS - PERIMIRIM,01147-01,,DA ALEGRIA,00,,PERIMIRIM,65480000,(  ),(  ),,20190328115616,paulo,20190328115616,paulo,(  )
730,,139,467,U.B.S Mª DA CONCEIÇÃO LOPES BATALHA BONFIM,01144-01,,BONFIM,00,,ZONA RURAL,65480000,(98)984591633,(  ),,20190328120006,paulo,20190328115014,paulo,(  )
739,,113,467,U.B.S JOÃO GREGORIO OLIVEIRA PIRES,01157-01,,AURELIANO DO VALE,00,,ZONA RURAL,65480000,(  ),(  ),,20190328120232,paulo,20190328120232,paulo,(  )
126,,113,529,HOSPITAL MISTA PEDRO FERREIRA CALADO,00493-01,2460564,PRESIDENTE JUSCELINO,S/N,,CENTRO,65795000,(99)991661511,(  ),RENATAANTUNES264@GMAIL.COM,20190329085436,carliane,20170908095401,Implantação,(99)988297651
741,,113,634,U.B.S SÃO JOSÉ,01159-01,,PIAUI,00,,CENTRO,65762000,(99)984076728,(  ),DUCINEIABISPO123@GMAIL.COM,20190329103530,paulo,20190329103530,paulo,(  )
743,,139,634,U.B.S SANTA LUZIA,01161-01,,SANTA LUZIA,00,,ZONA RURAL,65762000,(99)984081010,(  ),,20190329103749,paulo,20190329103749,paulo,(  )
744,,36,560,U.B.S AFONSO CORDEIRO,01162-01,,DEPUTADO RAIMUNDO LEAL,00,,CENTRO,65714000,(98)984461070,(  ),KEZIAAV519@GMAIL.COM,20190329104530,paulo,20190329104530,paulo,(  )
740,,113,543,U.B.S. BENTO ANTONIO DA SILVA,01158-01,,RUA DO CAMPO,00,,CENTRO,65693000,(99)992023079,(  ),,20210913115303,yago,20190329103125,paulo,(  )
716,,139,619,U.B.S. LIVRAMENTO,01134-01,,POVOADO LIVRAMENTO,00,,ZONA RURAL,65730000,(99)982342971,(  ),,20220117093202,yago,20190328111152,paulo,(  )
717,,113,619,U.B.S. RAIMUNDO PEREIRA BARBOSA,01135-01,,PRINCIPAL,00,,CENTRO,65730000,(99)981441817,(  ),,20220117093225,yago,20190328111344,paulo,(  )
719,,139,619,U.B.S. OLHO D AGUA,01137-01,,OLHO DAGUA,01,,ZONA RURAL,65730000,(99)991111597,(  ),,20220117093245,yago,20190328112035,paulo,(  )
715,,0,477,U.B.S. ANTONIO OLIVEIRA MARQUES,01133-01,,AV. 01 DE JANEIRO ,00,,CENTRO ,65535000,(  ),(  ),,20220308081909,yago,20190325124254,hiago,(  )
736,,139,467,U.B.S. RAIMUNDO LUCILIO DA SILVA,01148-01,,MORADA NOVA,00,,ZONA RURAL,65480000,(  ),(  ),,20220309113711,yago,20190328115802,paulo,(  )
738,,69,467,U.B.S WALDIR GAMA MARTINS ,01156-01,,BR 222,00,,ZONA RURAL,65480000,(  ),(  ),,20220309113733,yago,20190328120136,paulo,(  )
115,,113,520,U.B.S. JOSE ZACARIAS ALMEIDA,00549-01,,PRINCIPAL,S/N,,CENTRO,65965000,(  ),(  ),,20230208080223,yago,20170908095401,Implantação,(  )
737,,139,467,U.B.S JOSÉ DE RIBAMAR BATALHA,01149-01,,MOITOS,00,,CENTRO,65480000,(  ),(  ),,20230303075717,yago,20190328115914,paulo,(  )
707,,0,568,UNID. BASICA CAMPESTRE,01125-01,,POV. CAMPESTRE,00,,Z. RURAL,65495000,(  ),(  ),,20230601152241,thalyta,20190325115800,hiago,(  )
731,,0,462,C.S. ISAAC FRANCISCO MONTELES,01154-01,,R. SENADOR JOSE SARNEY,00,,BAIRRO DA TORRE,65525000,(98)984329112,(  ),TESTE.PEZINHO.ANAPURUS@GMAIL.COM,20231026113106,yago,20190328115055,hiago,(  )
733,,0,462,U.B.S.F. RAIMUNDO CUSTODIO DE OLIVEIRA,01155-01,,POV. GUADALUPE,00,,Z. RURAL,65525000,(98)984239112,(  ),TESTE.PEZINHO.ANAPURUS@GMAIL.COM,20231026113156,yago,20190328115245,hiago,(  )
724,,0,462,U.B.S.F. DEDICE LOPES DA SILVA,01150-01,,POV. ANGICAL,00,,Z. RURAL,65525000,(98)984329112,(  ),TESTE.PEZINHO.ANAPURUS@GMAIL.COM,20231026113233,yago,20190328114357,hiago,(  )
727,,0,462,U.B.S.F. JOSE ANT. MARQUE DE FERIAS,01152-01,,POV. AGUA RICA,00,,Z. RURAL,65525000,(98)984329112,(  ),TESTE.PEZINHO.ANAPURUS@GMAIL.COM,20231026113316,yago,20190328114712,hiago,(  )
745,,112,584,U.B.S. JESUINO PEREIRA DA SILVA,01163-01,,"BR 230, POVOADO CAMPO AGRICOLA",,,ZONA RURAL,65870000,(98)988129496,(  ),,20190520175925,francisco,20190520152220,francisco,(  )
747,,36,584,U.B.S. LUZIA FERREIRA MOTA,01165-01,,JOAO PESSOA,,,,65870000,(99)988130086,(  ),,20190520180507,francisco,20190520180507,francisco,(  )
748,,54,584,U.B.S. FAZENDINHA,01166-01,,FAZENDINHA,,,ZONA RURAL,65870000,(89)988072429,(  ),,20190520180700,francisco,20190520180700,francisco,(99)984432817
749,,113,599,C.S. DR. OLARICO PACHECO,01167-01,,ENGENHO RUI MESQUITA,,,CENTRO,65765000,(99)991512558,(  ),,20190520181256,francisco,20190520181256,francisco,(99)992125344
750,,124,599,U.B.S. TONICO FIGUEIREDO,01168-01,,ADALBERTO MACEDO,,,,65765000,(99)981188521,(  ),,20190520181547,francisco,20190520181547,francisco,(  )
751,,113,474,U.B.S. MATEUS HENRIQUE,01169-01,,PRINCIPAL,,,,65660000,(89)994131509,(  ),,20190520181949,francisco,20190520181949,francisco,(  )
752,,54,474,U.B.S. NOSSA SENHORA APARECIDA,01170-01,,COCAUBA DOS LOPES,,,ZONA RURAL,65660000,(  ),(  ),,20190520182125,francisco,20190520182125,francisco,(  )
753,,54,474,U.B.S. MANGA,01171-01,,MANGA,,,ZONA RURAL,65660000,(  ),(  ),,20190520182318,francisco,20190520182318,francisco,(  )
754,,54,474,U.B.S. AURELIANO RIBEIRO,01172-01,,CORRENTE,,,ZONA RURAL,65660000,(  ),(  ),,20190520182422,francisco,20190520182422,francisco,(  )
755,,54,474,U.B.S. VALDINAR ALVES DOS SANTOS,01173-01,,LAMEIRAO,,,ZONA RURAL,65660000,(  ),(  ),,20190520182554,francisco,20190520182554,francisco,(  )
756,,54,474,U.B.S. JOSE PEREIRA BARBOSA,01174-01,,LOCALIDADE ,,,ZONA RURAL,65660000,(  ),(  ),,20190520182845,francisco,20190520182845,francisco,(  )
757,,113,474,U.B.S. FELICIANO CARDOSO,01175-01,,PAULO RAMOS,,,,65660000,(  ),(  ),,20190520183025,francisco,20190520183025,francisco,(  )
758,,113,474,U.B.S. PEDRO QUEIROZ RIBEIRO,01176-01,,JOCANIOS REZENDE,,,,65660000,(  ),(  ),,20190520183152,francisco,20190520183152,francisco,(  )
759,,36,474,U.B.S. C. ESP. DR. SEBASTIAO MARTINS,01177-01,,AGRIPINO SILVERIO GALVAO,,,,65660000,(  ),(  ),,20190520183344,francisco,20190520183344,francisco,(  )
760,,0,479,U.B.S. COCOS,01178-01,,AV. PEDRO MACARIO,00,POV. COCOS,Z. RURAL,65885000,(99)984178489,(  ),,20190521084836,hiago,20190521084836,hiago,(  )
742,,139,634,U.B.S MORADA NOVA,01160-01,,MORADA NOVA,00,,ZONA RURAL,65762000,(86)995837561,(  ),ZAYANNE.BARROS@HOTMAIL.COM,20190521085312,hiago,20190329103655,paulo,(  )
245,,113,610,UNIDADE MISTA ADÃO GOMES,00528-01,2461633,VALENTIM GOMES,S/N,RES.RENAN CARVALHO,CENTRO,65768000,(99)991250821,(  ),,20190612143115,carliane,20170908095401,Implantação,(99)984420435
48,,113,488,C.S. OSVALDO FARIAS,00328-01,6288847,CONDOCA MACHADO,127,,CENTRO,65515000,(  ),(  ),edinalva.slz@gmail.com,20210523090243,yago,20170908095401,Implantação,(  )
746,,54,584,U.B.S. ALEXANDRE CAMAPUM FILHO,01164-01,,LAGOA DO BOI,,,ZONA RURAL,65870000,(98)988613135,(  ),,20210813093323,yago,20190520175720,francisco,(  )
94,,36,510,U.B.S. DR OSANO BRANDÃO- MÓDULO,00474-01,2451913,CORONEL TRJANO BRANDAO ,S/N,RES.JORDANA AMORIM,CENTRO,65690000,(99)982501060,(  ),JORDANA_AMORIM@HOTMAIL.COM,20211020123158,yago,20170908095401,Implantação,(  )
775,,54,510,U.B.S. SÃO FÉLIX,01192-01,,POV. SÃO FÉLIX,S/N,RES.FRANCISLEIA LIMA,Z. RURAL,65690000,(99)988244831,(  ),FRANCISLEIA123LIMA@HOTMAIL.COM,20211020123249,yago,20190612141744,carliane,(  )
774,,36,510,U.B.S. JOAO BATISTA DE MACEDO COSTA ,01191-01,,CORONEL TRAJANO BRANDAO,S/NB,RES.CICERA CARNEIRO,CENTRO,65690000,(98)991960305,(  ),CICERADEZ@HOTMAIL.COM,20211020123353,yago,20190612141604,carliane,(  )
773,,54,510,U.B.S. PAVIO,01190-01,,POV. ASSENTAMENTO DO PAVIO,S/N,RES.IRENE MARTINS,Z. RURAL,65690000,(99)982187268,(  ),IRENE-NEVES@BOOL.COM.BR,20211020123414,yago,20190612141332,carliane,(  )
772,,36,510,U.B.S. DOMINGOS FERREIRA JÚNIOR ,01189-01,,PRINCIPAL ,S/N,RES.MARIA S LEAL,CURIMATÁ,65690000,(86)999304462,(  ),DINHALEAL08@GMAIL.COM,20211020123432,yago,20190612141135,carliane,(  )
771,,54,510,U.B.S. MARAVILHA ,01188-01,,POV. MARAVILHA,S/N,RES.ANA J COSTA,Z. RURAL,65690000,(99)984788860,(  ),ALANACOLINAS@HOTMAIL.COM,20211020123456,yago,20190612140731,carliane,(  )
770,,54,510,U.B.S. SEM TERRA,01187-01,,SEM TERRA,S/N,RES.ALDERICO SOARES ,,65690000,(99)981351431,(  ),ALDERICO@YAHOO.COM,20211020123514,yago,20190612140502,carliane,(  )
769,,54,510,U.B.S. SERRINHA ,01186-01,,LIBERDADE,S/N,RES.JULIANA P SILVA,,65690000,(98)981197224,(  ),JULIANA-PSILVA_15@HOTMAIL.COM,20211020123531,yago,20190612140315,carliane,(  )
768,,54,510,U.B.S. LIBERDADE,01185-01,,LIBERDADE,S/N,RES.VALDEMILSON LOPE,,65690000,(99)988126465,(  ),PEREIRA-ENF@OUTLOOK.COM,20211020123547,yago,20190612140153,carliane,(  )
767,,113,510,U.B.S. TRIZIDELA ,01184-01,,HILNETE RIBEIRO ,S/N,RES.FRANCISCO PEREIR,TRIZIDELA,65690000,(99)981164137,(  ),ALAN_ENFERMAGEM@HOTMAIL.COM ,20211020123603,yago,20190612135341,carliane,(  )
766,,113,510,U.B.S. PIQUETE,01183-01,,PRINCIPAL ,S/ N,RES.VILMARA MOURA,PIQUETE,65690000,(99)981368237,(  ),VILMARAFNMOURA@GMAIL.COM ,20211020123621,yago,20190612135019,carliane,(  )
765,,54,510,U.B.S. ALMEIDA ,01182-01,,POV. ALMEIDA ,S/N,RESP.JAQUELINE LIMA,Z. RURAL,65690000,(99)981027368,(  ),JACKCOLINAS@YAHOO.COM.BR,20211020123639,yago,20190612134837,carliane,(  )
764,,36,510,U.B.S. VOVÓ NOEME ,01181-01,,BURITI BRAVO ,S/N,RES. FRANCISCA THAIS,VOVÓ NOEME,65690000,(89)981301578,(  ),THAISGONCALVES04@GMAIL.COM,20211020123701,yago,20190612134535,carliane,(  )
763,,113,510,U.B.S. VILA BRANDÃO ,01180-01,,PRINCIPAL / RESP. SEBASTIANA A. COSTA ,S/N,,VILA BRANDAO,65900000,(99)981164137,(  ),,20211020123721,yago,20190612134208,carliane,(  )
777,,113,510,U.B.S. ALTO SANTO ANTÔNIO,01194-01,,PRINCIPAL ,S/N,RES.FABRICIA BARROS,ALTO SANTO ANTONIO,65690000,(89)999824193,(  ),BRICIAGIRL@HOTMAIL.COM,20211020123833,yago,20190612142102,carliane,(  )
778,,36,510,U.B.S. SANTO ANTÔNIO,01195-01,,BR 135,S/N,RES.WILIANE BARRO,POVOADO SANTO ANTONIO,65690000,(99)981180831,(  ),WILLIANEBLIMA@OUTLOOK.COM,20211020123904,yago,20190612142314,carliane,(  )
776,,54,510,U.B.S. SITIO SECO DOS ROCHAS ,01193-01,,POV.SITIO SECO DOS ROCHAS,S/N,RES.FERNANDO ALVES,Z. RURAL,65690000,(  ),(  ),,20211020123934,yago,20190612141929,carliane,(  )
779,,36,489,U.B.S. VICENTE PRETO,01196-01,,NUMA ,S/N,RES.DENIZE BRITO ,VILA JOSE HENRIQUE,65685000,(99)999897539,(  ),DENIZE_BRITO@HOTMAIL.COM,20211228084753,yago,20190612143801,carliane,(99)988323070
762,,0,515,C.S. DR. ALARICO PACHECO,01179-01,,AV. ENGENHO RUI MESQUITA,00,,CENTRO,65765000,(  ),(  ),,20240207092808,thalyta,20190521091523,hiago,(  )
222,,36,592,HOSPITAL E MATERNIDADE G. JOSÉ SARNEY,00438-01,2461285,ELIAS HAICKEL,S/N,RES.LIDYANE SOUZA,CENTRO,65370000,(98)987049349,(  ),LIDY_RIBEIRO88@HOTMAIL.COM,20190612144724,carliane,20170908095401,Implantação,(  )
342,,113,665,HOSPITAL MUNICIPAL RUI BANDEIRA,00177-01,2530473,GONCALVES DIAS,S/N,RES.JUDITE DE BRITO,CENTRO,65320000,(98)981674246,(  ),JUDITEAURELIA@GMAIL.COM,20190612150248,carliane,20170908095401,Implantação,(98)981262474
782,,113,638,UBS. MARIA DIVA DA SILVA ,01199-01,,BELA VISTA ,S/N,RES.DULCINEIA BORGES,TOCANTINS,65920000,(99)981227671,(  ),DULCINEAACBORGES@HOTMAIL.COM,20190612150631,carliane,20190612150631,carliane,(98)984399483
783,,113,638,UBS. MARIA NEUSA RODRIGUES ,01200-01,,VANDERLANDIA ,S/N,RES. DULCINEA BORGES,,65920000,(98)981227671,(  ),DULCINEACBORGES@HOTMAIL.COM,20190612150846,carliane,20190612150846,carliane,(98)984399483
784,,36,455,UBS. ALDEIA ,01201-01,,DR MIRANDA ,S/N,RES.OTAVIO GOMES,CENTRO,65310000,(98)991847614,(  ),OTAVIOJP@GMAIL.COM,20190612152708,carliane,20190612152708,carliane,(  )
785,,113,455,UBS. DE SÃO RAIMUNDO ,01202-01,,TEODORO BRAZ,S/N,RES. SORMANI PEREIRA,CENTRO,65310000,(98)991600891,(  ),SORMANIPEREIRA@HOTMAIL.COM,20190612152855,carliane,20190612152855,carliane,(98)991941019
786,,113,455,UBS. ANTÔNIO ALVES DE ASSIS ,01203-01,,RAIMUNDO SANTOS ,S/N,RES.LUIS DOS SANTOS,CENTRO,65310000,(98)991059404,(  ),SANTOSRLUIS@HOTMAIL.COM,20190612153047,carliane,20190612153047,carliane,(  )
787,,113,455,UBS. MIGUEL COSTA E SILVA ,01204-01,,CONSELHEIRO SARAIVA ,S/N,RES. CRISTIANE SOUSA,CENTRO,65310000,(98)991733867,(  ),SOUSASILCRIS@GMAIL.COM,20190612153239,carliane,20190612153239,carliane,(  )
788,,113,455,UBS. DE OLHO D´AGUA DO ESCONDIDO,01205-01,,UNICA,S/N,RES. GUSTAVO SOUSA,POV. OLHO D´AGUA DO ESCONDIDO,65310000,(98)991662343,(  ),GUSTAVIILTEMBERG@GMAIL.COM,20190612153532,carliane,20190612153532,carliane,(  )
794,,113,47,UBS. CURVA DA MATA DO BOI,01211-01,,GRANDE ,S/N,RES.PATRICIA MENDES,,65335000,(98)982023726,(  ),PATRICIAKEYLA2009@HOTMAIL.COM,20190612160321,carliane,20190612160321,carliane,(  )
181,,113,561,CENTRO SAÚDE MARIZINHA,00475-01,2311119,1º DE NOVEMBRO ,S/N,RES.SOLANGE VIANA,CENTRO,65283000,(00)988874810,(  ),SOLVIANASOUSA@GMAIL.COM,20190612161313,carliane,20170908095401,Implantação,(  )
248,,113,613,HOSP.MUN.PEDRO DOS REIS FERNANDES NETO,00252-01,2459477,NAGIB HAICKER,S/N,RES.WALDER FERREIRA ,CENTRO,65390000,(98)991339094,(  ),WALDER.ENF@HOTMAIL.COM,20190612161455,carliane,20170908095401,Implantação,(  )
318,,113,646,UBS. SENADOR LA ROCQUE,00735-01,7667299,BOM JARDIM ,214,RES. MARIA CARLOS,CENTRO,65935000,(99)984308918,(  ),MYLLENAMS.17@HOTMAIL.COM,20190612161824,carliane,20170908095401,Implantação,(  )
18,,113,464,U.S.F. DE ARAGUANÃ- I ,00466-01,2530228,ASSEMBLEIA DE DEUS,165,RES.SIRLEY XAVIER,CENTRO,65368000,(98)981674095,(  ),SIRLEYXSOUSA@HOTMAIL.COM,20210623100743,yago,20170908095401,Implantação,(98)984753287
800,,54,457,U.B.S. MARAMBAIA,01217-01,,POV. MARAMBAIA ,S/N,RES. JOAO BARROS,Z. RURAL,65398000,(98)981587912,(  ),,20220511085502,yago,20190612163207,carliane,(  )
795,,113,478,HOSP. MUN. ANTONIO M. DA SILVA,01212-01,,NOSSA SENHORA DA CONCEICAO ,S/M,RES.KATHERYNE NOGUEI,CENTRO,65335000,(98)981395904,(  ),KATHERYNEENF2009@HOTMAIL.COM,20220113085122,yago,20190612160454,carliane,(  )
796,,113,457,U.B.S. BAIRRO NOVO,01213-01,,SANTO ANTONIO,S/N,RES. ANTONIA MONTEIR,CENTRO,65398000,(  ),(  ),ANTONIA.DECY1@HOTMAIL.COM,20220511085401,yago,20190612162711,carliane,(  )
797,,113,457,U.B.S. TRIZIDELA,01214-01,,RIO BRANCO,S/N,RES.SUZANNE BOMFIM,,65398000,(98)984806511,(  ),,20220511085416,yago,20190612162816,carliane,(  )
798,,101,457,U.B.S. CENTRO I ,01215-01,,PADRE ANDRE,S/N,RES. ANTONIA CARNEIR,,65398000,(98)984033339,(  ),ANTONIA_MONTEIRO26@HOTMAIL.COM ,20220511085430,yago,20190612162953,carliane,(  )
799,,113,457,U.B.S. MUTIRAO,01216-01,,06,S/N,RES.ELISIANE GOMES,,65398000,(99)984570316,(  ),,20220511085447,yago,20190612163055,carliane,(  )
801,,54,457,U.B.S. CENTRO DA ROSA,01218-01,,POV. CENTRO DA ROSA ,S;N,RES.FRANCINALVA SILV,Z.RURAL,65398000,(98)988044457,(  ),,20220511085518,yago,20190612163338,carliane,(  )
802,,54,457,U.B.S. CENTRO DOS PAULOS,01219-01,,POV. CENTRO DOS PAULOS ,S/N,RES.WELKER DE MORAES,Z.RURAL,65398000,(98)984436313,(  ),,20220511085534,yago,20190612163456,carliane,(  )
803,,54,457,U.B.S. TIMBIRA DO BOGEA ,01220-01,,POV. TIMBIRA DO BOGEA ,S/N,RES.SUANNE SILVA,Z. RURAL,65398000,(98)984568160,(  ),,20220511085553,yago,20190612163624,carliane,(  )
804,,54,457,U.B.S. NOVA BRASILIA ,01221-01,,NOVA BRASILIA,S/N,RES.THAYSE SILVA,Z. RURAL,65398000,(98)984379830,(  ),,20220511085609,yago,20190612163738,carliane,(  )
805,,54,457,U.B.S. MINEIRINHO I,01222-01,,POV. MINEIRINHO ,S/N,RES.CHARLLES BARROS,Z.RURAL,65398000,(98)984890183,(  ),,20220511085626,yago,20190612163856,carliane,(  )
806,,54,457,U.B.S. AUZILANDIA I,01223-01,,POV. AUZILANDIA ,S/N ,RES.SIMAIDE DIAS,Z. RURAL,65398000,(98)981703588,(  ),,20220511085642,yago,20190612164020,carliane,(  )
807,,54,457,U.B.S. ALTAMIRA,01224-01,,POV. ALTAMIRA,S/N,RES.ANILDE AIRES,Z. RURAL,65398000,(98)992281426,(  ),,20220511085657,yago,20190612164138,carliane,(  )
808,,54,457,U.B.S. ROÇA GRANDE,01225-01,,POV. ROÇA GRANDE ,S/N,RES.MªDASGRACAS NUNE,Z. RURAL,65398000,(86)988336772,(  ),,20220511085713,yago,20190612164301,carliane,(  )
781,,113,511,U.B.S. JOSÉ MACÁRIO,01198-01,,COMERCIO,S/N,RES.ELAYNE PINHEIRO,CENTRO,65340000,(98)988716757,(  ),ELAYNE-PINHEIRO@HOTMAIL.COM,20221004081415,yago,20190612145644,carliane,(98)988682061
789,,113,514,U.B.S. JOTTA,01206-01,,SANTA ANTONIO ,S/N,RES.YACIARA MARINHO,CENTRO,65927000,(99)991966161,(  ),YARAS3433@GMAIL.COM,20221019110923,yago,20190612154648,carliane,(99)991013634
780,,54,511,U.B.S. JAIME DE JESUS CORREA,01197-01,,POV. OLHO D´AGUA ,S/N,RES.ELLEN D. SILVA,Z. RURAL,65340000,(98)988645690,(  ),ELLENDAVYLLAS@HOTMAIL.COM,20250116092127,thalyta,20190612145515,carliane,(98)988682061
790,,113,478,U.B.S. PORTELINHA ,01207-01,,02,S/N,RES.ADRIANA ESTHER,VILA AGUIAR,65335000,(98)983302865,(  ),CRISTIANEPINHO2017@OUTLOOK.COM,20230802083426,yago,20190612155554,carliane,(98)991572120
792,,113,478,U.B.S. REZINGA ,01209-01,,PRINCIPAL,S/N,RES.EDNALVA MOREIRA,Z. RURAL,65335000,(98)985071546,(  ),EDNALVASILVAMOREIRA@GMAIL.COM,20230802074058,yago,20190612155935,carliane,(  )
791,,113,478,U.B.S. VILA GARIMPEIRA,01208-01,,BOA VISTA ,S/N,RES.MA LUISA MOURA,VILA GARIMPEIRA,65335000,(98)987662711,(  ),MARIAISINHA@HOTMAIL.COM,20230802083300,yago,20190612155749,carliane,(98)988116104
793,,113,478,U.B.S. ARATAUI,01210-01,,PAZ,S/N,RES. MARCIO ALVES,Z. RURAL,65335000,(98)991448333,(  ),MARCIOCHP84@GMAIL.COM,20230802083229,yago,20190612160107,carliane,(98)988116104
809,,0,520,U.B.S. MARIA ALVES SANTIAGO,01226-01,,POV. LEANDRO,00,,Z. RURAL,65964000,(99)984051358,(  ),,20190619083636,hiago,20190619083636,hiago,(99)984051358
810,,54,520,U.B.S. ELI ALVES CAVALCANTES,01227-01,,POV. BURITI,00,,Z. RURAL,56964000,(99)984171238,(  ),,20190619084004,hiago,20190619084004,hiago,(  )
811,,36,469,U.B.S. WILSON CURVINA,01228-01,,AV. JOÃO PESSOA,S/N,,CENTRO,65708000,(99)982477349,(  ),,20190619084907,hiago,20190619084907,hiago,(  )
232,,113,600,HOSP. SANTO ANTONIO,00469-01,2307049,ESPEDITO SILVINO ALVES,S/N,,CENTRO,65140000,(98)984933010,(  ),,20190619095331,carliane,20170908095401,Implantação,(  )
816,,0,501,U.B.S BUENOS AIRES,01233-01,,POV. BUENOS AIRES,00,,Z. RURAL,65600000,(  ),(  ),,20190722115226,hiago,20190722115226,hiago,(  )
817,,0,501,U.B.S BAU ,01234-01,,POV. BAU,,,Z. RURAL,65600000,(  ),(  ),,20190722115320,hiago,20190722115320,hiago,(  )
818,,0,501,U.B.S CABECEIRA DOS CAVALOS,01235-01,,POV. CABECEIRA DOS CAVALOS,,,Z. RURAL,65600000,(  ),(  ),,20190722115617,hiago,20190722115617,hiago,(  )
819,,0,501,U.B.S  CHAPADA,01236-01,,POV. CHAPADA,,03 DISTRITO,Z. RURAL,65600000,(  ),(  ),,20190722115706,hiago,20190722115706,hiago,(  )
820,,54,501,U.B.S CRISTINO CRUZ,01237-01,,POV. ENGENHO DAGUA 02 DISTRITO,,,Z. RURAL,65600000,(  ),(  ),,20190722115947,hiago,20190722115947,hiago,(  )
821,,54,501,U.B.S NAZARÉ DO BRUNO,01238-01,,POV. NAZARE DO BRUNO,,,,65600000,(  ),(  ),,20190722120115,hiago,20190722120115,hiago,(  )
822,,54,501,U.B.S RODAGEM,01239-01,,POV. RODAGEM,,02 DISTRITO,Z. RURAL,65600000,(  ),(  ),,20190722120219,hiago,20190722120219,hiago,(  )
823,,54,501,U.B.S SANTA RITA ,01240-01,,POV. SANTA RITA ,00,,Z. RURAL,65600000,(  ),(  ),,20190722120303,hiago,20190722120303,hiago,(  )
824,,54,501,U.B.S SANTO ANTONIO,01241-01,,POV. SANTO ANTONIO,00,,Z. RURAL,65600000,(  ),(  ),,20190722120402,hiago,20190722120402,hiago,(  )
825,,113,635,U.B.S. CINTRA,01242-01,,São Jorge,S/N,,Anil,65046820,(98)85469984,(  ),,20190910071920,hiago,20190910071920,hiago,(98)984842913
826,,54,537,U.B.S. SAO MARCOS,01243-01,,TRAV. SAO JOSE,00,,VILA SAO MARCOS,65345000,(  ),(  ),,20190910073117,hiago,20190910073117,hiago,(  )
827,,54,537,U.B.S. CONCEICAO GOMES DE ALMEIDA,01244-01,,POV. VILA DIAMENTE,00,,Z. RURAL,65345000,(  ),(  ),,20190910073252,hiago,20190910073252,hiago,(  )
828,,54,537,U.B.S. SAO VICENTE,01245-01,,POV. SAO VICENTE,,,Z. RURAL,65345000,(  ),(  ),,20190910073523,hiago,20190910073523,hiago,(  )
829,,54,537,U.B.S. MARIA GALDINO,01246-01,,R. DO COMERCIO ,00,,CENTRO,65345000,(  ),(  ),,20190910073624,hiago,20190910073624,hiago,(  )
831,,113,637,U.B.S. ANTONIO FRANCISCO DA COSTA VAGE,01248-01,,R.VOLTA REDONDA,00,,SAO JOSE,65470000,(99)981374510,(  ),,20191203070016,hiago,20191118103934,hiago,(99)982513258
832,,113,637,U.B.S. FRANCISCO TORRES DE PAULA FILHO,01249-01,,AV. PIQUI,00,,PIQUI,65470000,(99)981358734,(  ),,20191203070031,hiago,20191118104202,hiago,(99)981348102
834,,36,637,U.B.S. AIRTON SENA,01251-01,,AV. AITON SENA,,,AIRTON SENA,65470000,(99)982444039,(  ),,20191203070100,hiago,20191118104645,hiago,(99)982757101
835,,113,663,U.B.S. RAIMUNDA DA CONCEICAO,01252-01,,R. DO CAMPO ,00,,CENTRO,65470000,(99)984210948,(  ),IVANCASTRO23@HOTMAIL.COM,20191203070555,hiago,20191203070555,hiago,(99)981325018
841,,113,469,U.B.S. SANTOS DUMMONT,01258-01,,R. 07,00,,SANTOS DUMMONT,65700000,(98)981820635,(99)981166548,,20200213072104,hiago,20200213072104,hiago,(99)981113379
844,,113,469,U.B.S. BREJINHO,01261-01,,R. CARLOS SARDINHA,18,,POV. BREJINHO,65700000,(  ),(  ),,20200213072819,hiago,20200213072819,hiago,(  )
845,,36,469,U.B.S. VILA COELHO DIAS,01262-01,,EST. BELA VISTA ,00,,CENTRO,65700000,(  ),(  ),,20200213073025,hiago,20200213073025,hiago,(  )
842,,113,469,U.B.S. TRIZIDELA,01259-01,,R. CAPITAO JOSE ANTNIO ,32,,TRIZIDELA,65700000,(99)982210630,(  ),,20200213073128,hiago,20200213072340,hiago,(99)981298227
843,,36,469,U.B.S. BELA VISTA,01260-01,,AV. LEONTINO PEREIRA ,00,,POV. BELA VISTA ,65700000,(99)982210630,(  ),,20200213073227,hiago,20200213072522,hiago,(99)981298227
846,,113,501,U.B.S VILA PARAISO,01263-01,,"R.C, RESD. PARAISO",00,,Centro,65600100,(99)996465689,(  ),,20200320122241,hiago,20200320122241,hiago,(  )
847,,113,635,U.B.S. VILA LOBAO,01264-01,,EST. DA VITORIA,08,,SANTO ANTONIO,65000000,(98)988014228,(98)999687732,,20200529082430,hiago,20200529082430,hiago,(98)982870447
169,,113,555,U.B.S DrºPAULO BORGEA,00025-01,2459841,NEWTON BELO,9414,,CENTRO,65728000,(  ),(  ),,20200717091046,carliane,20170908095401,Implantação,(  )
55,,113,490,C.S. RUBETINA MACEDO(CENTRO),00338-01,5373247,NIVEL MEDIO,S/N,,CENTRO,65393000,(  ),(  ),,20210523090356,yago,20170908095401,Implantação,(  )
839,,36,627,U.B.S. LEOPOLDO JOSÉ DE OLIVEIRA ,01256-01,,GOVERNADOR LUIS ROCHA ,00,,CENTRO,65650000,(86)991741173,(  ),ANASTACIANUNES@HOTMAIL.COM,20220428084016,yago,20200113121938,carliane,(  )
840,,54,627,U.B.S. MIMOSO,01257-01,,POV. MIMOSO ,00,,Z.RURAL,65650000,(86)999351388,(  ),ANASTACIANUNES@HOTMAIL.COM,20220428084035,yago,20200113122232,carliane,(  )
830,,36,456,U.B.S. MARIA BEATRIZ DA CONCEICAO,01247-01,,AV. RODOVIARIA,00,,CENTRO,65413000,(  ),(  ),,20220805101656,yago,20191001070815,hiago,(  )
813,,54,567,U.B.S. VILA CABRAL,01230-01,,R. POMPILIO FONSECA DE AMORIM,00,,CENTRO,65850000,(  ),(  ),,20220721083652,yago,20190627123246,hiago,(  )
814,,36,567,U.B.S. MAURICIO CABRAL ,01231-01,,CENTRAL,00,,MURICOCA,65850000,(  ),(  ),,20220721083710,yago,20190627123444,hiago,(  )
815,,54,567,U.B.S. DOS COCOS,01232-01,,POV. COCOS,00,,Z. RURAL,65850000,(  ),(  ),,20220721083725,yago,20190627123637,hiago,(  )
812,,54,567,U.B.S. CONCEICAO,01229-01,,POV. CONCEICAO,00,,Z. RURAL,65850000,(  ),(  ),,20220721083755,yago,20190627122902,hiago,(  )
836,,113,663,U.B.S. BIDA CUNHA,01253-01,,R. DO COMERCIO ,00,,CENTRO,65470000,(99)981550865,(  ),LEUDESOUSABEZERRA@GMAIL.COM,20230131081610,thalyta,20191203070859,hiago,(  )
837,,113,663,U.B.S. RAULINO SOUSA LIMA,01254-01,,R. PEDRO LOPES,00,,CENTRO,65470000,(99)981462222,(  ),JUSCELIAMOURA12@GMAIL.COM,20230131081701,thalyta,20191203071135,hiago,(99)981665565
838,,113,663,U.B.S. FRANCISCO MARTINS FERREIRA,01255-01,,R. RIBEIRO DA SILVA,00,,CENTRO,65470000,(99)984760447,(  ),SEMUSVILANOVA.SAUDE@GMAIL.COM,20230131081743,thalyta,20191203071451,hiago,(99)984826091
833,,54,637,U.B.S. ANTONIO SILVA COELHO NEVES,01250-01,,POV. BARRO PRETO,00,,Z.RURAL,65470000,(99)992176778,(  ),ESFTIMBAUBA@GMAIL.COM,20231106075235,thalyta,20191118104514,hiago,(  )
231,,113,599,HOSP.MUNC.DR.E.ABATH,00373-01,2455145,ALDIR GOMES,S/N,,CENTRO,     ,(  ),(  ),,20210118093601,thalyta,20170908095401,Implantação,(  )
852,,36,476,HOSP. REG. DE BARREIRINHAS,01269-01,,LOTEAMENTO PQ DAS DUNAS,15,,CID. NOVA,65590000,(98)991454537,(98)985310747,HGBARREIRINHAS@GMAIL.COM,20210204074430,yago,20210204074430,yago,(98)998835826
302,,113,635,MAT. N. S. DA PENHA,00536-01,2697688,DINAMARCA QD 39,S/N,,ANJO DA GUARDA,65085808,(98)987814813,(98)988207070,MATERNIDADENSDAPENHA@GMAIL.COM,20210204080433,yago,20170908095401,Implantação,(98)991371158
633,,0,510,MAT. HUMBERTO COUTINHO,01050-01,,BR 135,00,,CHAPADINHA,65690000,(99)981425327,(99)35520313,DIRECAOMATERNIDADECOLINAS@GMAIL.COM,20210204080616,yago,20190314075050,hiago,(99)981661723
855,,113,544,HOSP. MUN. Mª VIEIRA DE OLIVEIRA,01272-01,,MA 328,00,,CENTRO ,65962000,(99)984643947,(  ),ERICAROCHA3000@HOTMAIL.COM,20210205092456,yago,20210205092456,yago,(  )
856,,113,572,HOSP. REG. DE MORROS,01273-01,,PRINCIPAL,00,,COELHO,65160000,(98)987556759,(  ),DIRETORIAHRM@GMAIL.COM,20210205120143,yago,20210205120143,yago,(98)985033200
857,,36,466,HOSP. MUN. DE ARAME,01274-01,,AV. RIO BRANCO,00,,CENTRO,65945000,(99)991974624,(  ),CLEUDIVAN1AMORIM@GMAIL.COM,20210209115504,yago,20210209115504,yago,(  )
858,,5,620,U.B.S. MARIA TEIXEIRA ,01275-01,,POV. SAO JOSE DOS COSTAS,00,,Z. RURAL,65440000,(98)987690057,(  ),NAYLLAMENESESOFICIAL97@GMAIL.COM,20210212091857,yago,20210212091749,yago,(98)984421711
859,,5,620,U.B.S. RAIMUNDO LIMA ,01276-01,,R. PRINCIPAL,00,,CENTRO ,65440000,(98)988465835,(  ),NEIDINHA_1325@HOMTMAIL.COM ,20210212092108,yago,20210212092108,yago,(  )
860,,5,620,U.B.S. GUABIRABAL,01277-01,,POV. GUABIRABAL,00,,Z. RURAL,65440000,(00)985431365,(  ),,20210212092450,yago,20210212092450,yago,(  )
862,,5,620,U.B.S. AUGUSTO PEREIRA (HUMAITA),01279-01,,R. JOAO ROCHA ,00,,CENTRO ,65440000,(98)985895252,(  ),WILLYVANIA01@GMAIL.COM,20210212092959,yago,20210212092959,yago,(  )
848,,36,541,U.B.S. MARIA JOSE DAS NEVES O. MARTINS,01265-01,,BR 222,00,RESP. AMANDA S MUNIZ,TRIZIDELA,65485000,(98)99667355,(  ),AMANDAROBERTA_11@HOTMAIL.COM,20221011090742,yago,20201118114002,carliane,(  )
863,,36,557,U.B.S. ODORICO MENDES,01280-01,,AV. PRINCIPAL,00,,CENTRO,65290000,(98)984756125,(98)985288281,,20210212093628,yago,20210212093628,yago,(98)994603231
861,,36,620,U.B.S. BERNADO MONTELES ,01278-01,,AV. BRASIL. ,00,,SAP PAULO,65440000,(00)987089432,(  ),PATRICIAMEDEIROS.SOUSA@HOTMAIL.COM ,20210212093746,yago,20210212092740,yago,(  )
864,,36,557,U.B.S. MANAUS,01281-01,,AV. PRINCIPAL,00,CENTRO ,CENTRO,65290000,(98)984756125,(98)985288281,MARIZETEFERREIRA176@GMAIL.COM,20210212094116,yago,20210212094116,yago,(98)984889402
866,,5,585,U.B.S. SAO JOSE,01283-01,,POV. SAO JOSE,00,,Z. RURAL,65585000,(00)988575300,(  ),KAROLINAFARIASGOMES@GMAIL.COM,20210225114142,yago,20210225114142,yago,(00)985855811
867,,36,585,U.B.S. SANTA TEREZINHA,01284-01,,AV. DEMETRIO RIBEIRO,00,,MA 315,65585000,(98)989147965,(  ),THMARA_PEDROSA25@HOTMAIL.COM,20210225114513,yago,20210225114412,yago,(  )
869,,5,585,U.B.S. SAO FRANCISCO,01286-01,,POV. SAO FRANCISCO,00,,Z. RURAL,65585000,(86)994432990,(  ),VILA18.ENF@HOTMAIL.COM,20210225115017,yago,20210225115017,yago,(  )
871,,5,652,HOSP. REG. DE TIMBIRAS,01288-01,,R. DA MANGUEIRA,00,,ANJO DA GUARDA,65420000,(99)981399791,(99)981468873,HGT_ADM@OUTLOOK.COM,20210302110008,yago,20210302105927,yago,(99)991379152
872,,113,643,HOSP. MUN. AGOSTINHO DOS SANTOS JACINTO,01289-01,,R. GETULIO VARGAS,00,,CENTRO,65220000,(  ),(  ),,20210409084058,yago,20210409084016,yago,(  )
875,,36,550,U.B.S. DR. FRANCISCO ALMEIDA,01292-01,,AV. VEREADOR OSMAR RODRIGUES,00,,CENTRO,65705000,(  ),(  ),,20210412080936,yago,20210412080936,yago,(  )
873,,113,450,U.B.S DR.SALOMAO FIQUENE,01290-01,,R. PRINCIPAL ,00,,CENTRO,65930000,(  ),(  ),,20210412081207,yago,20210412080250,yago,(  )
876,,54,501,U.B.S. DR JOSE DE ASSUNCAO BRANDAO ,01293-01,,POV. BREJINHO,00,,Z. RURAL,65609899,(  ),(  ),,20210412081530,yago,20210412081530,yago,(  )
877,,54,509,U.B.S. SANTA MARIA ,01294-01,,POV.SANTA MARIA,00,,Z. RURAL,65620000,(  ),(  ),,20210412082122,yago,20210412082122,yago,(  )
878,,54,509,U.B.S. BONFIM ,01295-01,,POV. BONFIM,00,,Z. RURAL,65620000,(  ),(  ),,20210412082343,yago,20210412082343,yago,(  )
854,,11,557,U.B.S. PRAIA BOA VISTA,01271-01,,MARECHAL CASTELO BRANCO ,00,,PRIMAVERA ,65290000,(98)985288281,(98)998582595,MARIZETEFERREIRA176@GMAIL.COM,20221010095132,yago,20210205092019,yago,(98)984756125
140,,113,539,DEP. DE ATENÇÃO BASICA,00130-01,6363024,GETULIO VARGAS ,1813,,CENTRO,     ,(  ),(  ),,20210610071810,yago,20170908095401,Implantação,(  )
87,,113,509,U.B.S. JOAO PAULO II,00652-01,5547334,UM,S/N,,JOSE SARNEY,65620000,(  ),(  ),,20220317094736,yago,20170908095401,Implantação,(  )
141,,113,539,MATERNIDADE DE ALTO RISCO DE IMPERATRIZ - MARI,00126-01,2452383,CORIOLANDO MILHOMEM,42,,CENTRO,65900330,(99)35254518,(99)981190926,HRMI.DIRECAOADM@GMAIL.COM,20231027074901,thalyta,20170908095401,Implantação,(99)991238874
299,,113,635,HOSP. INF. DR. JUVENCIO MATTOS,00103-01,2702866,NORTE,243,,CENTRO,65010000,(98)999763177,(  ),HOSPITALINFANTILJM@GMAIL.COM,20220824083252,yago,20170908095401,Implantação,(98)32316880
761,,113,635,U.B.S. MARACANÃ,00112-01,,AV. PRINCIPAL,00,RESP. DIRETORA,MARACANÃ,65090872,(98)32417604,(  ),,20220824083435,yago,20190521091146,hiago,(98)988972366
849,,113,541,U.B.S. ENEDINA NASCIMENTO VIANA,01266-01,,07,00,RES. FRANCINEIDE CUN,ROSEANA SARNEY,65485000,(98)991948788,(  ),FRAN.MCC@HOTMAIL.COM,20221011090801,yago,20201118114147,carliane,(  )
850,,113,541,U.B.S. VILARINDO VILAR NUNES,01267-01,,HUMBERTO DE CAMPOS,00,RESP. RAYSSA OLIVEIR,CENTRO,65485000,(98)991532455,(  ),CIRLANDIOCOUTINHO@GMAIL.COM,20221011090822,yago,20201118114333,carliane,(  )
853,,113,585,HOSP. JOSE FERREIRA DOS REIS,01270-01,,MA 315,00,,CENTRO,65585000,(98)988595080,(98)985735389,GABILIOREIS@GMAIL.COM,20221125090946,yago,20210204075215,yago,(98)984372822
870,,5,585,U.B.S. SANTA RITA ,01287-01,,POV. SANTA RITA ,00,,Z. RURAL,65585000,(  ),(  ),BETEMARQUES2011@HOTMAIL.COM,20230323090724,thalyta,20210225115321,yago,(98)984348591
865,,113,505,U.B.S. BARRO BRANCO ,01282-01,,POV. BARRO BRANCO,00,,Z. RURAL,65299000,(98)984261645,(  ),ADRIELESALES987@GMAIL.COM,20230810091421,yago,20210212120000,carliane,(  )
868,,5,585,U.B.S. RIACHO DO MEIO,01285-01,,POV. RIACHO DO MEIO ,00,,Z. RURAL,65585000,(  ),(  ),EUDALOPEES@GMAIL.COM,20230323090647,thalyta,20210225114740,yago,(51)992800271
851,,5,579,U.B.S. IGUAIBA,01268-01,,PRACA N.S. DA CONCEICAO ,00,,IGUAIBA,65130000,(98)984322265,(  ),UBSIGUAUBA.PL@GMAIL.COM,20250320145714,thalyta,20201210105439,yago,(  )
879,,54,509,U.B.S. MONTE ALEGRE,01296-01,,POV. MONTE ALEGRE,00,,Z. RURAL,65620000,(  ),(  ),,20210412082555,yago,20210412082555,yago,(  )
881,,113,635,RETAGUARDA MATERNA ELIZABETH COELHO VAZ,01297-01,,do Norte,233,,Centro,65015330,(98)987289184,(98)985643490,GARRETO47@GMAIL.COM,20210428103604,yago,20210428103604,yago,(98)981491132
444,,0,605,U.B.S. FILOMENA ARCÂNGELA DA SILVA,00848-01,,AV. PRINCIPAL,S/N,,INHAUMA,65138000,(98)988057102,(  ),,20210429072959,yago,20190215091553,hiago,(  )
882,,5,605,U.B.S. OZINO CLEMENTE COSTA,01298-01,,EST. DA RAPOSA,00,,VL BOA ESPERANCA,65138000,(89)988073031,(  ),,20210429073306,yago,20210429073306,yago,(  )
885,,5,605,U.B.S. MARIA PEREIRA DA CRUZ,01300-01,,R. PROJETADA,00,SOL NASCENTE,ARAÇAGY,65138000,(98)988718822,(  ),,20210429074616,yago,20210429074616,yago,(  )
887,,36,605,U.B.S. TEREZINHA RIBEIRO FARIAS ,01299-01,,AV. SAO SEBASTIAO,00,,VL BOM VIVER,65138000,(  ),(  ),,20210429075112,yago,20210429075112,yago,(  )
888,,36,605,U.B.S. CARLOS VIDAL DE SOUSA ,01301-01,,AV. PRINCIPAL,00,,CUMBIQUE,65138000,(98)988531612,(  ),,20210429075239,yago,20210429075239,yago,(  )
889,,113,579,U.B.S. SAFIRA,01302-01,,R. 20,00,QD 21,RESD. SAFIRA,65130000,(98)981610379,(  ),LIANA_PPA@HOTMAIL.COM,20210504073221,yago,20210504073221,yago,(  )
890,,54,566,U.B.S.F. INES FERNANDES DE LIMA,01303-01,,POV. AGENCIA DA MATA ,00,,Z. RURAL,65545000,(  ),(  ),,20210506072731,yago,20210506072731,yago,(  )
891,,6,512,U.B.S. COROATA I,01304-01,,TRAV. JANSEN MATOS ,599,,CENTRO,65651450,(  ),(  ),,20210506073103,yago,20210506073103,yago,(  )
892,,113,512,U.B.S. ACIONALDA ALVES PEREIRA ,01305-01,,R.01 ,00,,MACAUBA,65415000,(  ),(  ),,20210506073246,yago,20210506073246,yago,(  )
893,,113,637,U.B.S. SARAGUA,01306-01,,R. PRIMAVERA ,00,,CENTRO ,65470000,(  ),(  ),,20210506073631,yago,20210506073631,yago,(  )
894,,54,637,U.B.S. JUCAREIRA,01307-01,,POV. JUCAREIRA,00,,Z. RURAL,65470000,(  ),(  ),,20210506073829,yago,20210506073829,yago,(  )
895,,5,495,U.B.S. GILSON DE OLIVEIRA,01308-01,,R. TANCREDO NEVES,00,,CABECEIRA,65968000,(  ),(  ),,20210506074053,yago,20210506074053,yago,(  )
896,,5,495,U.B.S. JUSTINO TEIXEIRA DE MIRANDA,01309-01,,R. MARANHAO,00,,CENTRO,65968000,(  ),(  ),,20210506074237,yago,20210506074237,yago,(  )
897,,5,518,U.B.S. MARIA DO CARMO,01310-01,,R.SAO JOAO,00,,VL EURICO ,65975000,(  ),(  ),,20210506074517,yago,20210506074517,yago,(  )
898,,5,630,U.B.S. CENTRO MUNICIPAL DE SAUDE,01311-01,,R. MARANHAO,100,,CENTRO,65973000,(  ),(  ),,20210506075911,yago,20210506075911,yago,(  )
910,,5,548,U.B.S. JOSE NUNES BARBOSA,01323-01,,R.01 ,00,,VL MANGUEIRA,65715000,(  ),(  ),,20210506082123,yago,20210506082123,yago,(  )
911,,5,534,U.B.S. BOM SAMARITANO,01324-01,,R. SANTA RITA,00,,CENTRO,65255000,(  ),(  ),,20210506082433,yago,20210506082433,yago,(  )
912,,6,611,U.B.S. JOSE BORGES,01325-01,,TRAV. 04,00,,N. MORADA,65208000,(  ),(  ),,20210506082953,yago,20210506082953,yago,(  )
913,,36,546,U.B.S. ANTONIO MARCULINO QUEIROZ,01326-01,,AV. ROSEANA SARNEY,00,,CENTRO,65755000,(  ),(  ),,20210506083912,yago,20210506083912,yago,(  )
914,,5,589,U.B.S. CENTRO,01327-01,,R. SATU BELLO,00,,CENTRO,65213000,(  ),(  ),,20210506084127,yago,20210506084127,yago,(  )
915,,113,500,HOSP. REG. DE CARUTAPERA,01328-01,,R. EPITACIO CAFETEIRA,00,,CENTRO,65295000,(  ),(  ),,20210506084433,yago,20210506084433,yago,(  )
874,,113,484,HOSP. MUN. DE BOM JESUS DAS SELVAS,01291-01,,R. ADALTO LOPES,00,,CENTRO,65395000,(98)988837943,(  ),ALINEEMANUELLEBJS2012@HOTMAIL.COM,20210510073334,yago,20210412080553,yago,(  )
920,,5,527,U.B.S. SETOR AGRICOLA,01333-01,,R. NOVA ,00,,SETOR AGRICOLA,65928000,(  ),(  ),DANNYGOIMESSILVA2000@GMAIL.COM,20210518105038,yago,20210518105038,yago,(  )
917,,5,631,U.B.S. RAIMUNDA ALGODAO,01330-01,,EUGENIA CAMPOS,00,,Z. RURAL,65615000,(  ),(  ),SEMUS.SJSOTER@YAHOO.COM.BR,20210518103737,yago,20210518103003,yago,(  )
919,,5,527,U.B.S. PEDRO CARDOSO ,01332-01,,R. GUSTAVO FIALHO,00,,SANTA RITA,65928000,(  ),(  ),ALANDA.SILVA1520@GMAIL.COM,20210518104518,yago,20210518104518,yago,(  )
922,,36,648,U.B.S. RAMIRO MARTINS SILVA,01335-01,,AV. LEONARDO DE ALMEIDA,00,,CENTRO,65925000,(  ),(  ),VNOLETOXAVIER@GMAIL.COM,20210518111240,yago,20210518111240,yago,(  )
923,,5,648,U.B.S. JOSE MEDRADO,01336-01,,R. DO AEROPORTO,00,,VL. NOVA ,65925000,(  ),(  ),MARIADEJJESUS@HOTMAIL.COM,20210518111427,yago,20210518111427,yago,(  )
921,,5,527,U.B.S. DARIA BANDEIRA,01334-01,,R. MARIANA ,15,,BANANAL,65928000,(  ),(  ),RC.FABULOUS37@GMAIL.COM,20210521105332,yago,20210518105309,yago,(  )
899,,113,565,U.B.S. PEDRAS,01312-01,,POV. PEDRAS,00,,Z. RURAL,65468000,(  ),(  ),,20210923105516,yago,20210506080643,yago,(  )
900,,113,565,U.B.S. NOVO TEMPO,01313-01,,POV. NOVO TEMPO,00,,Z. RURAL,65468000,(  ),(  ),,20210923105613,yago,20210506080750,yago,(  )
901,,113,565,U.B.S. BOCA DO CERCADO,01314-01,,POV. BOCA DO CERCADO,00,,Z. RURAL,65468000,(  ),(  ),,20210923105739,yago,20210506080844,yago,(  )
902,,54,565,U.B.S. PALMEIRAL II,01315-01,,POV. PALMEIRAL II,00,,Z. RURAL,65468000,(  ),(  ),,20210923105901,yago,20210506080932,yago,(  )
903,,54,565,U.B.S. COIVARAS,01316-01,,POV. COIVARAS,00,,Z. RURAL,65468000,(  ),(  ),,20210923110009,yago,20210506081040,yago,(  )
904,,36,458,U.B.S. SANTA CRUZ,01317-01,,AV. SEN. VITORINO FREIRE,00,,SANTA CRUZ,65810000,(99)988368916,(  ),SECSAUDEAP@GMAIL.COM,20210929075553,yago,20210506081139,yago,(99)999700105
905,,113,498,U.B.S. ANASTACIA DUARTE LIMA,01318-01,,R. LAGO DO CEU,00,,TERREIRAO,65735000,(98)991418383,(  ),GRACILENEMARTINS1987@GMAIL.COM,20211004120635,yago,20210506081359,yago,(99)984996209
906,,54,498,U.B.S. JUAREZ MOTA OLIVEIRA,01319-01,,POV. PATROCINIO,00,,Z. RURAL,65735000,(99)992242451,(  ),BAIMAELAINE@GMAIL.COM,20211004120912,yago,20210506081445,yago,(99)991089879
907,,54,498,U.B.S. SANTA ROSA,01320-01,,POV. SANTA ROSA,00,BR 135,Z. RURAL,65735000,(98)982704898,(  ),,20211004121136,yago,20210506081544,yago,(99)991383947
909,,113,498,U.B.S. NENE MORAES,01322-01,,R. GERINO,54,,CENTRO,65735000,(99)991573621,(  ),,20211004121456,yago,20210506081736,yago,(99)998854691
918,,5,460,U.B.S. ADELSON RIBEIRO DE CARVALHO,01331-01,,R. HUMBERTO DE CAMPOS,00,,CENTRO,65923000,(  ),(  ),JOELMACARREIRO2014@GMAIL.COM,20220525072234,yago,20210518103441,yago,(  )
916,,36,579,U.B.S. TAMBAU,01329-01,,AV. 02,00,,CONJ. TAMBAU,65130000,(98)987290038,(  ),CAMILLEFERNANDES14@HOTMAIL.COM,20130109192718,thalyta,20210512070716,yago,(98)985569303
924,,54,648,U.B.S. MARGARIDA TEIXEIRA,01337-01,,POV. BOA LEMBRANCA,00,,Z. RURAL,65925000,(  ),(  ),MARYNNARC@HOTMAIL.COM,20210518111632,yago,20210518111548,yago,(  )
925,,54,648,U.B.S. RAIMUNDO FRANCISCO DE SOUSA,01338-01,,POV. PACIENCIA,00,,Z. RURAL,65925000,(  ),(  ),IGOALVESDASILVA@HOTMAIL.COM,20210518111748,yago,20210518111748,yago,(  )
926,,54,648,U.B.S. OZIEL PEREIRA,01339-01,,ASSENT. OZIEL PEREIRA,00,,Z. RURAL,65925000,(  ),(  ),LAYANENLM19@GMAIL.COM,20210518111930,yago,20210518111930,yago,(  )
927,,54,648,U.B.S. NOVA VENEZA,01340-01,,POV. NOVA VENEZA,00,,Z. RURAL,65925000,(  ),(  ),MARIAIVANIADR@HOTMAIL.COM,20210518112229,yago,20210518112229,yago,(  )
928,,54,648,U.B.S. SANTA MARIA E PATIS,01341-01,,POV. SANTA MARIA ,00,,Z. RURAL,65925000,(  ),(  ),GISLANDIAS2@HOTMAIL.COM,20210518112413,yago,20210518112413,yago,(  )
929,,54,648,U.B.S. SALTO,01342-01,,POV. SALTO,00,,Z. RURAL,65925000,(  ),(  ),DEQUESANTOS239@GMAIL.COM,20210518112608,yago,20210518112608,yago,(  )
930,,54,648,U.B.S. DOIS BURITIS,01343-01,,POV. DOIS BURITIS,00,,Z. RURAL,65925000,(  ),(  ),ELIANDROMARCELINO79@GMAIL.COM,20210518112741,yago,20210518112741,yago,(  )
931,,36,523,U.B.S. JOSUE MARQUES,01344-01,,AV. 18 DE JANEIRO,00,,FORTUNA,65695000,(  ),(  ),FRAAANGELICA12@GMAIL.COM,20210518113215,yago,20210518113215,yago,(  )
932,,54,523,U.B.S. MORADA NOVA,01345-01,,POV. MORADA NOVA ,00,,Z. RURAL,65695000,(  ),(  ),VALDENIMENDES822@GMAIL.COM,20210518113347,yago,20210518113347,yago,(  )
933,,54,523,U.B.S. SAO JOAO DO ANAJA,01346-01,,POV. SAO JOAO DO ANAJA,00,,Z. RURAL,65695000,(  ),(  ),KEYTE.MENDES16@GMAIL.COM,20210518113628,yago,20210518113628,yago,(  )
934,,113,599,U.B.S. MAE TONHA,01347-01,,R. PRESD. CASTELO BRANCO,00,,CENTRO,65760000,(  ),(  ),TELDECOELHO123@GMAIL.COM,20210518114139,yago,20210518114139,yago,(  )
936,,5,624,U.B.S. AEROPORTO,01349-01,6245307,R. DA JARDINEIRA,00,,CENTRO ,65970000,(86)995049339,(  ),UBS.AEROPORTO.SD@GMAIL.COM,20210521111843,yago,20210521111843,yago,(  )
937,,5,624,U.B.S. MAJOR DELFINO,01350-01,6629253,R. DOM PEDRO II,00,,SAO JOSE,65790000,(99)991236443,(  ),RAQUELGLORIA395@GMAIL.COM,20210521112240,yago,20210521112240,yago,(  )
938,,5,624,U.B.S. ITAUNA,01351-01,6629237,R. 01,00,,CENTRO,65970000,(99)991088467,(  ),J.DEYNA@YAHOO.COM,20210521112614,yago,20210521112614,yago,(  )
939,,5,624,U.B.S. PRACA GETULIO VARGAS,01352-01,6629202,R. PROF. ELIANE ,00,CENTRO,,65970000,(99)998823454,(  ),NANDAFERNANDES_@HOTMAIL.COM,20210521112957,yago,20210521112957,yago,(  )
941,,54,624,U.B.S. MAE PASTORA,01354-01,2455439,POV. CONDURU,00,,Z. RURAL,65970000,(11)944805566,(  ),SAMILLASSBARROS@GMAIL.COM,20210521113620,yago,20210521113620,yago,(  )
942,,54,624,U.B.S. LAGOINHA,01355-01,5792932,POV. LAGOINHA ,00,,Z. RURAL,65970000,(99)992067671,(  ),ADEILZA.ENF@GMAIL.COM,20210521113815,yago,20210521113815,yago,(  )
943,,54,624,U.B.S. JOAO LINO VIEIRA,01356-01,6142648,POV. PAULO,00,,Z. RURAL,65970000,(99)988297651,(  ),RENATAANTUNES264@GMAIL.COM,20210521114123,yago,20210521114123,yago,(  )
944,,0,624,U.B.S. BAIXAO GRANDE ,01357-01,,PRACA MATRIZ ,00,,BAIXAO GRANDE ,65970000,(98)981257663,(  ),HILDAFERNANDESBARRETO2014@GMAIL.COM,20210521114359,yago,20210521114359,yago,(  )
945,,54,624,U.B.S. COCAL DOS PIAUIZEIROS,01358-01,2455420,POV. COCAL DOS PIAUIZEIROS,00,,Z. RURAL,65970000,(99)988196870,(  ),CLAUDIO_50@HOTMAIL.COM,20210521114720,yago,20210521114720,yago,(  )
946,,54,624,U.B.S. VIOLA,01359-01,2390388,POV. VIOLA,00,,Z. RURAL,65970000,(00)988334754,(  ),CHARLESFEITOSADESOUSA1974@GMAIL.COM,20210521115018,yago,20210521115018,yago,(  )
947,,113,624,U.B.S. PRACA DO MERCADO,01360-01,651575,R. NOVA ,00,,CENTRO,65970000,(99)985062238,(  ),JTEIXEIRA_S@HOTMAIL.COM,20210521115407,yago,20210521115407,yago,(  )
301,,36,635,MAC-MA,00261-01,,Jerônimo de Albuquerque Maranhão,S/N,,COHAB Anil I,65051210,(98)391146639,(  ),DIRETORIAEDSONHMNS@GMAIL.COM,20210523083951,yago,20170908095401,Implantação,(98)988073286
502,,113,635,MAT. SANTA CASA DE MISERICORDIA,00907-01,,do Norte,233,,Centro,65015330,(98)988163790,(  ),EUCIENE.SANTOS.AZEVEDO@HOTMAIL.COM,20210523084736,yago,20190219091040,hiago,(  )
948,,5,570,U.B.S. FATIMA,01361-01,,R. DO FIO,00,,FATIMA,65360000,(98)991984552,(  ),ILI1510@GMAIL.COM,20210524143935,yago,20210524143935,yago,(  )
949,,5,570,U.B.S. PALMEIRINHA,01362-01,,R. DO CAJUEIRO,00,,PALMEIRINHA,65360000,(98)991092958,(  ),VALTELINAROCHA@GMAIL.COM,20210524144339,yago,20210524144339,yago,(  )
950,,5,570,U.B.S. SANTA HELENA,01363-01,,R. PRINCIPAL ,00,,POV. SANTA HELENA,65360000,(  ),(  ),,20210524144723,yago,20210524144723,yago,(98)991714520
951,,54,570,U.S.F. CASTELO ,01364-01,,POV. CASTELO ,00,,Z. RURAL,65360000,(98)992373311,(  ),LEIDEMOTTA25@GMAIL.COM,20210524145000,yago,20210524145000,yago,(  )
952,,5,570,U.S.F. SANTA RITA,01365-01,,POV.SANTA RITA ,00,,Z. RURAL,65360000,(98)991555791,(  ),ANACARLA115@GMAIL.COM,20210524145351,yago,20210524145351,yago,(  )
953,,5,570,U.S.F. MATA BOI,01366-01,,POV. MATA BOI ,00,,Z. RURAL,65360000,(  ),(  ),WALSOEIRO20@GMAIL.COM,20210524145619,yago,20210524145619,yago,(  )
954,,5,507,C.S. JOSIAS MENDES,01367-01,,R. MONTE SIAO ,00,,CENTRO,65921400,(98)999349307,(  ),TEIXEIRASIDENIA@GMAIL.COM,20210524145952,yago,20210524145952,yago,(  )
955,,5,556,U.B.S. LAGOA NOVA,01368-01,,POV. LAGOA NOVA,00,,Z. RURAL,65895000,(99)984595934,(  ),FLAVITH25@OUTLOOK.COM,20210524150301,yago,20210524150301,yago,(  )
241,,36,608,HOSP. MUN. DE ROSARIO,00383-01,2646358,EURICO MACEDO,S/N,,CENTRO,65150000,(99)982584093,(  ),ROSARIOALMEIDA88@GMAIL.COM,20220114083851,yago,20170908095401,Implantação,(  )
42,,113,483,U.B.S. RAIMUNDO MARÇAL,00336-01,3774082,JOSE PEDRO VASCONCELOS ,1800,,CENTRO,65380000,(98)992429648,(  ),GIDEANENATOSSOUSA@HOTMAIL.COM,20220420135049,yago,20170908095401,Implantação,(98)991470398
365,,113,635,U.B.S. DRº PAULO RAMOS,00118-01,,do Passeio,S/N,,Centro,65015370,(98)988894317,(  ),,20220824083629,yago,20181214112459,carliane,(  )
393,,113,635,U.B.S. TIBIRI,00153-01,,Santo Antônio,S/N,,Tibiri,65095330,(98)991761712,(  ),,20220824083755,yago,20190123130317,carliane,(98)987685850
296,,113,635,U.B.S. LAURA VASCONCELOS- ESTIVA,00212-01,2309270,Engenheiro Emiliano Macieira,S/N,,ESTIVA,65095604,(  ),(  ),,20220824083923,yago,20170908095401,Implantação,(  )
935,,113,453,U.B.S. CARAVELAS ,01348-01,,SILVA MAIA ,130,RESP. TOMAZIA MENDES,CENTRO,65250000,(98)991447369,(  ),APSALCANTARA2021@GMAIL.COM,20221004074954,yago,20210518130353,carliane,(  )
292,,113,635,U.B.S. BEZERRA MENEZES,00553-01,2309998,Hemetério Leitão,S/N,,São Francisco,65076420,(98)987504801,(  ),VALERIA_PAIVA10@HOTMAIL.COM,20230817111329,yago,20170908095401,Implantação,(  )
956,,5,609,U.B.S. PADRE FRANCO,01369-01,,R. PADRE FRANCO ,00,,BELA VISTA,65830000,(99)982644192,(  ),CLIVIAMARTINSRODRIGUES@GMAIL.COM,20210525071444,yago,20210525071444,yago,(  )
957,,5,542,C.S. ITINGA DO MA,01370-01,,R. SEN. JOSE SARNEY,41,,CENTRO,65939000,(99)992024434,(  ),CPDSMSITINGA@HOTMAIL.COM,20210525074713,yago,20210525074713,yago,(  )
958,,5,570,E.S.F. BACURI,01371-01,,POV. BACURI,00,,Z. RURAL,65300000,(98)987225316,(  ),,20210527134620,yago,20210527134620,yago,(  )
960,,5,594,U.B.S. SAO JOSE,01373-01,,R. MARANHAO ,00,,CENTRO,65706000,(98)992102009,(  ),FATIMAPEREIRAZEILDE123@GMAIL.COM,20210527135546,yago,20210527135546,yago,(  )
961,,5,594,U.B.S. VILA BATALHA,01374-01,,POV. VILA BATALHA,00,,Z. RURAL,65706000,(98)991903290,(  ),IRENE69SUARES@GMAIL.COM,20210527135825,yago,20210527135825,yago,(  )
962,,5,594,U.B.S. VILA ESPERANCA,01375-01,,R. SAO FRANCISCO ,00,,VL ESPERANCA,65706000,(  ),(  ),LISSANDRO_TEC.ENF@HOTMAIL.COM,20210527140017,yago,20210527140017,yago,(  )
963,,5,594,U.B.S. LAGOA DOS CRENTES,01376-01,,POV. LAGOA DOS CRENTES,00,,Z. RURAL,65706000,(98)985344509,(  ),DASILVADESOUSA293@GMAIL.COM,20210527140351,yago,20210527140317,yago,(  )
964,,5,594,U.B.S. MAXIMIANO,01377-01,,POV. MAXIMOANO,00,,Z. RURAL,65706000,(98)991063074,(  ),FRANCISCOPEREIRAARAUJO@HOTMAIL.COM,20210527140605,yago,20210527140605,yago,(  )
965,,5,594,U.B.S. BACURI DOS QUARESMAS,01378-01,,POV. BACURI DOS QUARESMAS,00,,Z. RURAL,65706000,(98)991448500,(  ),TELSONLUIS1@GMAIL.COM,20210527140744,yago,20210527140744,yago,(  )
966,,5,594,U.B.S. CORDEIRO,01379-01,,POV. CORDEIRO,00,,Z. RURAL,65706000,(98)991708058,(  ),ALMEIDAALICE653@GMAIL.COM,20210527140957,yago,20210527140957,yago,(  )
967,,5,594,U.B.S. JOSE DA MATA,01380-01,,POV. SAO JOSE DA MATA ,00,,Z. RURAL,65706000,(98)991718248,(  ),ALIZANGELAFRANCIANE@GMAIL.COM,20210527141210,yago,20210527141210,yago,(  )
968,,5,490,C.P.N. MARIA NAZARE RODRIGUES ,01381-01,,R. SANTA LUZIA ,00,,TERRA BELA ,65390000,(98)981188284,(  ),RAYANEARAUJOPN@GMAIL.COM,20210527142400,yago,20210527142400,yago,(  )
970,,5,518,U.B.S. AMANCIO ALVES DOS SANTOS,01383-01,,ASSENT. ALTA MIRA,00,,Z. RURAL,65975000,(  ),(  ),SANDOVAS.JUNIOR@GMAIL.COM,20210601085450,yago,20210601085450,yago,(  )
971,,5,518,U.B.S. ALZENIRA GOMES,01384-01,,ASSENT. SERAFIM,00,,Z. RURAL,65975000,(  ),(  ),GRACIRENE_23@HOTMAIL.COM,20210601085740,yago,20210601085740,yago,(  )
972,,5,646,E.S.F. ACAIZAL,01385-01,,R. BOM JARDIM,00,,ACAIZAL GRANDE,65935000,(99)98975234,(  ),,20210601090526,yago,20210601090526,yago,(  )
973,,5,646,E.S.F. OLIMPO DE SOUZA,01386-01,,R. PRINCIPAL,00,,BOCA DA MATA,65935000,(  ),(  ),GILDEANE_20@HOTMAIL.COM,20210601090759,yago,20210601090759,yago,(  )
974,,5,646,E.S.F. MIGUEL NUNES,01387-01,,R. BOM JARDIM ,00,,CENTRO ,65935000,(  ),(  ),RAQUELFERNANDES_RFP@HOTMAIL.COM,20210601090945,yago,20210601090945,yago,(  )
975,,5,646,E.S.F. AMELIA ALENCAR,01388-01,,R. SANTANA,245,,NOVA MUCUIBA,65935000,(  ),(  ),PAIVAJOSY4@GMAIL.COM,20210601091158,yago,20210601091158,yago,(  )
976,,5,660,C.S. ADERALDO LOPES DE SOUSA,01389-01,,R. DO SOL,00 ,,CENTRO,65530000,(  ),(  ),IRENEVELOSO@HOTMAIL.COM,20210601091922,yago,20210601091922,yago,(  )
979,,5,582,U.B.S. LUIS BARBOSA RIBEIRO ,01392-01,,R. 02,00,,AGROVEMA,65640000,(99)999797928,(  ),,20210601094530,yago,20210601094530,yago,(  )
980,,5,582,U.B.S. DONA SINHA SANTOS,01393-01,,POV. BREJINHO DO ISMAEL,00,,Z. RURAL,65640000,(99)999797928,(  ),CLEYDEPALOMA@HOTMAIL.COM,20210601094901,yago,20210601094901,yago,(  )
981,,5,582,U.B.S. OSCAR RODRIGUES DE AZEVEDO,01394-01,,POV. FEITORIA,00,,Z. RURAL,65640000,(98)999797928,(  ),,20210601095028,yago,20210601095028,yago,(  )
982,,5,582,U.B.S. CICERO FEITOSA DA SILVA,01395-01,,POV. OLHO DAGUA DO NOGA,00,,Z. RURAL,65640000,(  ),(  ),CLAUDIAA.SOUSA@HOTMAIL.COM,20210601095233,yago,20210601095233,yago,(  )
984,,5,582,U.B.S. LAURO BARBOSA RIBEIRO,01397-01,,AV. JOAO PEREIRA FARIAS,00,,REDENCAO,65640000,(  ),(  ),RAYANNELIMA940@HOTMAIL.COM,20210601095659,yago,20210601095659,yago,(  )
985,,5,582,U.B.S. CENTRO II,01398-01,,AV. CAROLINA,00,,CENTRO,65640000,(  ),(  ),MARCELAIBIAPINAPAZ1@GMAIL.COM,20210601103044,yago,20210601103044,yago,(  )
986,,5,582,U.B.S. CENTRO DO NAZARE,01399-01,,POV. NAZARE,00,,Z. RURAL,65640000,(  ),(  ),KAIO.R@OUTLOOK.COM,20210601103212,yago,20210601103212,yago,(  )
987,,5,582,U.B.S. JACINTO ANTONIO DE MOURA,01400-01,,POV. PAIOL,00,,Z. RURAL,65640000,(  ),(  ),LYNARAOLIVEIRA16@GMAIL.COM,20210601103401,yago,20210601103401,yago,(  )
988,,5,500,U.B.S. JAIME ENRIQUE BASSANINI MATUK,01401-01,,R. DUQUE DE CAXIAS,286,,CENTRO,65295000,(00)984865863,(  ),LINDALVAREIS97@OUTLOOK.COM,20210601104614,yago,20210601104614,yago,(  )
989,,113,539,U.B.S. DRª MARIA ARAGAO ,01402-01,,Colinas,3523,,Parque Alvorada,65915632,(99)984530941,(  ),JHULIA.MOREREIRA@OUTLOOK.COM,20210610071311,yago,20210610071311,yago,(  )
990,,113,539,U.B.S. SANTA RITA,01403-01,,Miguel Baury,00,,Santa Rita,65919190,(99)991377506,(  ),MANUTHALLINE@GMAIL.COM,20210610071525,yago,20210610071525,yago,(99)981163178
940,,5,624,U.B.S. PEDRO NOGUEIRA SOARES ,01353-01,5792916,R. DA BOMBA,00,,LAGOA NOVA ,65970000,(98)991452263,(  ),ANE.SILVA123@HOTMAIL.COM,20210610072052,yago,20210521113222,yago,(  )
991,,5,624,U.B.S. SAO JOSE ,01404-01,,01,00,,AIRTON SENA ,65790000,(99)991063054,(  ),,20210610072703,yago,20210610072703,yago,(  )
993,,5,624,U.B.S. JOAO LENO VIEIRA,01406-01,,POV. PAULO,00,,Z. RURAL,65970000,(99)988299751,(  ),RENATAANTUNES264@GMAIL.COM,20210610073120,yago,20210610073120,yago,(  )
1071,,54,496,U.B.S. OTILIO MATOS LIMA,01484-01,,R. FLORENCIO BORGES,00,,POV. DO ,65280000,(98)984775477,(  ),,20210913143010,yago,20210910150550,yago,(  )
583,,0,539,U.B.S. DR° MILTON LOPES,01005-01,,R. LOURENCIO PIRES DOURADO,00,,BACURI,65901970,(  ),(  ),,20220408113838,yago,20190221084611,hiago,(  )
969,,113,460,U.B.S. FELIPE MACIEL LARANJEIRA,01382-01,,R. NICOLAU DINO,00,,CENTRO,65923000,(99)984440800,(  ),APOLYANAML@GMAIL.COM,20220525072303,yago,20210601084313,yago,(  )
977,,5,664,U.B.S. JOAO FIRMINO VAZ FILHO,01390-01,,POV. COQUE,00,,Z. RURAL,65320000,(98)984093071,(  ),ATENCAOBASICAVM21@GMAIL.COM,20230704075339,yago,20210601092507,yago,(  )
959,,5,594,HOSP. MUNICIPAL SAO SEBASTIAO ,01372-01,,R. JK ,00,,CENTRO,65706000,(98)984984232,(  ),10012008@HOTMAIL.COM,20221116114154,yago,20210527135257,yago,(  )
983,,5,582,U.B.S. ANTONIO GOMES DA SILVA,01396-01,,POV. LAGOA DO CAMINHO,00,,Z. RURAL,65640000,(  ),(  ),JOYCEDRIELY@GMAIL.COM,20240322101213,thalyta,20210601095436,yago,(  )
129,,113,531,U.B.S. VILA BAHIA,00622-01,2457083,ALTO SAO FRANCISCO ,S/N,,VL. BAHIA ,65284000,(98)984761986,(  ),THAISSS846@GMAIL.COM,20210610073316,yago,20170908095401,Implantação,(98)984753216
994,,113,539,U.B.S. VILA LOBÃO ,01407-01,,Antonio de Miranda,00,,Vila Lobão,65910030,(99)991463532,(  ),ALMEIDASILJANE@GMAIL.COM,20210615115317,yago,20210615115317,yago,(99)992077478
995,,113,539,U.B.S. ANA DAVES NETA SILVA SOUSA ,01408-01,,Dom Pedro II,00,,Parque Buriti,65916695,(99)981481320,(  ),THAISE.LOBÃO86@GMAIL.COM,20210615115607,yago,20210615115607,yago,(99)984740422
996,,5,464,U.B.S. BELA VISTA,01409-01,,POV. BELA VISTA ,00,,Z. RURAL,65368000,(98)985559376,(  ),,20210623100415,yago,20210623100415,yago,(98)984152413
997,,5,464,U.B.S. BOM PASTOR,01410-01,,QD. CANAA,00,,CENTRO ,65368000,(98)984936033,(  ),,20210623100629,yago,20210623100629,yago,(  )
998,,5,545,U.B.S. VALDEMAR MOTA E SILVA,01411-01,,R. SAO JOSE,00,,CENTRO,65922000,(99)991464961,(  ),SAMARIADEM@GMAIL.COM,20210707145612,yago,20210707145612,yago,(99)991034600
999,,36,545,U.B.S. JOAO PEREIRA DINIZ ,01412-01,,AV. BRASIL,00,,NORTE SUL,65922000,(99)981034883,(  ),ATENCAOBASICAJL@GMAIL.COM,20210707145803,yago,20210707145803,yago,(99)991034600
1000,,5,522,U.B.S. JOSE NOVATO,01413-01,,AV. AEROPORTO ,00,,RECREIO,65805000,(  ),(  ),,20210716090641,yago,20210716090641,yago,(  )
1001,,36,508,U.B.S. ANA LUISA DOS REIS ,01414-01,,AV. MOISES REIS ,00,KM 17,BR 316,65400000,(98)996947125,(  ),ACSMEDEIROS@HMAIL.COM,20210803122335,yago,20210803122335,yago,(99)991496010
1002,,36,508,U.B.S. DALGIZA PEIXOTO NASCIMENTO ,01415-01,,AV. GETULIO VARGAS,00,,POV. CAJAZEIRAS / Z. RURAL,65400000,(99)982013826,(  ),LOVE_DALVA@HOTMAIL.COM,20210803122601,yago,20210803122601,yago,(99)984534223
1003,,5,508,U.B.S. PROCOPIO ARAUJO SILVA,01416-01,,POV. BOA VISTA DO PROCOPIO ,00,,Z. RURAL,65400000,(99)981281322,(  ),ENFCRISNUNES@HOTMAIL.COM ,20210803122909,yago,20210803122909,yago,(98)988075831
1004,,5,495,U.B.S. ALFREDO NERES,01417-01,,07 DE SETEMBRO,00,,PREFEITURA,65968000,(99)988252081,(  ),SAUDECAMPESTRE@GMAIL.COM,20210809144633,yago,20210809144633,yago,(54)84000678
1005,,5,545,U.B.S. JOSE OSMAR,01418-01,,"R, BAYMAR JR",00,,POV.CENTRO DOS CARLOS,65922000,(99)992308860,(  ),,20210809145139,yago,20210809145139,yago,(99)991034600
1006,,5,545,U.B.S. AGRIPINO MARTINS JORGES,01419-01,,R. PRINCIPAL,00,,POV. BOM LUGAR ,65922000,(99)991034600,(  ),,20210809145333,yago,20210809145333,yago,(99)992058860
1007,,5,646,U.B.S. ALFREDO NUNES,01420-01,,R.CASTELO BRANCO,00,,VL ALICE NUNES,65935000,(99)988473293,(  ),,20210809145821,yago,20210809145821,yago,(  )
1008,,5,646,U.B.S. CUMARU,01421-01,,R. PRINCIPAL,00,,CUMARU,65935000,(99)988465433,(  ),,20210809150224,yago,20210809150224,yago,(  )
1009,,5,646,U.B.S. NOVA BRASILIA,01422-01,,POV. NOVA BRASILIA,00,,Z. RURAL,65935000,(99)999341099,(  ),,20210809150353,yago,20210809150353,yago,(  )
1010,,5,646,U.B.S. LUZIA PIPIRA,01423-01,,R. LUZIA PIPIRA,0,,ALTO DA PIPIRA,65935000,(99)984991863,(  ),,20210809150502,yago,20210809150502,yago,(  )
1016,,36,548,U.B.S. MERCEDES CARVALHO LEITE,01429-01,,AV. LAURA DE MELO ,00,,CENTRO ,65715000,(  ),(  ),,20210810080209,yago,20210810080209,yago,(  )
1019,,5,611,HOSP. MUN. SANTA HELENA,01432-01,,POV. MANOEL PAVAO DIAS,00,,PONTA DAREIA,65208000,(98)981284443,(98)983146003,,20210810083051,yago,20210810083051,yago,(98)981357948
1020,,113,525,HOSP. MUN. DR° LUIZ GONZAGA MARTINS,01433-01,,R. RUI BARBOSA,00,,CENTRO,65775000,(99)982419099,(  ),HOSPITALMUNICIPALLGD@GMAIL.COM,20210810083704,yago,20210810083704,yago,(99)981199620
1021,,5,655,C.S. DE TUFILANDIA,01434-01,,R. DAS ORQUIDEAS,00,,CENTRO,65378000,(98)36841026,(  ),DIEGLOPESBARROS@GMAIL.COM,20210810084904,yago,20210810084904,yago,(98)988780239
1022,,5,629,U.B.S. JOTA BELEM,01435-01,,R. JOTA BELEM ,00,,CENTRO,65385000,(98)985365750,(  ),,20210810090239,yago,20210810090239,yago,(  )
1023,,5,629,U.B.S. SANTAREM,01436-01,,POV. SANTAREM ,00,,Z. RURAL,65385000,(98)984008802,(  ),VIEIRACONSUELO@GMAIL.COM,20210810090440,yago,20210810090440,yago,(  )
1024,,36,479,U.B.S. PELOPIDAS RODRIGUES DE BARROS,01437-01,,AV. LUIS DE FRANCA BARROS,00,,CENTRO,65885000,(89)988036134,(89)989036134,SAUDEBLEITE2013@GMAIL.COM,20210812141312,yago,20210812141312,yago,(89)935447053
1025,,5,474,U.B.S. CARAIBAS DOS LOPES ,01438-01,,POV. CARAIBAS DOS LOPES,00,,Z. RURAL,65660000,(89)999221189,(  ),,20210812142159,yago,20210812142159,yago,(  )
1026,,5,474,U.B.S. LAMEIRAO,01439-01,,POV. LAMEIRAO ,00,,Z. RURAL,65660000,(89)994166204,(  ),,20210812142421,yago,20210812142421,yago,(  )
1027,,5,474,U.B.S. GONZAGA CARVALHO,01440-01,,TRAV. VALENTIM RAMOS ,00,,CAMPO ,65660000,(87)981370727,(  ),,20210812142914,yago,20210812142914,yago,(  )
1029,,5,474,U.B.S. VEREDA GRANDE ,01442-01,,R. JACINAS REZENDES,00,,VEREDA GRANDE ,65660000,(89)988075915,(  ),,20210812143223,yago,20210812143223,yago,(  )
1030,,5,581,U.B.S. FULGENCIO COSMO DA SILVA,01443-01,,AV. DO FULGENCIO,00,,SUBSTACAO,65670000,(99)984165102,(  ),CAROL-ALCOPE@HOTMAIL.COM,20210812144159,yago,20210812144159,yago,(  )
1031,,5,581,U.B.S. RAIMUNDO PEREIRA DE SA,01444-01,,POV. VARZINHA ,00,,Z. RURAL,65670000,(  ),(  ),ROGERIO-LAGO-SLG@HOTMAIL.COM,20210812144331,yago,20210812144331,yago,(99)984804333
1032,,5,581,U.B.S. ANTONIO DINIZ BARROS ,01445-01,,AV. 01 DE MAIO ,00,,CENTRO,65670000,(99)984716896,(  ),THAYLON1613@GMAIL.COM,20210812144532,yago,20210812144532,yago,(  )
1033,,5,581,U.B.S. SEVERINO FURTADO BRITO ,01446-01,,PRACA MANOEL MENDES,00,,CENTRO,65670000,(99)984460710,(  ),,20210812144651,yago,20210812144651,yago,(  )
1028,,5,474,U.B.S. SUCURUJU,01441-01,,POV. SURUCUJU ,00,,Z. RURAL,65660000,(89)981387143,(  ),,20210826145124,yago,20210812143004,yago,(  )
1267,,5,659,U.B.S. EXPEDITO BAQUIL,01680-01,,R. 01 ,00,,CENTRO ,65580000,(  ),(  ),,20230420085409,yago,20230420085409,yago,(  )
1014,,5,548,U.B.S. KATIA SORAIMA DE MELO,01427-01,,POV. 03 LAGOS,00,,Z. RURAL,65715000,(99)992235082,(  ),FRANCIMARA_VALE@HOTMAIL.COM,20230510140556,thalyta,20210810075840,yago,(  )
1015,,5,548,U.B.S. JOAO LUIZ RODRIGUES,01428-01,,POV. LAGOA SECA,00,,Z. RURAL,65715000,(99)984683257,(  ),ANAACRUZZ01@GMAIL.COM,20230510140707,thalyta,20210810075959,yago,(  )
1013,,5,548,U.B.S. OSVALDO ANTONIO DA SILVA,01426-01,,POV. SINDÔ I,00,,Z. RURAL,65715000,(98)981302086,(  ),KAREN-MFB@HOTMAIL.COM,20230510140754,thalyta,20210810075647,yago,(  )
1011,,5,548,U.B.S. HERONDINA LIMA DUARTE,01424-01,,POV. SANTA TEREZA,00,,Z. RURAL,65715000,(99)991233132,(  ),FRANCISCAMARIA9113@GMAIL.COM,20230510141030,thalyta,20210810075459,yago,(  )
1034,,5,581,U.B.S. FRANCISCA REGINA DA SILVA,01447-01,,R. CARLOS CEZAR,00,,CENTRO,65670000,(99)998805898,(  ),WALKYANE@OUTLOOK.COM,20210812144945,yago,20210812144945,yago,(  )
1035,,5,581,U.B.S. NELSON JOSE PEREIRA ,01448-01,,POV. TABULEIRAO,00,,Z. RURAL,65670000,(98)985132313,(  ),PRISCILA.VASCONCELOS@OTMAIL.COM,20210812145119,yago,20210812145119,yago,(  )
1036,,5,581,U.B.S. DARCY FURTADO ,01449-01,,R. TANCREDO NEVES,00,,CENTRO,65670000,(99)985060749,(  ),FRANCYREVIL@GMAIL.COM,20210812145249,yago,20210812145249,yago,(  )
1037,,5,581,U.B.S. FRANCISCO DIAS DE CARVALHO ,01450-01,,R. SANTO ANRONIO ,00,,CENTRO,65670000,(99)981924852,(  ),SMSPARAIBANO@HOTMAIL.COM,20210812145449,yago,20210812145449,yago,(  )
1038,,5,584,U.B.S. FELIX ALVES DE ARAUJO,01451-01,,R. GERSONIA MENDES DE SA ,00,,SAO JOSE,65870000,(99)984223300,(  ),W_EVERTON@HOTMAIL.COM,20210813094405,yago,20210813094405,yago,(99)984652276
1039,,5,584,U.B.S. MANOEL CONSTANTINO BRASIL ,01452-01,,POV. VARZEA DO MEIO ,000,,Z. RURAL,65870000,(99)988324563,(  ),W_EVERTON@HOTMAIL.COM,20210813094554,yago,20210813094554,yago,(99)984223300
1040,,5,584,U.B.S. ANAJÁS,01453-01,,POV. ROCADO ,00,,Z. RURAL,65870000,(99)984223300,(  ),W_EVERTON@HOTMAIL.COM,20210813094747,yago,20210813094747,yago,(99)984262456
1041,,5,584,U.B.S. ROÇADO,01454-01,,POV. ROÇADO ,00,,Z. RURAL,65870000,(99)984223300,(  ),W_EVERTON@HOTMAIL.COM,20210813095000,yago,20210813095000,yago,(99)984262456
1042,,5,584,U.B.S. SANTA FÉ,01455-01,,POV. SANTA FE,00,,Z. RURAL,65870000,(99)991760271,(  ),W_EVERTON@HOTMAIL.COM,20210813095238,yago,20210813095238,yago,(99)984223300
1043,,5,584,U.B.S. MIGUEL PEREIRA DINIZ ,01456-01,,POV. LAGOA DO BOI,00,,Z. RURAL,65870000,(99)984128796,(  ),W_EVERTON@HOTMAIL.COM,20210813095400,yago,20210813095400,yago,(99)984223300
1044,,5,536,U.B.S. ANAJATUBA,01457-01,,POV. ANAJATUBA,00,,Z.RURAL,65170000,(98)985626468,(  ),ENFJAYNNEARAUJO@OUTLOOK.COM,20210818080001,yago,20210818080001,yago,(  )
1045,,5,536,U.B.S. PRATA,01458-01,,POV. PRATA, 00,,Z. RURAL,65170000,(00)987356127,(  ),ABREU681@GMAIL.COM,20210819080702,yago,20210819080702,yago,(  )
1046,,5,536,U.B.S. ITAPERA,01459-01,,POV. ITAPERA ,00,,Z. RURAL,65170000,(98)984731958,(  ),,20210819111245,yago,20210819111245,yago,(  )
1047,,5,536,U.B.S. VER. THIAGO ALMEIDA - SEDE,01460-01,,R. CORONEL CORTES MACIEL,00,,CENTRO ,65170000,(98)984191343,(  ),BRUNODATYALMEIDA@GMAIL.COM,20210824104908,thalyta,20210824104908,thalyta,(  )
1048,,5,536,U.B.S. SANTA ISABEL ,01461-01,,R. PRINCIPAL ,00,,CENTRO,65170000,(98)985872842,(  ),VANILZEFERREIRA@HOTMAIL.COM ,20210824105040,thalyta,20210824105040,thalyta,(  )
1049,,5,564,U.B.S. SANTA LUZIA,01462-01,,POV. SANTA LUZIA,00,,Z. RURAL,65645000,(  ),(  ),CLEO_MARINHA@HOTMAIL.COM,20210825142908,yago,20210825142908,yago,(  )
1050,,5,564,U.B.S. MANDACARU,01463-01,,POV. MANDACARU,00,,Z. RURAL,65645000,(  ),(  ),ELENAIMORENA@HOTMAIL.COM,20210825143057,yago,20210825143057,yago,(  )
1051,,5,649,U.B.S. SEDE I,01464-01,,R. JOAO PARAIBANO,123,,CENTRO,65860000,(  ),(  ),,20210825144412,yago,20210825144412,yago,(  )
1052,,5,649,U.B.S. SEDE II,01465-01,,R. JOAO PARAIBANO,123,,CENTRO,65860000,(  ),(  ),,20210825144501,yago,20210825144501,yago,(  )
1053,,5,649,U.B.S. AGUA BRANCA,01466-01,,POV. AGUA BRANCA,00,,Z. RURAL,65860000,(  ),(  ),,20210825144725,yago,20210825144725,yago,(  )
1054,,5,649,U.B.S. PESQUEIRO ,01467-01,,POV. PESQUEIRO,00,,Z. RURAL,65860000,(  ),(  ),,20210825144808,yago,20210825144808,yago,(  )
1055,,5,649,U.B.S. VARZEA,01468-01,,POV. VARZEA,00,,Z. RURAL,65860000,(  ),(  ),,20210825145026,yago,20210825145026,yago,(  )
1057,,5,500,CENTRO DE REF. DA MULHER SIMONE NUNES LIMA,01470-01,,R. DUQUE DE CAXIAS,286,,CENTRO,65295000,(  ),(  ),,20210825145623,yago,20210825145623,yago,(  )
1058,,5,583,U.B.S. SEBASTIAO CANDIDO DE SOUSA,01471-01,,AV. DR WILSON DE MAGALHAES TORRES ,00,,CENTRO,65680000,(99)984336809,(  ),,20210826143400,yago,20210826143400,yago,(  )
1059,,5,583,U.B.S. ISABEL MARIA DE JESUS,01472-01,,AV. ZEZINHO SARAIVA ,00 ,,CENTRO,65680000,(00)984480652,(  ),,20210826143515,yago,20210826143515,yago,(  )
1060,,5,583,U.B.S. LUIZ GONZAGA ARAUJO ,01473-01,,AV.SANTOS DUMONT,00,,CENTRO,65680000,(99)984023375,(  ),,20210826143625,yago,20210826143625,yago,(  )
1061,,5,583,U.B.S. JOAO BATISTA REODRIGUES DA SILVA,01474-01,,TRAV. PRESD. COSTA E SILVA,00,,CENTRO,65680000,(99)984408866,(  ),,20210826143723,yago,20210826143723,yago,(  )
1062,,5,583,U.B.S. RAIMUNDO JOSE RODRIGUES,01475-01,,TRAV. DO PRADO ,00,,CENTRO,65680000,(99)984256830,(  ),,20210826143832,yago,20210826143832,yago,(  )
1063,,5,583,U.B.S. GATO,01476-01,,POV. GATO,00,,Z. RURAL,65680000,(99)984172156,(  ),,20210826143941,yago,20210826143941,yago,(  )
1064,,5,583,U.B.S. ALTA LEITE,01477-01,,POV. ALTA LEITE,00,,Z. RURAL,65680000,(99)984344482,(  ),,20210826144055,yago,20210826144055,yago,(  )
1065,,5,583,U.B.S. LAZARO BANDEIRA BARRA,01478-01,,POV. BACABINHA ,00,,Z. RURAL,65680000,(99)984680230,(  ),,20210826144157,yago,20210826144157,yago,(  )
1066,,5,583,U.B.S. NAZARE,01479-01,,POV. NAZARE,00,,Z. RURAL,65680000,(99)984067989,(  ),,20210826144250,yago,20210826144250,yago,(  )
1056,,5,464,U.B.S. CURVA DA LINHA,01469-01,,CURVA DA LINHA ,00,,CENTRO,65368000,(98)989989365,(  ),,20210826144758,yago,20210825145358,yago,(  )
1067,,5,589,U.B.S. JACARE,01480-01,,R. DO COMERCIO ,00,,CENTRO,65213000,(  ),(  ),ERILIASANTOS@HOTMAIL.COM,20210903094521,yago,20210903094521,yago,(  )
249,,113,614,U.B.S. SANTA LUZIA DO PARUA,00243-01,2311321,PROF JOAO MORAES DE SOUSA,S/N,,CENTRO,     ,(  ),(  ),,20210903094943,yago,20170908095401,Implantação,(  )
1068,,5,614,HOSP. REG. SANTA LUZIA DO PARUA ,01481-01,,R. SAO FRANCISCO ,00,,CENTRO,65272000,(98)984114247,(98)989144734,TERESA-SAMILLA@HOTMAIL.COM,20210903095443,yago,20210903095443,yago,(98)984881613
1069,,5,496,U.B.S. RAIMUNDA CLOTILDE VINHAS,01482-01,,R. JULIO ,00,,POV. BARAO DE TROMAI ,65280000,(98)984007888,(  ),,20210910150329,yago,20210910150329,yago,(  )
1070,,5,496,U.B.S. VILA GRACINHA ,01483-01,,R. J.K.,00,,VILA GRACINHA,65280000,(98)984426773,(  ),,20210910150438,yago,20210910150438,yago,(  )
1072,,5,496,U.B.S. AGUAS BELAS ,01485-01,,AV. DA BRASILIA ,00,,POV. AGUAS,65280000,(98)984156061,(  ),,20210910150704,yago,20210910150704,yago,(  )
1073,,5,623,HOSP. MUN. SAO DOMINGOS DO AZEITAO,01486-01,,R. ASSEMBLEIA ,00,,CENTRO,65888000,(99)984899193,(99)988514660,PAULACAFETEIRA@GMAIL.COM,20210913142912,yago,20210913142912,yago,(99)984061552
1074,,113,612,U.B.S. COHAB I,01487-01,,R.01,00,,COHAB,65300000,(98)984469735,(  ),,20210915144616,yago,20210915144616,yago,(  )
908,,54,498,U.B.S. SANTA CRUZ,01321-01,,POV. SANTA CRUZ,00,BR 135,Z. RURAL,65735000,(99)991001617,(  ),,20211004121308,yago,20210506081635,yago,(99)991566344
1076,,5,510,U.B.S. CAMBIRIMBA,01489-01,,R. PRINCIPAL ,00,,CENTRO,65690000,(  ),(  ),,20211020124106,yago,20211020124106,yago,(  )
1077,,5,465,HOSP. REG. DE ARAIOSES,01490-01,,AV. DR PAULO RAMOS ,00,,CENTRO,65570000,(86)988960084,(  ),,20211020125112,yago,20211020125112,yago,(  )
1078,,5,465,HOSP. N.S. DA CONCEICAO,01491-01,,AV. DR PAULO RAMOS,00,,CENTRO ,65570000,(86)988960084,(  ),,20211020125255,yago,20211020125255,yago,(  )
1079,,5,607,U.B.S. LIDIA PEREIRA DA SILVA,01492-01,,FAZ. BACURI ,00,,Z. RURAL,65570000,(99)991692985,(  ),,20211025101750,yago,20211025101750,yago,(  )
1080,,113,607,U.B.S. JACI PEREIRA DA SILVA,01493-01,,R. PARANA,00,,CENTRO,65570000,(98)984597576,(  ),,20211025101914,yago,20211025101914,yago,(  )
1081,,5,615,U.B.S. JARDIM ,01494-01,,R. DO ACAI ,00,,JARDIM ,65540000,(  ),(  ),,20211027111602,yago,20211027111602,yago,(  )
1082,,5,615,U.B.S. BAIRRO NOVO,01495-01,,R. JOAO DE DEUS ,,,NOVO ,6554000,(  ),(  ),,20211027111906,yago,20211027111906,yago,(  )
1083,,5,615,U.B.S. PASSARADA,01496-01,,R. DAS ANDORINHAS,00,,PASSARADA,65540000,(  ),(  ),,20211027112006,yago,20211027112006,yago,(  )
1084,,5,615,U.B.S. ROCA,01497-01,,POV. ROCA,00,,Z. RURAL,65540000,(  ),(  ),,20211027112146,yago,20211027112146,yago,(  )
1085,,5,615,U.B.S. SANTA QUITERIA VELHA ,01498-01,,R. NUNES FREIRE,00,,CENTRO,65540000,(  ),(  ),,20211027112244,yago,20211027112244,yago,(  )
1086,,5,615,U.B.S. COCEIRA I,01499-01,,POV. COCEIRA ,00,,Z. RURAL,65540000,(  ),(  ),,20211027112337,yago,20211027112337,yago,(  )
1087,,5,615,U.B.S. COCEIRA II,01500-01,,POV. PAU CERRADO ,00,,Z. RURAL,65540000,(  ),(  ),,20211027112422,yago,20211027112422,yago,(  )
1088,,5,615,U.B.S. RIACHO DO MEIO ,01501-01,,POV. RIACHO DO MEIO ,00,,Z. RURAL,65540000,(  ),(  ),,20211027112507,yago,20211027112507,yago,(  )
1089,,5,615,U.B.S. BARRA DA ONCA,01502-01,,POV. BARRA DA ONCA,00,,Z. RURAL,65540000,(  ),(  ),,20211027112629,yago,20211027112629,yago,(  )
1090,,5,615,U.B.S. ROCA VELHA ,01503-01,,POV. ROCA VELHA ,00,,Z. RURAL,65540000,(  ),(  ),,20211027112728,yago,20211027112728,yago,(  )
1091,,5,615,U.B.S. LADEIRA,01504-01,,POV. LADEIRA ,00,,Z. RURAL,65540000,(  ),(  ),,20211027112811,yago,20211027112811,yago,(  )
1092,,5,615,U.B.S. BURITI SECO,01505-01,,POV. BURITI SECO ,00,,Z. RURAL,65540000,(  ),(  ),,20211027112952,yago,20211027112952,yago,(  )
992,,5,624,U.B.S. PRACA DA BIBLIA,01405-01,,R. 01 ,00,,CIBRAZEM,65790000,(99)991024791,(  ),JOICE_GOSPEL1@HOTMAIL.COM,20211214114650,yago,20210610072903,yago,(  )
575,,36,614,U.B.S. D. ANTONIA FONTES CAMARA,00980-01,,JOÃO MORAIS SOUSA,S/N,,CENTRO,65272000,(98)987564321,(  ),,20211217083435,yago,20190221081824,paulo,(  )
62,,113,494,U.B.S. MARIA DA PAZ CARDOSO,00611-01,7605781,MANOEL CLODOMIR SEREJO ,S/N,,CENTRO,65210000,(  ),(  ),,20211221085425,yago,20170908095401,Implantação,(  )
1096,,5,487,U.B.S. VER. ARAQUEM VIEIRA DA ROCHA DINIZ,01509-01,,R. PRINCIPAL ,00,,POV. BREJO NOVO ,65315000,(98)991730797,(  ),,20211221111550,yago,20211221111550,yago,(  )
1097,,54,650,U.B.S. SANTA ISABEL ,01510-01,,POV. POVA MATOES ,00,,Z. RURAL,65668000,(89)994116522,(  ),,20211221112354,yago,20211221112354,yago,(  )
1095,,36,487,U.B.S. SAO DOMINGOS,01508-01,,AV. DR MIRANDA,00,,POV. SAO DOMINGOS ,65315000,(98)998991730,(  ),,20211221112526,yago,20211221111431,yago,(  )
1098,,54,650,U.B.S. TINGUIS GIZELDA CARVALHO RIBEIRO ,01511-01,,POV. TINGUIS,00,,Z. RURAL,65668000,(89)994116522,(  ),,20211221112855,yago,20211221112855,yago,(  )
1099,,54,457,U.B.S. AUZILANDIA II,01512-01,,POV. AUZILANDIA ,00,,Z. RURAL,65938000,(98)988872456,(  ),,20211221113632,yago,20211221113632,yago,(  )
1100,,5,501,U.B.S. UNIFACEMA,01513-01,,R. DO AEROPORTO ,00,,TESODURO,65609899,(99)984262952,(  ),DIONEMILHOMEM08@GMAIL.COM,20211228143620,yago,20211228143620,yago,(  )
548,,113,506,U.B.S. SOCORRINHO,00952-01,,TANCREDO NEVES,S/N,,NOVO CASTELO,65500000,(98)981442727,(  ),JEILSONAMORIM@HOTMAIL.COM,20220111122813,yago,20190220080013,paulo,(98)991423206
1102,,5,489,U.B.S. SAO RAIMUNDO ,01515-01,,POV. ALEGRE,00,,Z. RURAL,65685000,(99)981454503,(  ),,20220203103559,yago,20220203103559,yago,(  )
1101,,5,489,U.B.S. MAE JOAQUINA BARBOSA,01514-01,,POV. FAZENDA NOVA ,00,,Z.RURAL,65685000,(86)994093679,(  ),,20220203103622,yago,20220203103445,yago,(  )
1103,,5,515,U.B.S. TRIAGULO,01516-01,,R. DO COMERCIO,00,,POV. TRIANGULO,65765000,(99)991377337,(  ),SHEILABATISTA@HOTMAIL.COM,20220208083535,yago,20220208083535,yago,(  )
1105,,36,579,MAT. DE PACO DO LUMIAR,01518-01,,AV. 13,00,,MAIOBAO,65130000,(98)391988451,(  ),,20220215095928,yago,20220215095928,yago,(98)999122894
1106,,5,570,U.B.S. RITA,01519-01,,POVOADO RITA,00,,Z. RURAL,65360000,(98)99100065,(98)991234093,,20220307095210,yago,20220307095210,yago,(98)991940317
1107,,5,450,U.B.S. JARDIM AMERICA,01520-01,,R. SANTA CLARA ,00  ,,SANTA CLARA ,65930000,(99)991402648,(  ),,20220307095625,yago,20220307095625,yago,(99)991642922
1108,,5,475,U.B.S. CENTRO DOS RAMOS,01521-01,,POV. CENTRO DOS RAMOS ,00,,Z. RURAL,65950000,(99)981109770,(  ),,20220318110224,yago,20220318110224,yago,(  )
1109,,5,475,U.B.S. BARRO BRANCO ,01522-01,,POV. BARRO BRANCO,00,,Z. RURAL,65950000,(99)981109770,(  ),,20220318110405,yago,20220318110405,yago,(  )
1110,,5,475,U.B.S. ESCONDIDO,01523-01,,POV. ESCONDIDO ,00,,Z. RURAL,65950000,(99)991005772,(  ),,20220318110516,yago,20220318110516,yago,(  )
1111,,5,475,U.B.S. BOA SORTE,01524-01,,POV. BOA SORTE,00,,Z. RURAL,65950000,(99)984560403,(  ),,20220318110610,yago,20220318110610,yago,(  )
1112,,5,475,U.B.S. AGROVILA DOS CURRAIS ,01525-01,,POV. AGROVILA DOS CURRAIS ,00,,Z. RURAL,65950000,(99)998456040,(  ),,20220318110752,yago,20220318110752,yago,(  )
1113,,5,475,U.B.S. NARU ,01526-01,,POV. NARU ,00,,Z. RURAL,65950000,(99)984560703,(  ),,20220318110932,yago,20220318110932,yago,(  )
1093,,5,457,U.B.S. MINEIRINHO II,01506-01,,POV. MINEIRINHO ,00,,Z. RURAL,65398000,(99)984805783,(  ),MARIAGORETEARAUJO@GMAIL.COM,20220511085730,yago,20211029090947,yago,(  )
1104,,5,515,U.B.S. CANDIDO HERMES,01517-01,,R.  BELA VISTA ,00,,POV. CANDIDO HERMES,65765000,(99)991262194,(  ),EMANUELLAJP@HOTMAIL.COM,20240207092719,thalyta,20220208101110,yago,(  )
1377,,5,655,U.B.S. PEDRO BRANCO,01797-01,,R. 01 ,00,,CENTRO ,65398000,(  ),(  ),,20241007105257,yago,20241007105257,yago,(  )
1114,,5,475,U.B.S. DR° JOSE DE ABREU ,01527-01,,R. BENEDITO LEITE ,00,,CENTRO ,65950000,(99)981395983,(  ),,20220318111030,yago,20220318111030,yago,(  )
1115,,5,475,U.B.S. VER. ALDO ANDRADE,01528-01,,R. LUZIA MILHOMEM ,00,,N.S. DAS DORES ,65950000,(99)984279276,(  ),,20220318111134,yago,20220318111134,yago,(  )
1116,,5,475,U.B.S. IPIRANGA,01529-01,,POV. IPIRANGA ,00,,Z. RURAL,65950000,(  ),(  ),,20220318111238,yago,20220318111238,yago,(99)982049811
1117,,5,475,U.B.S. SAO JOSE DO MEARIM ,01530-01,,R. GRANDE / POV.SAO JOSE DO MEARIM ,00,,Z. RURAL ,65950000,(99)981618288,(  ),,20220318111344,yago,20220318111344,yago,(  )
1118,,5,475,U.B.S. LUIZ TEREZA,01531-01,,POV. SANTA VITORIA ,00,,Z. RURAL,65950000,(99)988536223,(  ),,20220318111506,yago,20220318111506,yago,(  )
1119,,5,475,U.B.S. TRES LAGOAS DO MANDUCA,01532-01,,AV. SANTO ANTONIO / POV TRES LAGOAS DO MANDUCA,00,,Z. RURAL,65950000,(  ),(  ),,20220318111621,yago,20220318111621,yago,(  )
1120,,5,475,U.B.S. ANAPURUS,01533-01,,R. SAO FRANCISCO / POV. ANAPURUS,00,,Z. RURAL,69500000,(99)984448124,(  ),,20220318111749,yago,20220318111749,yago,(  )
1121,,5,475,U.B.S. VL NENZIM,01534-01,,R.SAO PEDRO ,00,,VL NENZIM,65950000,(99)984485963,(  ),,20220318111848,yago,20220318111848,yago,(  )
1122,,5,475,U.B.S. ANGELA MARIA DO NASCIMENTO ,01535-01,,R. PROJETADA III,000,,TAMARINDE,65950000,(99)985030883,(  ),,20220318112025,yago,20220318112025,yago,(  )
1123,,5,475,U.B.S. CLEMENTE,01536-01,,POV. CLEMENTE,00,,Z. RURAL,65950000,(99)984089645,(  ),,20220318112252,yago,20220318112252,yago,(  )
1124,,5,475,U.B.S. CAJAZEIRA BR,01537-01,,POV. CAJAZEIRA BR,00,,Z. RURAL,65950000,(99)984089645,(  ),,20220318112347,yago,20220318112347,yago,(  )
1125,,5,475,U.B.S. MANOEL INACIO,01538-01,,R. DA ESCOLA ,00,,LV MARIANO ,65950000,(99)999358381,(  ),,20220318112440,yago,20220318112440,yago,(  )
1126,,5,475,U.B.S. LUMAUMA DA MATA ,01539-01,,POV. LUMAUMA DA MATA ,00,,Z. RURAL,65950000,(99)985147917,(  ),,20220318112603,yago,20220318112603,yago,(  )
1127,,5,475,U.B.S. CAJAZEIRA II,01540-01,,POV. CAJAZEIRA II ,00,,Z. RURAL,65950000,(99)985147917,(  ),,20220318112710,yago,20220318112710,yago,(  )
1128,,5,475,U.B.S. CENTRO DO ROQUE,01541-01,,POV.CENTRO OD ROQUE,00,,Z. RURAL,65950000,(99)991491403,(  ),,20220318112818,yago,20220318112818,yago,(  )
535,,139,570,U.B.S. TRIZIDELA,00939-01,,POVOADO DE TRIZIDELA,,,ZONA RURAL,65360000,(98)988190707,(  ),IZIDORIOMORENO@GMAIL.COM,20220322094210,yago,20190219114821,paulo,(  )
336,,113,659,SEMUS DE TUTOIA,00574-01,6827225,NAZARE,S/N,,CENTRO,65580000,(  ),(  ),,20220407090043,yago,20170908095401,Implantação,(  )
558,,139,659,U.B.S. PAXICÁ,00962-01,5354250,PAXICA,S/N,,POVOADO PAXICÁ,65580000,(86)994717000,(  ),,20220407090116,yago,20190220093443,paulo,(  )
559,,113,659,U.B.S. PORTO DE AREIA,00963-01,2463873,SÃO SEBASTIÃO ,S/N,,PORTO DE AREIA ,65580000,(98)988887892,(  ),THATATPV@HOTMAIL.COM,20220407090133,yago,20190220093955,paulo,(  )
560,,139,659,U.B.S. RIACHO DO MEIO,00964-01,5478890,RIACHO DO MEIO,S/N,,ZONA RURAL,65580000,(98)999348087,(  ),,20220407090147,yago,20190220094349,paulo,(  )
561,,139,659,U.B.S. COCAL,00965-01,2463822,COCAL,S/N,,ZONA RURAL,65580000,(98)984009657,(  ),,20220407090201,yago,20190220095459,paulo,(  )
562,,113,659,U.B.S. CENTRO,00966-01,5476976,CAPITÃO DEMETRIO,1109,,CENTRO,65580000,(86)994865543,(  ),,20220407090220,yago,20190220095853,paulo,(  )
76,,113,503,U.B.S. JOAQUIM ANTONIO,00356-01,2644282,DOMINGOS FELISBERTO,S/N,,CENTRO,65267000,(  ),(  ),,20220408102844,yago,20170908095401,Implantação,(  )
1130,,5,666,U.B.S. DR° LUIS HENRIQUE BRAGA POLARY,01543-01,, BR 316,00,,CENTRO,65365000,(98)91293677,(  ),adrikacosta5@uol.com.br    ,20220408113531,yago,20220408113531,yago,(  )
1129,,5,666,U.B.S. TOMAZ DE AQUINO,01542-01,,R. CASTRO LISBOA,00,,VL NOVA,65365000,(98)981075415,(  ),ubs.vnova@gmail.com,20220408113612,yago,20220408113054,yago,(  )
1094,,5,539,U.B.S. VILA CONCEICAO ,01507-01,,R. 25 DE JULHO ,34,,VL CONCEICAO I,65919899,(99)992056429,(  ),,20220408114006,yago,20211130093810,yago,(99)991077817
1142,,5,469,U.B.S. SECO DAS MULATAS,01554-01,,POV. SECO DAS MULATAS,00,,Z. RURAL,65900000,(99)984344358,(  ),ANDREIAGOMES1203@OUTLOOK.COM,20220601074054,yago,20220601074054,yago,(  )
1131,,5,539,U.B.S. CAMACARI,01544-01,,R. RAFAEL DE ALMEIDA,00,,CENTRO,65919190,(99)981407151,(  ),LUCIANA_MMENFERMAGEM@HOTMAIL.COM,20220413090926,yago,20220408114329,yago,(  )
1132,,5,654,U.B.S. CHICO CHICOTE,01545-01,,RUA 02 QD 11 LOT PORTAL DO VALE,00,PEDREIRAS ,SANTO ANTONIO ,65727000,(99)984468790,(  ),REJANESALLES1516@GMAIL.COM,20220412091155,yago,20220411140724,cristiana,(99)981091803
1134,,54,510,U.B.S. BOA SORTE,01546-01,,POV. BOA SORTE,00,,Z. RURAL,65690000,(  ),(  ),MAYARA1000K@GMAIL.COM,20220413080332,yago,20220413080332,yago,(  )
1135,,54,523,U.B.S. SAO JOSE,01547-01,,POV. SAO JOSE ,00,,Z. RURAL,65695000,(99)988217999,(  ),SEMUS.FORTUNA@GMAIL.COM,20220413080856,yago,20220413080856,yago,(  )
1136,,5,523,U.B.S. DOCA REGO,01548-01,,R. DO SOL ,00,,CENTRO ,65695000,(99)984605223,(  ),SEMUS.FORTUNA@GMAIL.COM,20220413081013,yago,20220413081013,yago,(  )
1137,,5,466,U.B.S. ELIZETE ALVES,01549-01,,R. BARAO DO GRAJAU,00,,CENTRO,65945000,(  ),(  ),,20220510085236,yago,20220510084712,yago,(  )
1138,,5,598,U.B.S. REMANSO ,01550-01,,POV. REMANSO ,00,,Z. RURAL,65263000,(98)984721359,(  ),,20220519085053,yago,20220519085053,yago,(  )
1140,,5,469,U.B.S. PIRATININGA,01552-01,,R. C BRANCO,00,,CENTRO,65900000,(99)981233880,(  ),,20220601073548,yago,20220601073548,yago,(  )
1141,,5,469,U.B.S. CENTRO,01553-01,,R. OSVALDO CRUZ,45,,CENTRO,65900000,(99)981286068,(  ),FRANCINILDES292@GMAIL.COM,20220601073752,yago,20220601073752,yago,(  )
1143,,36,469,U.B.S. COHAB I,01555-01,,AV. 02 ,00,,COHABI ,65900000,(99)981824000,(  ),JORDANIACARVALHO2019@GMAIL.COM,20220601074345,yago,20220601074345,yago,(  )
1144,,5,469,U.B.S. JUCARAL,01556-01,,R. 01,00,,BOSQUE ARACATI ,65900000,(99)981120556,(  ),AS@HOTMAIL.COM,20220601075754,yago,20220601075754,yago,(  )
1145,,5,570,U.B.S. AREAS,01557-01,,POV. MONCAO ,00,,Z. RURAL,65360000,(98)991940317,(  ),LU.BANDEIRAO0123@GMAIL.COM,20220601080108,yago,20220601080108,yago,(  )
1146,,5,536,U.B.S. SEDE I,01558-01,,R. CEL. CORTES MACIEL ,00,,CENTRO ,65170000,(00)987916933,(  ),LAUCANTANHEDE@GMAIL.COM,20220601080942,yago,20220601080942,yago,(  )
1133,,5,635,U.S.F PIRAPORA,01589-01,,R. 03,00,QD 06,PQ SERLANDRA / PIRAPORA,65010,(  ),(  ),USFPIRAPORA@GMAIL.COM,20250224085056,thalyta,20220411141016,cristiana,(  )
1147,,5,536,U.B.S. SEDE II,01559-01,,R. CEL. CORTES MACIEL,00,,CENTRO,65170000,(00)984191343,(  ),,20220601081232,yago,20220601081232,yago,(  )
1148,,5,536,U.B.S. BOA VISTA ,01560-01,,R. PRINCIPAL ,00,,CENTRO ,65170000,(00)987029831,(  ),,20220601081507,yago,20220601081507,yago,(  )
1149,,5,536,U.B.S. BOQUEIRAO,01561-01,,R. PRINCIPAL,00,,CENTRO,65170000,(00)982025427,(  ),,20220601081707,yago,20220601081707,yago,(  )
1150,,5,536,U.B.S. SERTAOZINHO,01562-01,,R. PRINCIPAL ,00,,CENTRO ,65170000,(00)981204807,(  ),,20220601081848,yago,20220601081848,yago,(  )
1151,,5,536,U.B.S. ITATUABA,01563-01,,R. PRINCIPAL ,00,,CENTRO ,65170000,(00)991025218,(  ),,20220601082041,yago,20220601082041,yago,(  )
1152,,5,653,U.B.S. CIDADE NOVA III,01564-01,,R. P ,00,,CENTRO ,65638899,(  ),(  ),,20220601114955,yago,20220601114955,yago,(  )
1153,,5,653,U.B.S. CAIC,01565-01,,AV. PALESTINA ,00,,CENTRO,65638899,(  ),(  ),,20220601115032,yago,20220601115032,yago,(  )
1154,,5,653,U.B.S. 08/36,01566-01,,R. MANOEL GOMES DA SILVA,00,,PQ ALVORADA,65638899,(  ),(  ),,20220601115202,yago,20220601115202,yago,(  )
1155,,5,653,U.B.S. FORMOSA ,01567-01,,R. 1004,40,,FORMOSA ,65638899,(  ),(  ),,20220601115318,yago,20220601115318,yago,(  )
1156,,5,653,U.B.S. FLORES ,01568-01,,R. PEREMETRAL ,00,,CENTRO,65638899,(  ),(  ),,20220601115521,yago,20220601115521,yago,(  )
1157,,5,653,U.B.S. PARQUE UNIAO,01569-01,,R. 103,469,,PQ UNIAO ,65638899,(  ),(  ),,20220601115635,yago,20220601115635,yago,(  )
1160,,5,653,U.B.S. ANGELICA,01572-01,,R. SAO JOSE ,00,,CENTRO ,65638899,(  ),(  ),,20220601120612,yago,20220601120612,yago,(  )
1161,,5,653,U.B.S. BANDEIRANTE ,01573-01,,R. 20,1157,,VL BANDEIRANTE ,65638899,(  ),(  ),,20220601121132,yago,20220601121132,yago,(  )
1162,,5,624,U.B.S. RODOLFO AUGUSTO LIMA DOS SANTOS,01574-01,,R. DO POSTO,00,,TRIZIDELA ,65790000,(  ),(  ),,20220621112820,yago,20220621112820,yago,(  )
1139,,5,469,U.B.S. BAIRRO DA AREIA,01551-01,,R. VIRIATO CORREIA,00,,AREIA,65900000,(99)981152688,(  ),BIANCA.COSTA.15@HOTMAIL.COM,20220701085054,thalyta,20220601073244,yago,(  )
1163,,5,539,U.B.S. OSMARINA NOLETO CHAVES,01575-01,,R. COLETORA IV,00,,CONJ. VITORIA ,65919899,(99)991986309,(  ),UBSOSMARINANOLETOCHAVES@GMAIL.COM,20220721083437,yago,20220721083437,yago,(99)981811783
1164,,5,567,U.B.S. MARIA JOSE GOMES DE CARVALHO ,01576-01,,AV.CENTRAL ,00,,MURIÇOCA,65850000,(99)984770651,(  ),,20220721084045,yago,20220721084045,yago,(  )
1165,,5,529,U.B.S. ISABEL DE BRITO,01577-01,,POV. SAO JOAO DA MATA ,00,,Z. RURAL ,65795000,(  ),(  ),,20220805101147,yago,20220805101147,yago,(  )
1166,,5,529,U.B.S. PEDRO FERREIRA JOSE,015778-01,,R.SAO JOSE ,00,,CENTRO ,65795000,(  ),(  ),,20220805101244,yago,20220805101244,yago,(  )
1167,,5,529,U.B.S. PORTO ALEGRE,01579-01,,POV. PORTO ALEGRE ,00,,Z. RURAL ,65795000,(  ),(  ),,20220805101344,yago,20220805101344,yago,(  )
1168,,5,456,U.B.S. ANTONIA LOPES DE OLIVEIRA ,01580-01,,POV. BURDAO ,00,,Z. RURAL ,65413000,(  ),(  ),,20220805102126,yago,20220805102126,yago,(  )
1169,,5,456,U.B.S. RAIMUNDA BATISTA BEZERRA VIEIRA ,01581-01,,R. SAO RAIMUNDO ,00,,CENTRO ,65413000,(  ),(  ),,20220805102317,yago,20220805102317,yago,(  )
1170,,5,456,U.B.S. INACIO PEREIRA DA SILVA ,01582-01,,R.SANTA LUZIA ,,,CENTRO ,65413000,(  ),(  ),,20220805102516,yago,20220805102516,yago,(  )
1171,,5,609,U.B.S. FERNANDO ELIAS E SILVA CARVALHO ,01583-01,,POV. ANANAS,,,Z. RURAL ,65830000,(  ),(  ),,20220805102942,yago,20220805102942,yago,(  )
1172,,5,609,MARIA DA PAIXAO BRITO PEREIRA ,01584-01,,R. PEDRO LOPES GOMES,00,,VL TIAO ,65830000,(  ),(  ),,20220805103118,yago,20220805103118,yago,(  )
1173,,5,556,U.B.S. BURITIRANA,01585-01,,BR 230 ,00,,Z. RURAL ,65895000,(  ),(  ),,20220805103850,yago,20220805103850,yago,(  )
1174,,5,556,U.B.S. DANIEL VIRGINIO ROCHA ,01586-01,,DISTRITO AGRICOLA ,00,,Z. RURAL ,65895000,(  ),(  ),,20220805103943,yago,20220805103943,yago,(  )
1175,,5,556,U.B.S. SANTA FE,01587-01,,R. SANTA LUZIA ,,,SANTA FE,65895000,(  ),(  ),,20220805104101,yago,20220805104101,yago,(  )
1176,,5,556,U.B.S. MAE ALTA ,01588-01,,"R, 15 DE NOVEMBRO ",00,,CENTRO ,65895000,(  ),(  ),,20220805104148,yago,20220805104148,yago,(  )
978,,5,664,U.B.S. ANTONIO CARLOS FALCÃO,01391-01,,POV. COQUE,00,,Z. RURAL,65320000,(98)984093071,(  ),ATENCAOBASICAVM21@GMAIL.COM,20220808095331,yago,20210601092701,yago,(  )
1177,,113,635,U.B.S. QUEBRA POTE,01591-01,,PRACA DO CEMITERIO ,00,,QUEBRA POTE,65010000,(  ),(  ),,20220824082623,yago,20220824082623,yago,(  )
305,,113,635,U.B.S. JD SÃO CRISTOVAO,00738-01,2310007,HAROLDO PAIVA QD 13,869,,SÃO CRISTOVAO,65010000,(  ),(  ),,20220824085238,yago,20170908095401,Implantação,(  )
1179,,113,635,U.B.S. SAO RAIMUNDO ,01594-01,,AV. JOSE SARNEY,00,,MAURO FECURY II,65010000,(  ),(  ),,20220824085734,yago,20220824085734,yago,(  )
1180,,113,635,U.B.S. VALDECY ELIOTERIA MARTINS,01595-01,,AV. PAU BRASIL,00,,RESD. PARAISO ,65010000,(  ),(  ),,20220824085906,yago,20220824085906,yago,(  )
1185,,113,635,U.B.S. VER. BATISTA MATOS,01600-01,,R. ZOE CERVEIRA,05,,ALEMANHA,65010000,(  ),(  ),,20220824090943,yago,20220824090943,yago,(  )
1186,,113,635,U.B.S. IPASE ,01601-01,,R. MANOEL BANDEIRA ,02,,IPASE DE CIMA,65010000,(  ),(  ),,20220824091105,yago,20220824091105,yago,(  )
1187,,113,635,U.B.S. MARIA AYRECILA DA SILVA ,01602-01,,R. 16,00,QD 82,CID. OLIMPICA,65010000,(  ),(  ),,20220824091519,yago,20220824091519,yago,(  )
1159,,5,653,U.B.S. PARQUE PIAUI II,01571-01,,R. 90 ,00,,CENTRO ,65638899,(  ),(  ),,20231201091124,thalyta,20220601120237,yago,(  )
1178,,113,635,U.B.S. COHAB ANIL I,00108-01,,R. 04 ,00,04 CONJUNTO I,COHAB ANIL ,65010000,(  ),(  ),CSCOHABANIL1@GMAIL.COM,20240718085126,yago,20220824085613,yago,(  )
1184,,113,635,U.S.F. COQUEIRO ,01599-01,,R. DA VITORIA ,00,,COQUEIRO ,65010000,(  ),(  ),COQUEIROUSF@GMAIL.COM,20240729083808,yago,20220824090839,yago,(  )
1182,,5,635,C. S. OLÍMPICA III,01597-01,,R. 04,00,,QD 100,65010000,(  ),(  ),,20240801101854,thalyta,20220824090512,yago,(  )
1183,,113,635,C.S. DR. EXPEDITO ALVES DE MELO ,01598-01,,AV. BRASIL ,00,QD 12,ALEXANDRA TAVRES,65010000,(  ),(  ),,20241016075151,thalyta,20220824090714,yago,(  )
1181,,5,635,C.S. SAO CRISTOVAO ,01596-01,,R. CAMPO ESTRELA ,00,,TIRIRICAL ,65010000,(  ),(  ),,20250108095322,thalyta,20220824090311,yago,(  )
650,,113,635,C.S. FABICIANA MORAES,01058-01,,Cinco,,QD. 07,Habitar Nice Lobão,65058695,(  ),(  ),CSFABICIANADEMORAES@GMAIL.COM,20250219083855,thalyta,20190314083001,hiago,(  )
1188,,113,635,U.B.S. DA LIBERDADE ,01604-01,,R. MACHADO DE ASSIS ,00,,LIBERDADE,65010000,(  ),(  ),,20220824091836,yago,20220824091836,yago,(  )
1190,,113,635,U.B.S. ANTONIO GUANARE,01608-09,,R. DA VITORIA ,00,,COROADINHO ,65010000,(  ),(  ),,20220824104033,yago,20220824104033,yago,(  )
1192,,113,635,U.B.S. THALLES RIBEIRO GONCALVES ,01611-01,,R. N.S. DA CONCEICAO ,00,,VL ESPERANCA,65010000,(  ),(  ),,20220824104616,yago,20220824104616,yago,(  )
1193,,113,635,U.B.S. ANTONIO CARLOS SOUSA REIS ,01612-01,,R. 02 ,24,QD 64,CID. OLIMPICA,65010000,(  ),(  ),,20220824104813,yago,20220824104813,yago,(  )
1196,,113,635,U.B.S. BEZERRA DE MENEZES,01619-01,,TRAV. HEMETERIO LEITAO ,00,,Centro,65010000,(  ),(  ),,20220824105928,yago,20220824105928,yago,(  )
1197,,113,635,U.B.S. COQUILHO ,01620-01,,AV. PRINCIPAL,10-A,,COQUILHO ,65010000,(  ),(  ),,20220824110123,yago,20220824110123,yago,(  )
1198,,113,635,U.B.S. RADIONAL,01621-01,,R. G,00,,RADIONAL ,65010000,(  ),(  ),,20220824110228,yago,20220824110228,yago,(  )
1199,,113,635,U.B.S. JOAO PAULO ,01622-01,,R. AGOSTINHO TORRES,00,,JOAO PAULO ,65010000,(  ),(  ),,20220824110351,yago,20220824110351,yago,(  )
1200,,113,635,U.B.S. GENESIO RAMOS FILHO ,01623-01,,R. VIEIRA,25,,COHAB ANIL IV,65010000,(  ),(  ),,20220824110512,yago,20220824110512,yago,(  )
1201,,5,631,U.B.S. JOSELIA MACEDO RAMOS,01603-01,,POV. BACABINHA,00,,Z. RURAL,65615000,(  ),(  ),,20220830120218,yago,20220830120218,yago,(  )
1202,,5,631,U.B.S. HILZAMAR DE SOUSA OLIVEIRA,01615-01,,R. SAO JOSE ,00,,MUTIRAO,65615000,(  ),(  ),,20220830120323,yago,20220830120323,yago,(  )
1203,,5,631,U.B.S. MARIA DA INDIA,01618-01,,POV. AXIXA,00,,Z.RURAL,65615000,(  ),(  ),,20220830120424,yago,20220830120424,yago,(  )
1204,,5,631,U.B.S. JOAO ACELINO DOS SANTOS,01617-01,,POV. SAO JOAQUIM ,00,,Z. RURAL ,65615000,(  ),(  ),,20220830120521,yago,20220830120521,yago,(  )
1205,,5,631,U.B.S. MARLY SARNEY,01616-01,,POV. PEDRAS,00,,Z. RURAL ,65615000,(  ),(  ),,20220830120716,yago,20220830120716,yago,(  )
1206,,5,631,U.B.S. SANTA MARIA ,01610-01,,POV.SANTA MARIA ,00,,Z. RURAL ,65615000,(  ),(  ),,20220830120830,yago,20220830120830,yago,(  )
1207,,5,631,U.B.S. CANDEIAS,01605-01,,POV.CANDEIAS,00,,Z. RURAL ,65615000,(  ),(  ),,20220830121130,yago,20220830121130,yago,(  )
1208,,5,631,U.B.S. BOM JARDIM ,01606-01,,POV. BOM JARDIM ,00,,Z. RURAL,65615000,(  ),(  ),,20220830121231,yago,20220830121231,yago,(  )
1209,,113,635,CLINICA DA FAMILIA MORADA DO SOL- MARACANÃ,01624-01,,10- RESP. LUCIANA CARVALHO,00,MORADA DO SOL,MARACANÃ,65109899,(  ),(  ),CLINICADAFAMILIAMORADADOSOL@GMAIL.COM,20220906131126,carliane,20220906131126,carliane,(  )
1211,,9,509,HOSP MUNICIPAL MATERNIDADE DE COELHO NETO,001268-01,,GUIMARAES SILVA,,RESP AWYLANE,,65620000,(98)984320465,(  ),,20220923160845,cristiana,20220923160845,cristiana,(98)989347383
1210,,9,509,HOSP MUNIC MATERNIDADE DE COELHO NETO,01625-01,,AV GUIMARAES SILVA ,,RESP AWRYLANE,,65620000,(98)989347383,(  ),,20220929121703,carliane,20220922163003,cristiana,(98)984320465
1212,,5,453,U.B.S. SAO JOAO DE CORTES,01626-01,,POV.SAO JOAO DE CORTES,00,,Z. RURAL,65250000,(  ),(  ),,20221004074832,yago,20221004074832,yago,(  )
1213,,5,453,U.B.S. JAPEU,01627-01,,POV. JAPEU,00,,Z. RURAL,65250000,(  ),(  ),,20221004074929,yago,20221004074929,yago,(  )
1214,,5,453,U.B.S. PEPTAL,01628-01,,POV. PEPTAL ,00,,Z. RURAL,65250000,(  ),(  ),,20221006074750,yago,20221006074750,yago,(  )
1215,,5,453,U.B.S. PEROBA DE CIMA,01629-01,,POV. PEROBA DE CIMA ,00,,Z. RURAL ,65250000,(  ),(  ),,20221006074903,yago,20221006074903,yago,(  )
1216,,5,453,U.B.S. OITIUA,01630-01,,POV. OITIUA ,00 ,,Z. RURAL,65250000,(  ),(  ),,20221006075420,yago,20221006075420,yago,(  )
1217,,5,453,U.B.S. RAIMUNDO SU ,01631-01,,POV. RAIMUNDO SU ,00,,Z. RURAL ,65250000,(  ),(  ),,20221006075641,yago,20221006075641,yago,(  )
172,,113,557,U.B.S. FLORIANO C.MATOS,00321-01,2457458,RUA MARECHAL CATELO BRANCO,S/N,,CENTRO,65290000,(98)981350846,(  ),RIBEIROJOEL@HOTMAIL.COM,20221010095109,yago,20170908095401,Implantação,(  )
1218,,5,541,U.B.S. MANOEL LISBOA DE CARVALHO,01632-01,,POV. SAO FRANCISCO ,00,BR 222,Z. RURAL ,65485000,(98)999667355,(  ),AMANDAROBERTA_11@HOTMAIL.COM,20221011091020,yago,20221011091020,yago,(  )
9,,113,456,HOSP. REG. DE ALTO ALEGRE,00719-01,7073224,TEREZA MURAD,S/N,,TUCUM,65413000,(  ),(  ),,20221024084442,yago,20170908095401,Implantação,(  )
1219,,5,612,U.B.S. TRES SATUBAS,01633-01,,POV. TRES SATUBAS ,00,,Z. RURAL,65300000,(  ),(  ),,20221110143235,yago,20221110143235,yago,(  )
1220,,5,612,U.B.S. AGUA PRETA,01634-01,,R. GRANDE,00,,POV. AGUA PRETA,65300000,(  ),(  ),,20221110143402,yago,20221110143402,yago,(  )
1221,,5,612,U.B.S. JUCARAL DO CAPISTRANO,01635-01,,R. MARCONE FARIAS,00,,POV. JUCARAL DO CAPISTRANO,65300000,(  ),(  ),,20221110143652,yago,20221110143652,yago,(  )
1222,,5,612,U.B.S. SANTA FILOMENA ,01636-01,,BR 222,00,,SANTA FILOMENA ,65300000,(  ),(  ),,20221110143744,yago,20221110143744,yago,(  )
1223,,5,637,HOSP. REG. DE SAO MATEUS DO MARANHAO,01637-01,,BR 135,00,,CENTRO,65470000,(98)988190237,(  ),,20221122070818,yago,20221122070818,yago,(  )
1224,,3,612,HOSP. MACROREG. TOMAS MARTINS ,01638-01,,BR 316,00 ,KM 216,CENTRO,65300000,(98)984850895,(  ),ARISTONICO.NETO@INSTITUTOACQUA.ORG.BR,20221123141056,yago,20221123141056,yago,(98)981244436
1225,,36,635,C.P.H. NAZIRA ASSUB,00562-01,,PRINCIPAL ,00,BR 135; KM 23,ESTIVA,     ,(00)988153030,(  ),NAZIRAASSUBSLZ@GMAIL.COM,20230110073242,carliane,20230110073242,carliane,(  )
1228,,69,539,U.B.S. COQUELANDIA,01641-01,,DO ARROZ,00,,CENTRO,65919899,(99)981190919,(  ),PSIMPERATRIZ@GMAIL.COM,20230208095050,yago,20230117075709,carliane,(99)981994124
1227,,113,509,U.B.S. DR FERNANDO COUTO ,01640-01,,TONICO COUTO ,00,,CAJUEIRO ,65620000,(98)983359203,(  ),,20230208095149,yago,20230117074956,carliane,(98)970249675
1195,,113,635,C.S. VILA BACANGA - EMBRIAO,01614-01,,R. DA UNIAO ,00,,VL BACANGA ,65010000,(  ),(  ),,20241023094616,thalyta,20220824105241,yago,(  )
1226,,54,509,U.B.S. JOAO DAMASCENO ,01639-01,,POV BANANALZINHO ,00,,Z.RURAL,65620000,(99)982575168,(  ),JARDIANEOLIVEIRA56@GMAIL.COM,20230208095226,yago,20230117074744,carliane,(  )
1189,,113,635,CLÍNICA DA FAMÍLIA DO CENTRO,01607-01,,R. OSVALDO CRUZ ,921,,Centro,65010000,(98)988256459,(  ),LETICIATAVARES@GMAIL.COM,20231004090747,thalyta,20220824103719,yago,(  )
1191,,113,635,CENTRO DE SAÚDE DR JOSE CARLOS MACIEIRA,01609-01,,AV. PRESD. MEDICE ,0,,SACAVEM ,65010000,(  ),(  ),,20240605093614,thalyta,20220824104411,yago,(  )
1194,,113,635,C.S. BARRETO,01613-01,,R. SAO DOMINGOS ,37,,BARRETO ,65010000,(  ),(  ),,20250109092350,thalyta,20220824104935,yago,(  )
1246,,0,466,U.B.S. INDIGENA ALDEIA ANGICO TORTO,01659-01,,AREA INDIFGINA ALDEIA ANGICO TORTO,,,,65945000,(99)984510597,(  ),PBASEARAME@GMAIL.COM,20230208094204,yago,20230126141426,cristiana,(  )
1257,,5,533,U.B.S. POLO BASE DE GRAJAU,01670-01,,AV. HILTON NUNES,663,,RODOVIARIO,65940000,(99)988369965,(  ),TONIN_SALES@HOTMAIL.COM,20230208093244,yago,20230208093244,yago,(  )
1245,,0,475,U.B.S. INDIGENA DA  COLONIA,01658-01,,RESERVA INDIGINA DA COLONIA,,,,65950000,(99)984271466,(  ),POLOINDIGINABARRADOCORDA2022@GMAIL.COM,20230208094230,yago,20230126141133,cristiana,(  )
1240,,113,469,U.B.S. SETUBAL,01653-01,,DA CRUZ ,40,,SETUBAL,65700000,(99)984079108,(  ),EDIGLEYBRITO7@GMAIL.COM,20230208094442,yago,20230120132803,carliane,(  )
1239,,54,469,U.B.S. SAO PAULO APOSTOLO ,01652-01,,SAO PAULO APOSTOLO,,,,65700000,(99)984303655,(  ),AMANDAMAGALHAES243@GMAIL.COM,20230208094512,yago,20230120132619,carliane,(  )
1251,,0,483,U.B.S. INDIGENA ALDEIA JANUARIA,01664-01,,ALDEIA JANUARIA,,,,65380000,(98)991390405,(  ),INSTITUCIONALPOLOBASE@GMAIL.COM,20230208093924,yago,20230126143034,cristiana,(  )
1244,,0,544,U.B.S. ALDEIA BARRERINHA,01657-01,,RESERVA INDIGINA BARREIRINHA,,RES.KAUANA DE SOUSA,,65962000,(99)984271466,(  ),KAUANA.DESOUZALIMA@GMAIL.COM,20230208094250,yago,20230126140731,cristiana,(  )
1242,,0,469,U.B.S. VILA NOVA,01655-01,2458039,POVOADO VILA NOVA,,,,65700000,(99)988354398,(  ),LALAMAGALHAES@HOTMAIL.COM,20230208094314,yago,20230120152627,cristiana,(  )
1250,,0,571,U.B.S. KRIKATI,01663-01,,ALDEIA SAO JOSE,,RESP.LISANDRA,,65936000,(99)981129027,(  ),LISANDRACBATISTA@GMAIL.COM,20230208093944,yago,20230126142702,cristiana,(  )
1249,,0,484,U.B.S. ALDEIA JENIPAPO DOS RIBEIROS,01662-01,,ALDEIA JENIPAPO DOS RIBEIROS,,,,65395000,(99)85546111,(  ),ERNANE.FARAY@HOTMAIL.COM,20230208094010,yago,20230126142415,cristiana,(  )
1243,,0,520,U.B.S. ALDEIA ESCALVADO,01656-01,,RESERVA INDIGINA ESCALVADO,,,,65962000,(99)984271466,(  ),POLOINDIGINABARRADODOCORDA2022@GMAIL.COM,20230208080301,yago,20230126140158,cristiana,(  )
1247,,0,460,U.B.S. INDIGENA AUGUSTO MOREIRA GAVIAO,01660-01,,ALDEIA GOVERNADOR,,RES. ADRIANA ,,65923000,(99)984171238,(  ),POLOBASEDEAMARANTE@GMAIL.COM,20230208093725,yago,20230126141850,cristiana,(  )
1256,,113,663,U.B.S. JOAO EVANGELISTA DA SILVA ,01669-01,,PRINCIPAL ,00,,JATOBAZINHO ,65924000,(99)991970633,(  ),NADA_CPESSOA@HOTMAIL.COM,20230208093749,yago,20230131140806,carliane,(  )
1255,,113,663,U.B.S. VILA AMERICANA ,01668-01,,PEDRO LOPES,00,VILA JOAO PINTO ,,65924000,(99)984751135,(  ),,20230208093812,yago,20230131140638,carliane,(  )
1254,,54,504,U.B.S. INDIGENA AXIGUIRENDA,01667-01,,ALDEIA INDIGINA,,RESP.WANDERSON,,65288000,(98)982300917,(  ),,20230208093832,yago,20230126143926,cristiana,(  )
1253,,54,464,U.B.S. INDIGENA,01666-01,,ALDEIA ZE GURUPI,,RESP.WANDERSON,,65368000,(98)982309717,(  ),,20230208093849,yago,20230126143709,cristiana,(  )
1252,,0,483,U.B.S. INDIGENA ALDEIA AWA,01665-01,,ALDEIA AWA,,RESP.RAIMUNDO,,65380000,(98)991390405,(  ),INTITUCIONALPOLOBASE@GMAIL.COM,20230208093908,yago,20230126143334,cristiana,(  )
1248,,0,460,U.B.S. INDIGENA DE JUCARAL,01661-01,,ALDEIA JUCARAL ,,,,65923000,(99)84171238,(  ),,20230208094028,yago,20230126142045,cristiana,(  )
1241,,0,469,U.B.S. TERRA DO SOL ,01654-01,7941188,TERRA DO SOL   II QD 19,19,,,65700000,(99)981315199,(  ),AMANDA.WSS@HOTMAIL.COM,20230208094337,yago,20230120145354,cristiana,(  )
1238,,54,469,U.B.S. SAO JOSE DAS VERDADES,01651-01,,POV SA JOSE DAS VERDADES,00,,Z.RURAL,65700000,(99)984574209,(  ),ANACAVALCANTES0102@GMAIL.COM,20230208094609,yago,20230120132144,carliane,(  )
1237,,113,469,U.B.S. IRINEU A NOGUEIRA,01650-01,,NOVA ,00,,ALTO BANDEIRANTE,65700000,(99)981302240,(  ),GLENDAMARIA_1@HOTMAIL.COM,20230208094626,yago,20230120131946,carliane,(  )
1236,,113,469,U.B.S. ESPERANCA,01649-01,,10 DE NOVEMBRO,00,,ESPERANCA,65700000,(99)981456195,(  ),LUDMILLA_AMARAL@HOTMAIL.COM,20230208094647,yago,20230120131803,carliane,(  )
1235,,54,469,U.B.S. LUZIANA ,01648-01,,POV LUZIANA ,00,,,65700000,(99)981081823,(  ),NATHALYSOSAYTYRIBEIRO@GMAIL.COM,20230208094719,yago,20230120131641,carliane,(  )
1234,,54,469,U.B.S. BOM PRINCIPIO,01647-01,2460041,POVOADO BOM PRINCIPIO,,,,65700000,(99)992056309,(  ),,20230208094742,yago,20230119163619,cristiana,(  )
1233,,5,469,U.B.S. NOVO BACABAL,01646-01,3428990,RUA 12 QD 25 ,05,,VL FREI SOLANO,65700000,(99)984922974,(  ),KATIABOLIVEIRA.ENF@GMAIL.COM,20230208094805,yago,20230119163320,cristiana,(  )
1232,,9,469,U.B.S. AREAL ,01645-01,2460211,AV JOAO ALBERTO DE SOUZA ,55,,AREAL,65700000,(99)981866675,(  ),MILLABARROS59@HOTMAIL.COM,20230208094827,yago,20230119162806,cristiana,(  )
1231,,0,469,U.B.S. ALTO FRAGOSO,01644-01,2460149,POVOADO ALTO FRAGOSO,,,,65700000,(99)981233880,(  ),GOMES_IGS@HOTMAIL.COM,20230208094849,yago,20230119162355,cristiana,(  )
1230,,0,469,U.B.S. ALDEIA,01643-01,245997,POVOADO ALDEIA,,TCJPJC29@GMAIL.COM,,65700000,(99)982174774,(  ),,20230208094906,yago,20230119161113,cristiana,(  )
1229,,113,529,U.B.S. BRAZ ARAUJO PONTES ,01642-01,,SANTA LUZIA ,00,,BOCA DA MATA ,65795000,(99)984558878,(  ),DRWATHILLASANTANA@GMAIL.COM,20230208095028,yago,20230117080018,carliane,(  )
1258,,5,476,CEPAPS - CENTRO BARREIRINHENSE DE PROTECAO A SAUDE,01671-01,,R. ANTONIO DIAS,00,,CENTRO,65590000,(98)988013947,(  ),,20230214084804,yago,20230214084804,yago,(98)984359289
1260,,5,550,U.B.S. VER. FENELON CANDEIRA CALDAS,01673-01,,POV. MANGUARI,00,,Z. RURAL ,65700000,(99)981413455,(  ),MAIARAWF@HOTMAIL.COM,20230301093600,yago,20230301093600,yago,(  )
1261,,5,467,U.B.S. BAMBURRAL,01674-01,,POV. BAMBURAL ,00,,Z. RURAL,65480000,(  ),(  ),,20230303081027,yago,20230303081027,yago,(  )
1262,,5,467,U.B.S. VALEMTIM OLIVEIRA DUTRA ,01675-01,,POVOADO ,00,,Z. RURAL ,65480000,(  ),(  ),,20230303081307,yago,20230303081307,yago,(  )
1263,,5,585,U.B.S. SIMPLICIO,01676-01,,POV. SIMPLICIO ,00,,Z. RURAL ,65585000,(98)985066469,(  ),SOUSAAYALA52@GMAIL.COM,20230323085240,yago,20230323085240,yago,(  )
1264,,5,585,U.B.S. MARROCOS,01677-01,,POV. MARROCOS ,00,,Z. RURAL ,65585000,(98)999733624,(  ),,20230323085519,yago,20230323085519,yago,(  )
1259,,5,559,U.B.S. ALTO PARAISO,01672-01,3519139,SAO LUIS,0,,ALTO PARAISO,65289000,(  ),(  ),NATHANY.CUTRIM@GMAIL.COM,20230420083912,yago,20230223160458,cristiana,(98)981673894
1265,,5,659,U.B.S. BAIXAO DO MURICI,01678-01,,R. 01 ,00,,CENTRO ,65580000,(  ),(  ),,20230420085249,yago,20230420085249,yago,(  )
1266,,5,659,U.B.S. ARPOADOR,01679-01,,R. 01 ,00,,CENTRO,65580000,(  ),(  ),,20230420085325,yago,20230420085325,yago,(  )
1018,,5,548,U.B.S. MARIA DA NATIVIDADE MENDES ,01431-01,,R. JERICÓ ,00,,JARDINS SINAI ,65715000,(99)982243441,(  ),ALDALICEMARTINSLIMA@GMAIL.COM,20230510135843,thalyta,20210810080647,yago,(  )
1012,,5,548,U.B.S. UMBACA,01425-01,,POV. UMBACA,00,,Z. RURAL,65715000,(99)991004913,(  ),JAYLANEMATOSFERREIRA@GMAIL.COM,20230510135944,thalyta,20210810075551,yago,(  )
1017,,5,548,U.B.S. WALDIR FILHO,01430-01,,AV. MAURA JORGE SN,00,,WALDIR FILHO ,65715000,(99)981252024,(  ),,20230510141131,thalyta,20210810080424,yago,(  )
498,,0,548,U.B.S. CENTRO DO AGOSTINHO,00902-01,,POV. CENTRO DO AGOSTINHO,00,,Z. RURAL,65715000,(99)984730158,(  ),BATISTAOLIVEIRA547@GMAIL.COM,20230510143613,thalyta,20190219090331,hiago,(  )
1269,,5,595,U.B.S. DR° LUIS SOUSA GUIMARAES,01682-01,,R. ESTRADA MATOES,00,,ALTO GAVIAO,65460000,(  ),(  ),,20230518114630,yago,20230518114630,yago,(  )
1268,,5,495,U.B.S. LUIS OLIVEIRA DANTAS,01681-01,,R. GOV. EDSON LOBAO ,00,,VL NOVA,65968000,(  ),(  ),,20230518114717,yago,20230420090423,yago,(  )
1270,,5,535,U.B.S. POLO SANTA CLARA ,01683-01,,R. GEORDANO MOCHEL ,,,SANTA CLARA,65180000,(  ),(  ),,20230523091723,yago,20230523091723,yago,(  )
1271,,5,535,U.B.S. POLO ACHUI ,01684-01,,AV. SAO BENEDITO ,00,,ACHUI,65180000,(  ),(  ),,20230523091814,yago,20230523091814,yago,(  )
1272,,5,535,U.B.S. POLO RAMPA ,01685-01,,R. SAO SEBASTIAO ,00,,CENTRO ,65180000,(  ),(  ),,20230523092130,yago,20230523092130,yago,(  )
1273,,5,548,UNID DE SAUDE UNHA DE GATO,00298-01,,NAO IDENTIFICADO,,,,     ,(98)984609447,(  ),RAIMUNDASOUSAPRETA@GMAIL.COM,20230523142101,cristiana,20230523142101,cristiana,(  )
1291,,5,466,U.B.S. MARIA ALICE,01703-01,,MORRO SAO JOAO ,00,,CENTRO,65945000,(99)988342970,(  ),ALEXSSANDRA_10@HOTMAIL.COM,20230922121123,yago,20230922121123,yago,(  )
1275,,5,537,U.B.S. LAGE COMPRIDA,01687-01,,POV. LAGE,00,,Z. RURAL,65345000,(  ),(  ),,20230626121325,yago,20230626121325,yago,(  )
1276,,113,653,U.B.S. MUTIRAO,01688-01,,R. 05,,,VL BANDEIRANTES,65605270,(  ),(  ),,20230626121732,yago,20230626121732,yago,(  )
1274,,124,595,U.B.S. JOAO MENDES ALMEIDA ,01686-01,,DA ESTRELA ,*,RES.RAYANE FRAZÃO,NOVA PIRAPEMAS,65460000,(98)981502291,(  ),RAYFRAZAO@GMAIL.COM,20230626122029,yago,20230614152015,carliane,(98)982336541
1277,,5,653,U.B.S. PARQUE PIAUI ESF 26 ,01689-01,,R. JOAQUIM PEDREIRA,08,,PQ PIAUI I,65638899,(  ),(  ),,20230719083951,thalyta,20230719083421,yago,(  )
1158,,5,653,U.B.S. JOIA,01570-01,,R. CREIONA ,170,,JOIA ,65638899,(  ),(  ),NITHELLYOLIVEIRA@HOTMAIL.COM,20230719093741,thalyta,20220601115743,yago,(  )
1278,,5,533,U.B.S. MISTA DR. ITAMAR GUARA ,01690-01,,R. DAS VERBENAS,00,,COHAB,65940000,(99)991733578,(  ),LEIAFERNANDESMOREIRA9@GMAIL.COM,20230725083901,yago,20230725083757,yago,(  )
1279,,5,533,U.B.S. EUNICE LIMA BRITO,01691-01,,R. EDSON LOBAO,00,,VILINHA,65940000,(99)991697988,(  ),ADMBRITO2015@GMAIL.COM,20230725084248,yago,20230725084248,yago,(  )
1280,,5,533,U.B.S. RAIMUNDO NONATO ADVINCULA DE BARROS ,01692-01,,RB 226,00,,AEROPORTO,65940000,(99)991734914,(  ),FRANCISCO29BARROS@GMAIL.COM,20230725084421,yago,20230725084421,yago,(  )
1281,,5,533,U.B.S. SEN. VITORINO FREIRE ,01693-01,,R. ANTONIO FRANCISCO DOS REIS ,00,,CENTRO ,65940000,(99)981311270,(  ),MEDRADO02@HOTMAIL.COM,20230725084617,yago,20230725084617,yago,(  )
1282,,5,533,U.B.S. OTAVIO LIMA DE ARRUDA,01694-01,,R. SAO JOAO ,00,,CENTRO ,65940000,(99)982511319,(  ),,20230725084915,yago,20230725084915,yago,(  )
1283,,5,478,U.B.S. CURVA DA MATA DO BOI,01695-01,,R. PRINCIPAL ,00,,POV. CURVA DA MATA DO BOI ,65335000,(98)982023726,(  ),PRATICIAKEYLA2009@HOTMAIL.COM,20230802082857,yago,20230802074427,yago,(  )
1284,,5,478,U.B.S. TOCANTINS,01696-01,,BR 316,00,,CENTRO ,65335000,(98)984781228,(  ),GLEISONSL3@HOTMAIL.COM,20230802083032,yago,20230802074625,yago,(  )
1285,,54,478,UBS. CENTRO DO LULU,01697-01,,POV. CENTRO DO LULU,*,,,65335000,(98)984781228,(  ),GLEIDSONSF3@HOTMAIL.COM,20230802093034,carliane,20230802092835,carliane,(  )
1286,,5,505,U.B.S. ALDEIDE SANTOS,01698-01,,R. DO POSTO DE SAUDE,00,,POV. CHEGA TUDO,65299000,(98)984261645,(  ),SABRINACX@LIVE.COM,20230810091808,yago,20230810091808,yago,(  )
1287,,5,505,U.B.S. ATALIBA PINHEIRO ,01699-01,,AV. AYTON SENNA ,00,,CENTRO ,65299000,(98)984261645,(  ),SABRINACX@LIVE.COM,20230810092102,yago,20230810092102,yago,(  )
1288,,5,505,U.B.S. BARREIRA VERMELHA ,01700-01,,POV. BARREIRA VERMELHA,00,,Z. RURAL ,65299000,(98)998261545,(  ),SABRINACX@LIVE.COM,20230810092237,yago,20230810092237,yago,(  )
1289,,5,505,U.B.S. PICARRA ,01701-01,,AV. FLORIANO PEIXOTO,000,,PICARRA ,65299000,(98)984261645,(  ),SABRINACX@LINE.COM,20230810110643,yago,20230810110643,yago,(  )
673,,0,499,U.B.S. DR. RODRIGO RESENDE SILVA,01081-01,,AV. FREDERICO MARTINS DE AZEVEDO,,,SUCUPIRA,65980000,(62)982797192,(  ),JEHALANA59@GMAIL.COM,20230810151510,thalyta,20190320071425,hiago,(  )
1290,,5,523,U.B.S. GONÇALO JOSE DE SOUSA,01702-01,,POV. BACURI ,00,,Z. RURAL ,65695000,(99)999041341,(  ),YASMIN1630@HOTMAIL.COM,20230815080338,yago,20230815080338,yago,(  )
1292,,5,618,U.B.S. MANOEL ALVES DA SILVA,01704-01,,POV. SATUBA ,00,,Z. RURAL,65195000,(00)989078359,(  ),JOSENILDEVIANA9999@GMAIL.COM,20230927102156,yago,20230927102156,yago,(  )
1293,,5,618,U.B.S. JOANA DINIZ SOUZA,01705-01,,POV. BOA VISTA ,00,,Z. RURAL,65195000,(98)991708797,(  ),CLAYDYAAMA9596@GMAIL.COM,20230927105046,yago,20230927105046,yago,(  )
1294,,5,618,U.B.S. SANGUE,01706-01,,POV. SANGUE,00,,Z. RURAL ,65195000,(98)991387903,(  ),MAYLANEAZEVEDOSANTOS9@GMAIL.COM,20230927105834,yago,20230927105834,yago,(  )
1296,,5,516,U.B.S. ANGELICA ALVES DA SILVA,01708-01,,POV .FERRO ,00,,Z. RURAL,65625000,(86)999826576,(  ),MONITORAMENTO@GMAIL.COM,20231002082042,yago,20231002082042,yago,(  )
1295,,5,516,U.B.S. JOSE FURTADO ,01707-01,,CONJ. JOSE FURTADO ,00,,CENTRO ,65625000,(86)999826576,(  ),MONITORAMENTO@GMAIL.COM,20231002082110,yago,20231002081846,yago,(  )
1297,,5,653,U.B.S. PADRE DELFINO,01709-01,,R. BABACU ,00,,RESD. PADRE DELFINO,65638899,(86)998424699,(  ),NERENA_KAROLYNE@HOTMAIL.COM,20231010150826,yago,20231010150826,yago,(  )
1298,,5,622,U.B.S. BAIXA GRANDE,01710-01,,POV. BAIXA GRANDE ,00,,Z. RURAL,65550000,(  ),(  ),,20231018115401,yago,20231018115401,yago,(  )
1300,,36,654,U.B.S. GENI DE JESUS ALVES NUNES,01712-01,,AV. MARIA DOS NAVEGANTES,00,,CENTRO,65727000,(99)982550426,(  ),JEANEA701@GMAIL.COM,20231019122143,yago,20231019122143,yago,(  )
728,,0,462,U.B.S.F. SANDRO MENDES,01153-01,,R. 07 DE SETEMBRO ,00,,SANTO ANTONIO,65525000,(  ),(  ),TESTE.PEZINHO.ANAPURUS@GMAIL.COM,20231026112417,yago,20190328114815,hiago,(  )
1301,,5,462,U.B.S. TERESA TEIXEIRA BASTOS,01713-01,,R. 01 ,00,,SANTA BARBARA ,65525000,(  ),(  ),TESTE.PEZINHO.ANAPURUS@GMAIL.COM,20231026112937,yago,20231026112937,yago,(  )
725,,0,462,U.B.S.F. LIDIO VIEIRA DOS SANTOS,01151-01,,POV. BEBEDOURO ,00,,Z. RURAL,65525000,(98)984329112,(  ),TESTE.PEZINHO.ANAPURUS@GMAIL.COM,20231026113400,yago,20190328114518,hiago,(  )
1302,,5,637,U.B.S. SAO MARCOS ,01714-01,,AV. ANTONIO PEREIRA ARAGAO,00,,CENTRO ,65470000,(99)981328102,(  ),JAIRESMACEDO178@GMAIL.COM,20231107110937,yago,20231107110937,yago,(  )
1303,,5,637,U.B.S. AVENIDA PIQUI,01715-01,,AV. ACIOLY NUNES,00,,CENTRO ,65470000,(99)992199049,(  ),EQUIPEAVENIDAP@GMAIL.COM,20231107111458,yago,20231107111458,yago,(  )
1304,,5,653,U.B.S. 03/20,01716-01,,R. 15,00,,BELA VISTA ,65638899,(86)988638779,(  ),ALICIA.AZEVEDO98@OUTILOOK.COM,20231109082237,yago,20231109082237,yago,(86)999192671
1305,,5,653,U.B.S. 28/40,01717-01,,AV. PRINCIPAL ,03,,NOVO TEMPO ,65638899,(99)988242227,(  ),JANDISAMARA@GMAIL.COM,20231109082509,yago,20231109082509,yago,(99)988165151
1308,,5,624,U.B.S. BAIXAO DA LAGOA - MAE JOAQUINA,01720-01,,POV. BAIXAODA LAGOA,00,,Z. RURAL ,65970000,(99)988327640,(  ),UBSBAIXAODALAGOA16@GMAIL.COM,20231121141220,yago,20231121141124,yago,(  )
1306,,5,653,E.S.F 25 COCAIS,01718-01,,R. SAO BENTO ,00,,LOURIVAL ALMEIDA ,65638899,(86)988305700,(  ),IRENEPALUIS@HOTMAIL.COM ,20231128081858,thalyta,20231109082857,yago,(  )
1307,,5,653,E.S.F 41,01719-01,,POV. CAMPO GRANDE ,00,,Z. RURAL ,65638899,(98)981206300,(  ),NADJA.CVS@HOTMAIL.COM,20231128082051,thalyta,20231109083055,yago,(  )
1309,,0,653,E.S.F. 42,01721-01,,POV. 89,,,,65638899,(86)988815310,(  ),MICHELLESAMPAIO2508@GMAIL.COM,20231128084308,yago,20231128084308,yago,(  )
1310,,5,653,E.S.F. VILA DO BEC,01722-01,,R. 10,00,,VILA DO BEC,65605270,(86)988890170,(  ),NAYRATHALYTA1510@GMAIL.COM,20231201085005,yago,20231201085005,yago,(  )
1311,,113,653,U.B.S. PARQUE SAO FRANCISCO,01723-01,,R. 13 ,00,,CENTRO ,65605270,(11)956533662,(  ),GRACE.KELLY0702@GMAIL.COM ,20231201085336,yago,20231201085336,yago,(  )
412,,113,635,CENTRO DE SAÚDE SANTA BARBARA,00817-01,,Brasília/ AV. PRINCIPAL N-180 ,180,SANTA BARBARA,Cruzeiro de Santa Bárbara,65059817,(98)981803073,(  ),CSSANTAB@GMAIL.COM,20140131084051,thalyta,20190125122000,hiago,(98)988335460
1312,,5,515,U.B.S. MARCOS ANTONIO DO NASCIMENTO SILVA ,01724-01,,R. VELHA ,00,Z. RURAL ,POV. CENTRO DO PRIME,65765000,(99)991027827,(  ),AC.FEITOSA@OUTLOOK.COM,20240207084143,yago,20240207084143,yago,(  )
1313,,36,579,U.B.S. PARANA,01725-01,,AV. 02,00,,PARANA,65130000,(98)999920333,(  ),UBSPARANA004@GMAIL.COM ,20240216115050,yago,20240216115050,yago,(98)982523458
1314,,5,567,U.B.S. PASTORA SIQUEIRA DOS REIS,01726-01,,R. SAO JOAQUIM,00  ,,CENTRO,65850000,(98)987424682,(  ),UBSPASTORASIQUEIRAREIS@GMAIL.COM,20240222101924,thalyta,20240222101924,thalyta,(  )
1315,,5,570,U.B.S. DR JOAO CARLOS SERRA NETO ,01727-01,,R. HERMES DE ARAUJO,00,,CENTRO,65360000,(98)991908415,(  ),LAYANA_KELEN@HOTMAIL.COM,20240222102443,thalyta,20240222102443,thalyta,(  )
1299,,5,622,U.B.S. BELIZA COELHO LIMA,01711-01,,POV. CAJUEIRO,00,,Z. RURAL ,65550000,(98)984683538,(  ),COELHOBELIZA@GMAIL.COM,20240319083811,yago,20231018115457,yago,(98)984705804
1316,,5,659,U.B.S. SAO BENEDITO ,01728-01,,POV. SAO BENEDITO ,00,,Z. RURAL ,65580000,(98)98599697,(  ),RAVILASILVA15@GMAIL.COM,20240325124644,yago,20240325124644,yago,(86)94054868
1317,,5,659,U.B.S. ITAPERINHA ,01729-01,,POV. ITAPERINHA ,00,,Z. RURAL,65580000,(86)94462134,(  ),LILIAN.CALDASS@GMAIL.COM,20240325124818,yago,20240325124818,yago,(  )
1318,,5,659,U.B.S. PORTO DE AREIA II,01730-01,,R. 0 1,00,,CENTRO ,65580000,(85)998659789,(  ),TATIANESILVA.ENFERMEIRA@GMAIL.COM,20240325125000,yago,20240325125000,yago,(  )
1319,,5,537,U.B.S. VILA DIAMANTE,01731-01,,POV. VILA DIAMNTE,00,,Z. RURAL ,65345000,(98)988586089,(  ),,20240418110550,yago,20240418110550,yago,(98)984847155
1321,,113,633,U.B.S. SARNEY FILHO I,01734-01,,R. 03 ,00,,SARNEY FILHO I,65110000,(98)987672742,(  ),LUCIANE)MARIA@HOTMAIL.COM,20240422085204,yago,20240422085204,yago,(  )
1322,,36,633,U.B.S. SARNEY FILHO II,01735-01,,AV. MASCARENHAS DE MORAED,00,,VL SARNEY FILHO II,65110000,(98)988775358,(  ),,20240422085345,yago,20240422085345,yago,(98)982628480
1320,,0,499,U.B.S. IRAMAR RODRIGUES ,01732-01,,POV. HELENOPOLIS,00,,Z. RURAL ,65980000,(99)992295446,(  ),ENFERMEIRASUZANE@HOTMAIL.COM,20240422085616,yago,20240418112100,yago,(  )
1323,,5,633,U.B.S. VILA FLAMENGO ,01736-01,,R. DIAMANTE ,30,,VL FLAMENGO ,65110000,(98)982175057,(  ),LULUKA_SANTOS07@07HOTMAIL.COM ,20240422090044,yago,20240422090044,yago,(98)987072192
1324,,5,633,U.B.S. VILA SAO LUIS ,01737-01,,R. RIO GRANDE DO SUL,00,QD 07,VILA SAO LUIS ,65110000,(98)984398662,(  ),ORLEANDOFONSECA@HOTMAIL.COM ,20240422090222,yago,20240422090222,yago,(98)984441262
1325,,5,633,U.B.S. ALONSO COSTA ,01738-01,,AV. SOL NASCENTE ,00,,CENTRO,65110000,(98)986045322,(  ),ROSYKLEA@HOTMAIL.COM,20240422090429,yago,20240422090429,yago,(98)984318488
1326,,5,633,U.B.S. HONORIO GOMES,01739-01,,R. MAJOR PIROLA,,,CENTRO,65110000,(98)987256461,(  ),PAULA.BOTAO2024@GMAIL.COM,20240422090616,yago,20240422090616,yago,(98)983452766
1327,,5,633,U.B.S. JUCATUBA,01740-01,,AV. PRINCIPAL ,00,,JUCATUBA I,65110000,(98)996085433,(  ),ROSILEIDE.CASCAES@GMAIL.COM,20240422090758,yago,20240422090758,yago,(98)991015331
1328,,5,633,U.B.S. MIRITIUA,01741-01,,AV. GENERAL ARTHUR CARVALHO ,1040,,CENTRO,65110000,(98)987217851,(  ),,20240422091307,yago,20240422091307,yago,(98)992164504
1329,,5,633,U.B.S. NOVA AURORA,01742-01,,R. PROJETADA,02,,NOVA URORA ,65110000,(98)988581604,(  ),NANDA_GUTERRES@HOTMAIL.COM,20240422091445,yago,20240422091445,yago,(  )
1330,,5,633,U.B.S. PINDAI,01743-01,,R. JUSCELINO KUBSTICHECK,00,,CENTRO,65110000,(98)981932516,(  ),UBSPINDAI2023@GMAIL.COM,20240422091712,yago,20240422091712,yago,(  )
1331,,36,633,U.B.S. PITANGUEIRAS,01744-01,,AV. GENERAL ARTHUR CARVALHO ,00,,PICARREIRA,65110000,(98)985160022,(  ),UBSPITANGUEIRAS@GMAIL.COM,20240422091941,yago,20240422091941,yago,(  )
1332,,5,633,U.B.S. QUINTA,01745-01,,AV. TRINDADE ,00,,QUINTA,65110000,(98)984324525,(  ),FEMAYARA1312@GMAIL.COM,20240422092106,yago,20240422092106,yago,(  )
1333,,5,633,U.B.S. RECANTO VERDE,01746-01,,EST. DE SAO JOSE DE RIBAMR ,0,,PARAISO DAS ROSAS ,65110000,(98)985522835,(  ),NATHYPINHEIRO76@HOTMAIL.COM,20240422092256,yago,20240422092256,yago,(  )
1334,,5,633,U.B.S. SAO JOSE DOS INDIOS ,01747-01,,R. MARLENE MOROE,00,,SAO JOSE DOS INDIOS ,65110000,(98)981127992,(  ),ENFER.NAYARAMARTINS@GMAIL.COM,20240422092429,yago,20240422092429,yago,(  )
1335,,5,633,U.B.S. TURIUBA I ,01748-01,,R. ALBERTO MARQUIOLE,0,,TURIUBA IV,65110000,(98)987143149,(  ),CARLABIANCAROCHA1977@GMAIL.COM,20240422092608,yago,20240422092608,yago,(  )
1336,,5,633,U.B.S. TURIUBA II,01749-01,,R. ALBERTO MARQUIOLE,00,,TURIUBA 04,65110000,(98)987143149,(  ),CARLABIANCAROCHA1977@GMAIL.COM,20240422092737,yago,20240422092737,yago,(  )
1337,,5,633,U.B.S. VILA CAFETEIRA ,01750-01,,R. D,00,,VILA CAFETEIRA ,65110000,(98)988360313,(  ),CITA.PEREIRA@HOTMAIL.COM,20240422092904,yago,20240422092904,yago,(  )
1338,,5,633,U.B.S. JARDIM TROPICAL II,01751-01,,R.DA UNIAO ,00,,JD TROPICAL ,65110000,(98)981261033,(  ),ELIEDEDJESUS179@GMAIL.COM,20240422093157,yago,20240422093157,yago,(  )
1339,,5,633,U.B.S. JOTA LIMA,01752-01,,R. 13,00,,JOTA LIMA ,65110000,(98)984301761,(  ),ALE_DECA@ICLOUD.COM,20240422093337,yago,20240422093337,yago,(  )
1340,,5,633,U.B.S. KIOLA COSTA,01753-01,,R. PRINCESA FLORINE,140,,VILA KIOLA I,65110000,(98)984939370,(  ),JOYCEEBATISTA21@GMAIL.COM,20240422093524,yago,20240422093524,yago,(  )
1341,,5,633,U.B.S. SITIO DO APICUM,01754-01,,R. SAO SEBASTIAO ,00,,SITIO DO APICUM ,65110000,(98)984410661,(  ),UBSSITIODOAPICUM23@OUTLOOK.COM,20240422093649,yago,20240422093649,yago,(  )
1342,,5,633,U.B.S. SAO RAIMUNDO ,01755-01,,R.SAO JUDAS TADEU,17,,CENTRO,65110000,(98)989169842,(  ),CARLIANEENF@GMAIL.COM,20240422093806,yago,20240422093806,yago,(  )
1343,,5,633,U.B.S. VILA OPERARIA,01756-01,,R. 01 ,55,,VILA OPERARIA,65110000,(98)988727220,(  ),VILAOPERARIAUBS@GMAIL.COM,20240422094108,yago,20240422094108,yago,(  )
1344,,5,633,U.B.S. MAIOBINHA ,01757-01,,R.SAO SEBASTIAO ,00,,MAIOBINHA,65110000,(98)984477236,(  ),ESTELLA.RFURTADO@GMAIL.COM,20240422094222,yago,20240422094222,yago,(  )
1345,,5,633,U.B.S. JOTA CAMARA ,01758-01,,R. DO FIO,113,,JOTA CAMARA ,65110000,(98)987346290,(  ),LUCIANASUELE@GMAIL.COM,20240422094944,yago,20240422094944,yago,(  )
1346,,5,633,U.B.S. NOVA TERRA ,01759-01,,SIGNO DE CAPRICORNIO,00,,NOVA TERRA ,65110000,(98)987358715,(  ),ADRIANAFERREIRAENF2024@GMAIL.COM,20240422095214,yago,20240422095214,yago,(  )
1347,,5,633,U.B.S. DR. RAIMUNDO BALBINO ,01760-01,,EST. DE RIBAMAR,00,,VL DR JULINHO,65110000,(98)988330667,(  ),BIANCAOLIVEIRA2627@ICLOUD.COM,20240422095347,yago,20240422095347,yago,(  )
1348,,5,633,U.B.S. PANAQUATIRA,01761-01,,AV. PANAQUATIRA,00,,PANAQUATIRA,65110000,(98)988956946,(  ),VANNIAGSANTOS@GMAIL.COM,20240422100117,yago,20240422100117,yago,(  )
1349,,36,633,U.B.S. PARQUE JAIR,01762-01,,AV. ALONSO COSTA ,00,,PQ JAIR ,65110000,(98)988444421,(  ),UBSPARQUEJAIR1E2@GMAIL.COM,20240422100342,yago,20240422100342,yago,(  )
1350,,5,633,U.B.S. BOM JARDIM,01763-01,,R. SAO BERNARDO,00,,BOM JARDIM ,65110000,(98)991848975,(  ),UBS.BOMJARDIMSJR@GMAIL.COM,20240422100547,yago,20240422100547,yago,(  )
1351,,5,633,U.B.S. DA MATA,01764-01,,AV. TRINDADE,00,,MATA,65110000,(98)987913192,(  ),UBSDAMATA@GMAIL.COM,20240422100724,yago,20240422100724,yago,(  )
1352,,5,633,U.B.S. TRIZIDELA DA MAIOBA,01765-01,,R. SANTA LUZIA,00,,TRIZIDELA DA MAIOBA,65110000,(98)991010475,(  ),DENYTAJRA@HOTMAIL.COM,20240422103634,yago,20240422103634,yago,(  )
1353,,5,633,U.B.S. PARQUE VITORIA ,01766-01,,AV. JOSE SANTANA ,00,,CANUDOS,65110000,(98)992318469,(  ),KARLA_LIMA13@HOTMAIL.COM,20240422103757,yago,20240422103757,yago,(  )
1354,,5,633,U.B.S. GUARAPIRANGA,01767-01,,R. PRINCIPAL,00,,GUARAPIRANGA,65110000,(98)982774370,(  ),UBSGUARAPIRANGA@GMAIL.COM,20240422103921,yago,20240422103921,yago,(  )
1355,,5,633,U.B.S. PARQUE ARACAGY,01768-01,,R. 23,01,QD W,VILLAGE ARACAGY,65110000,(98)999477163,(  ),UBSPARQUEARAÇAGY2023@GMAIL.COM,20240422104147,yago,20240422104147,yago,(  )
1356,,5,633,U.B.S. COHATRAC V,01769-01,,R. 03,00,,COHATRAC V,65110000,(98)988554033,(  ),UBDCOHATRACV@OUTLOOK.COM,20240422104320,yago,20240422104320,yago,(  )
273,,113,633,HOSP.M. SAO JOSE DE RIBAMAR,00371-00,2458705,JOAO ALVES,S/N,,MOROPOIA,65110000,(98)981337355,(  ),SAATA1108@HOTMAIL.COM,20240422104832,yago,20170908095401,Implantação,(98)987339450
1358,,5,610,U.B.S. NAZARE,01771-01,,R. 12 DE OUTUBRO,00,,NAZARE,65763000,(99)985093621,(  ),PAULOTAFFBER57@GMAIL.COM,20240506075159,yago,20240506075159,yago,(  )
1359,,5,610,U.B.S. INGARANA,01772-01,,POV. INGARANA,00,,Z. RURAL ,65763000,(99)991031548,(  ),VITORIAJEMIMAENF@OUTLOOK.COM,20240506075746,yago,20240506075746,yago,(  )
1360,,5,653,U.B.S. 16/53,01773-01,,R. 21 ,00,,PEDRO PATRICIO ,65638899,(86)988535347,(  ),WALLESK.PIMENTEL@HOTMAIL.COM,20240528084912,yago,20240528084912,yago,(  )
1357,,5,633,U.B.S. JARDIM TROPICAL I,01770-01,,AV. PARAISO ,70,,JARDIM TROPICAL,65110000,(98)984201047,(  ),DUDU_25SILVA@HOTMAIL.COM,20240717151757,thalyta,20240422104701,yago,(  )
1362,,36,635,C. S. DIVINEIA ,01774-01,,AV. BRASIL ,00,,DIVINEIA ,65010000,(98)984279984,(  ),CSDIVINEIA@GMAIL.COM,20240724113629,thalyta,20240724113305,yago,(98)988712020
1363,,36,635,HOSP. DE REF. EST. DE A.C. DR° CARLOS MARCIEIRA,01775-01,,AV. JERONIMO DE ALBUQUERQUE,00,,CALHAU,65010000,(98)988384061,(  ),AADMINISTRATIVO@INSTITUTOACQUA.ORG.BR,20240911072105,yago,20240911072105,yago,(98)991964982
1361,,3,633,UNIDADE DE SAUDE  SEMUS,01776-01,,CLODOMIR CARDOSO ,SN,,MOROPOIA,65110000,(98)985431040,(  ),SAUDEDACRIANCASJR@GMAIL.COM,20240911072321,yago,20240715155213,cristiana,(  )
1364,,5,630,U.B.S. LAURO PEREIRA,01777-01,,R. DOMINGOS GONZAGA,00,,SAO SEBASTIAO ,65973000,(  ),(  ),,20240913095110,yago,20240913095110,yago,(  )
1365,,5,630,U.B.S. TRES BOCAS ,01787-01,,AV. MARCOS SILVA ,00,,VL HORACIO ,65973000,(  ),(  ),,20240913095207,yago,20240913095207,yago,(  )
1366,,5,630,U.B.S. PROJETO SAO PEDRO ,01779-01,,POVOADO ,00,,Z. RURAL,65973000,(  ),(  ),,20240913095305,yago,20240913095305,yago,(  )
1367,,5,630,U.B.S. OSVALDO CRUZ,01780-01,,POVOADO ,00,,Z. RURAL,65973000,(  ),(  ),,20240913095405,yago,20240913095405,yago,(  )
1368,,5,659,U.B.S. BOM GOSTO II ,01788-01,,POV. BOM GOSTO ,00,,Z. RURAL ,65580000,(  ),(  ),,20240924130603,yago,20240924130603,yago,(  )
1369,,5,659,U.B.S. BELEM,01789-01,,R. PRINCIPAL ,00,,BELEM ,65580000,(  ),(  ),,20240924130906,yago,20240924130906,yago,(  )
1370,,5,659,U.B.S. SERIEMA II,01790-01,,POV. SERIEMA ,00,,Z. RURAL,65580000,(  ),(  ),,20240924131012,yago,20240924131012,yago,(  )
1371,,5,659,U.B.S. LAGOINHA,01791-01,,POV. LAGOINHA ,00,,Z. RURAL ,65580000,(  ),(  ),,20240924131209,yago,20240924131209,yago,(  )
1372,,5,559,U.B.S. ANTONIO CAXIAS,01792-01,,POV. CASULO,00,,Z. RURAL,65289000,(98)970046289,(  ),ANAKARLASOUSAENF@GMAIL.COM,20241004070433,yago,20241004070433,yago,(98)984909737
1374,,5,655,U.B.S. ZACARIAS BATISTA ,01794-01,,R. 01 ,00,,CENTRO ,65398000,(  ),(  ),,20241007105025,yago,20241007105025,yago,(  )
1375,,5,655,U.B.S. POV. SERRA,01795-01,,"R, 01 ",00,,CENTRO,65398000,(  ),(  ),,20241007105129,yago,20241007105129,yago,(  )
1376,,5,655,U.B.S. JOSE PRAIANO,01796-01,,R. 01 ,00,,CENTRO,65398000,(  ),(  ),,20241007105218,yago,20241007105218,yago,(  )
1373,,5,655,U.B.S. DE AGUA BELA,01793-01,,R. 01 ,00,,CENTRO,65398000,(  ),(  ),,20241007134928,thalyta,20241007104930,yago,(  )
1378,,5,614,U.B.S. JACUNICAUA I ,01798-01,,R. 01 ,00,,Z. RURAL ,65272000,(99)981152580,(  ),,20241010090214,yago,20241010090214,yago,(  )
1379,,5,614,U.B.S. FRANCISCA FURTADO,01799-01,,AV. JEFFERSON MESQUITA ,00,,CENTRO,65272000,(99)999859012,(  ),,20241010090359,yago,20241010090359,yago,(  )
1380,,5,614,U.B.S. CIZINO,01800-01,,R. 01 ,00,,Z. RURAL ,65272000,(  ),(  ),,20241010090456,yago,20241010090456,yago,(  )
1382,,5,653,U.B.S. 30/31 - SAO BENEDITO,01802-01,,R. SAO JOSE ,462,,SAO BENEDITO ,65638899,(  ),(  ),,20241010092623,yago,20241010092623,yago,(  )
1381,,5,653,E.S.F. 43 / JOAO EMILIO FALCAO ,01801-01,,POV.CASTELO ,00,,Z. RURAL ,65638899,(86)988651173,(  ),,20241010092722,yago,20241010092420,yago,(  )
1383,,36,653,U.B.S. CIDADE NOVA,01803-01,,AV. 02,00,,CID. NOVA II,65638899,(86)994362502,(  ),,20241010092918,yago,20241010092918,yago,(  )
1384,,5,653,E.S.F. 29,01804-01,,R. RIQUEL SIMAO,550,,CENTRO,65638899,(86)999768482,(  ),,20241010093053,yago,20241010093053,yago,(  )
1385,,5,653,E.S.F. 49,01805-01,,POV. GARAPA,00,,Z. RURAL,65638899,(86)999052204,(  ),,20241010093222,yago,20241010093222,yago,(  )
1386,,5,653,U.B.S. BURITI CORTADO,01806-01,,POV. BURITI ,00,,Z. RURAL,65638899,(86)988315180,(  ),,20241010093344,yago,20241010093344,yago,(  )
1387,,5,653,U.B.S. BOA VISTA ,01807-01,,R. 03,00,,CONJ. BOA VISTA,65638899,(86)999558901,(  ),,20241010093743,yago,20241010093743,yago,(  )
1388,,5,653,E.S.F. 12 / SAO FRANCISCO ,01808-01,,R. 110,00,,CENTRO,65638899,(86)988476130,(  ),,20241010094237,yago,20241010094237,yago,(  )
1389,,5,653,U.B.S. MANGUEIRA ,01809-01,,R. 06 ,00,,SANTO ANTONIO ,65638899,(86)981380863,(  ),,20241010094421,yago,20241010094421,yago,(  )
1390,,5,653,U.B.S. 37,01810-01,,R. 08,00,ESC. PEDRO F. LOPES,CENTRO,65638899,(86)988538052,(  ),,20241010094552,yago,20241010094552,yago,(  )
1392,,5,653,U.B.S. 21 / MARIMAR,01812-01,,R. 12,00,,MARIMAR ,65638899,(86)994808540,(  ),,20241011114144,yago,20241011114144,yago,(  )
1391,,5,653,E.S.F. 38 - CAJUEIRO ,01811-01,,R. 01,00,,CAJUEIRO ,65638899,(86)988090061,(  ),,20241011114212,yago,20241010094913,yago,(  )
1393,,5,653,E.S.F. 46 / GAMELEIRA,01813-01,,R 01,00 ,,CENTRO,65638899,(86)999045413,(  ),,20241018125355,yago,20241018125355,yago,(  )
1394,,5,653,E.S.F. 48 / SAO BENEDITO,01814-01,,POV. SAO BENEDITO,00,,Z. RURAL,65638899,(86)988696925,(  ),,20241018125516,yago,20241018125516,yago,(  )
1395,,5,579,U.B.S. NOVA CANAA,01815-01,,R. DO ROUXINOL,00,,CANAA,65130000,(98)987457401,(  ),UBSNOVACANAA123@GMAIL.COM,20241106110959,yago,20241106110959,yago,(  )
1396,,5,567,U.B.S. LEONEZA RODRIGUES LIMA,01816-01,,POV.SANHARO ,00,,Z.RURAL,65850000,(99)984090114,(  ),ABMIRADOR10@GMAIL.COM,20241118104116,yago,20241118104116,yago,(  )
1397,,5,567,U.B.S. CANTO DA LAGOA,01817-01,,POV. CANTO DA LAGOA,00,,Z. RURAL,65850000,(99)984797095,(  ),ABMIRADOR21@GMAIL.COM,20241118104334,yago,20241118104334,yago,(  )
1398,,5,567,U.B.S. MATIAS GOMES CORREIA,01818-01,,POV. LISO ,00,,Z. RURAL,65850000,(  ),(  ),UBSMATIASGOMESCORREIA@OUTLO.COM,20241118104537,yago,20241118104537,yago,(  )
1399,,5,567,U.B.S. MOSQUITO,01819-01,,POV. MOSQUITO ,00,,Z. RURAL,65850000,(99)985430003,(  ),ABMIRADOR21@GMAIL.COM,20241122123133,yago,20241122123025,yago,(  )
1400,,5,653,U.B.S. URBANO MARTINS,01820-01,,POV. SANTA RITA ,00,,Z. RURAL,65638899,(  ),(  ),,20241122123700,yago,20241122123700,yago,(  )
1401,,5,653,E.S.F. 33 MATEUZINHO,01821-01,,R. 700,460,,MATEUZINHO,65638899,(  ),(  ),,20241122143003,thalyta,20241122123903,yago,(  )
1402,,5,653,U.B.S. 44 - MONTEIRO,01822-01,,POV. MOMTEIRO ,00,Z. RURAL,,65638899,(86)988585901,(  ),,20241127121949,yago,20241127121949,yago,(  )
1403,,5,492,U.B.S. SANTO ANTONIO DO NAPOLEAO,01823-01,,R. PRINCIPAL ,00 ,,POV. SANTO ANTONIO NAPOLEAO,65165000,(98)992132250,(  ),LAURA_ENFERMEIRA26@OUTLOOK.COM,20250205121338,yago,20250205121338,yago,(98)984650072
1404,,5,622,U.B.S.F NOVA ESPERANCA,01824-01,,POV. NOVA ESPERANCA,  00,,Z. RURAL,65550000,(98)984693647,(  ),RAINYLIMA210393@GMAIL.COM,20250214103828,thalyta,20250210113943,yago,(  )
1405,,5,608,U.B.S. CIDADE NOVA,01825-01,,R. ORLANDO AQUINO,0,,CID. NOVA,65150000,(98)984355907,(  ),SFRANCIANE293@GMAIL.COM,20250220084059,yago,20250220084059,yago,(  )
1406,,5,608,U.B.S. SAO JOAO DO ROSARIO,01826-01,,R. SANTO ANTONIO,00,,SAO JOAO DO ROSARIO,65150000,(98)991147958,(  ),JOSEFRANCISCOCOSTA1245@GMAIL.COM,20250220084310,yago,20250220084310,yago,(  )
1407,,5,608,U.B.S. SAO MIGUEL ,01827-01,,R. MARIA COSTA MONTEIRO ,00,,CENTRO,65150000,(98)991933771,(  ),ROSANGELAPEREIRAMARTINS76@GMAIL.COM,20250220084820,yago,20250220084820,yago,(  )
1408,,5,492,U.B.S. SAO JOSE DOS LOPES,01828-01,,R. 01 ,00 ,,CENTRO,65165000,(98)985654576,(  ),,20250225105639,yago,20250225105639,yago,(  )
1409,,5,656,U.B.S. FREI DIONISIO GUERRA ,01829-01,,R. ARISTON LEDA,00,,CENTRO,65763000,(99)991457739,(  ),,20250225110047,yago,20250225110047,yago,(  )
1410,,5,514,U.B.S. CIDADE NOVA,01830-01,,VIA CARAJAS,,BR 010,LOT. CID. NOVA,65918000,(99)991298836,(  ),,20250227104646,yago,20250227104646,yago,(  )
1411,,5,514,U.B.S. UNIAO,01831-01,,R. JOSE BONIFACIO,00,,UNIAO ,65918000,(  ),(  ),,20250227105625,yago,20250227105625,yago,(  )
1412,,36,596,U.B.S. TANCREDO NEVES,01832-01,2308037,AV. ISRAEL GONCALVES,00,,CENTRO,65740000,(  ),(  ),,20250228070006,yago,20250228070006,yago,(  )
1413,,5,518,U.B.S. NEUTON COELHO,01833-01,,R. B.,LT 17,QD 17,CENTRO,65975000,(99)992234762,(  ),,20250311070154,yago,20250311070154,yago,(  )
1414,,5,518,U.B.S. JOSE DA SILVA IRMAO,01834-01,,ASSENT. BREJO DA ILHA,00,,Z. RURAL,65975000,(63)992289713,(  ),MARIAEDUARDAFERNANDESPEDROSA@GMAIL.COM,20250311070400,yago,20250311070400,yago,(  )
1415,,5,468,U.B.S. SEDE,01835-01,,R. ADELINO FONTOURA,00,,CENTRO,65148000,(  ),(  ),ROSARIOALMEIDA88@GMAIL.COM,20250312070652,yago,20250312070652,yago,(  )
1416,,5,605,U.B.S. MARESIA,01836-01,,R. DOS PARGOS,000,,VL MARESIA,65138000,(98)988180558,(  ),MYRLLANINA24@GMAIL.COM,20250312071238,yago,20250312071054,yago,(98)984566530
1417,,5,517,U.B.S. DR. EDVILSON AMORIM BRUCE,01837-01,,R. GENESIO CARVALHO ,1029,,CENTRO,65750000,(99)988383901,(  ),APCARLA88@GMAIL.COM,20250313112005,thalyta,20250312145403,yago,(99)999343466
204,,113,579,U.B.S. NOSSA SRA DA LUZ,00731-01,2531038,VICENTE MAIA,S/N,,CENTRO,     ,(  ),(  ),ritasilva72@gmail.com,20250321125355,thalyta,20170908095401,Implantação,(  )
1418,,5,579,U.B.S. MOJO,01838-01,,R. PRINCIPAL ,00,,MOJO,65130000,(98)984890363,(  ),LAYANE.GOMESREIS@GMAIL.COM,20250409094549,thalyta,20250408093340,yago,(  )
1419,,5,579,U.B.S. VILA SAO JOSE,01839-01,,AV. JUSCELINO RESENDE ,00,,VL SAO JOSE ,65130000,(98)988537070,(  ),THAI_FERNANDA@HOTMAIL.COM,20250408095805,yago,20250408095805,yago,(98)981509128
1075,,5,579,U.B.S. MAIOBAO,01488-01,,AV.13 ,00,,MAIOBAO,65130000,(98)987156349,(  ),ubsmaiobaopaco@gmail.com,20250408162140,cristiana,20210922094507,yago,(98)988115521
1421,,5,579,U.B.S. PINDOBA,01840-01,,R. PRINCIPAL ,00,,PINDOBA,65130000,(98)987511774,(  ),,20250409100209,thalyta,20250409082921,yago,(  )
1422,,5,568,U.B.S.SANTA BARBARA 03,01841-01,,RUA  SAO PEDRO SN,,,SANTA BARBARA,65495000,(98)989259557,(  ),ERIKALESSA14@ICIOUD.COM,20250409153713,cristiana,20250409153713,cristiana,(  )
1423,,6,489,U.B.S.JALDO PEREIRA  CRUZ,1842-01,,TRAVESSA  DAS  VIOLETAS,,,,65685000,(99)988432467,(  ),ENNYAJ@HOTMAIL.COM,20250409155110,cristiana,20250409155110,cristiana,(  )
1424,,0,465,U.B.S.CANA BRAVA,1843-01,,POVOADO CANA  BRAVA,,,,65570000,(98)985043443,(  ),AMANDA2009@HOTMAIL.COM,20250409155601,cristiana,20250409155601,cristiana,(  )
